team_size,rank_tier,min_rank,max_rank,is_win,day_of_week,date,server_region,player_goals,player_saves,player_shots,player_assists,player_score,player_boost_avg,player_boost_bpm,player_boost_bcpm,player_boost_percent_0_25,player_boost_percent_75_100,player_movement_avg_speed,player_movement_total_distance,player_movement_time_supersonic,player_movement_time_slow,player_positioning_avg_distance_to_ball,player_positioning_time_defensive,player_positioning_time_offensive,player_demos_inflicted,player_demos_taken,camera_fov,camera_height,camera_pitch,camera_distance,camera_stiffness,camera_swivel_speed,camera_transition_speed,games_already_played
3,17.0,14.0,17.0,1,Friday,2021-02-19 23:11:32-06:00,USE,2,0,3,1,414,46.68,423,418.96036,39.23083,24.483856,1510,361239,54.58,139.79,3498,202.88,68.42,1,0,110,110,-3,280,0.45,10.0,1.7,0
3,17.0,17.0,17.0,1,Friday,2021-02-26 09:30:07-06:00,USE,1,3,2,0,536,57.36,407,410.77225,23.005058,28.436123,1498,687581,75.83,226.95,2898,283.48,184.72,2,0,110,110,-3,280,0.45,10.0,1.7,0
3,17.0,17.0,18.0,1,Friday,2021-02-26 14:38:47-06:00,USE,2,0,3,0,274,48.98,396,393.46567,30.770933,17.0347,1495,249156,26.19,94.43,2896,95.48,87.05,0,0,110,110,-3,280,0.45,10.0,1.7,1
3,16.0,15.0,16.0,0,Thursday,2021-03-11 16:25:04-06:00,USE,2,3,3,0,562,48.07,368,408.60388,37.70113,24.799204,1392,504070,33.75,227.87,2702,264.01,120.92,0,2,110,110,-3,280,0.45,10.0,1.7,0
3,16.0,15.0,16.0,0,Saturday,2021-03-13 22:00:39-06:00,NaN,0,2,2,0,226,51.27,381,384.40375,38.02716,28.281319,1515,470126,55.16,156.54,3032,216.19,105.62,1,1,110,110,-3,280,0.45,10.0,1.7,0
3,NaN,17.0,17.0,0,Sunday,2021-03-28 04:19:05-06:00,NaN,0,3,1,1,457,49.44,409,405.11145,31.339201,23.97081,1497,491295,39.09,168.99,3020,254.61,96.14,2,1,110,110,-3,280,0.45,10.0,1.7,0
3,17.0,NaN,17.0,0,Thursday,2021-05-20 20:29:19-06:00,NaN,0,1,0,0,112,50.45,410,439.42545,34.71431,28.57847,1458,457984,45.23,160.59,3077,224.15,102.11,0,0,110,110,-3,280,0.45,10.0,1.7,0
3,19.0,8.0,19.0,1,Wednesday,2021-08-18 20:56:46-06:00,NaN,1,0,3,1,248,55.21,441,467.1005,25.108488,33.170918,1498,182477,16.96,70.8,3194,64.84,68.42,0,0,110,110,-3,280,0.45,10.0,1.7,0
3,18.0,18.0,18.0,1,Monday,2021-09-13 13:40:56-06:00,USW,2,1,2,0,364,50.53,431,450.97433,34.033203,25.008137,1496,513203,48.15,189.8,2683,237.22,139.04,1,0,110,110,-3,280,0.45,10.0,1.7,0
3,18.0,18.0,18.0,1,Saturday,2021-09-25 09:00:21-06:00,NaN,0,3,0,1,388,48.4,375,401.6607,43.561295,22.483143,1472,423593,51.53,158.74,2807,181.39,121.75,0,0,110,110,-3,280,0.45,10.0,1.7,0
3,18.0,18.0,18.0,1,Tuesday,2021-11-30 08:02:57-06:00,USE,1,1,1,1,316,55.98,384,400.7388,27.232452,33.95587,1416,460215,42.98,200.98,3013,264.01,89.05,2,0,110,110,-3,280,0.45,10.0,1.7,0
3,18.0,18.0,18.0,1,Thursday,2021-12-02 15:09:56-06:00,USE,2,4,5,0,693,47.57,399,434.27188,41.25636,20.979872,1472,582490,56.46,218.98,2712,248.98,170.56,0,1,110,110,-3,280,0.45,10.0,1.7,0
3,18.0,16.0,18.0,0,Thursday,2021-12-02 15:51:31-06:00,NaN,0,0,0,0,20,48.89,453,438.99048,44.989677,15.64237,1497,180553,14.5,70.6,3134,115.88,23.56,0,2,110,110,-3,280,0.45,10.0,1.7,1
2,17.0,17.0,19.0,1,Friday,2021-12-03 17:47:59-06:00,NaN,2,2,5,1,528,53.43,518,548.7414,28.72661,25.943024,1497,525709,55.29,173.94,2545,224.39,152.08,1,2,110,110,-3,280,0.45,10.0,1.7,0
3,18.0,18.0,18.0,1,Sunday,2021-12-12 19:36:08-06:00,USE,2,0,4,2,456,50.09,326,354.1519,29.934776,25.870525,1470,508225,37.21,205.58,3436,222.64,153.21,0,0,110,110,-3,280,0.45,10.0,1.7,0
3,18.0,18.0,18.0,1,Monday,2021-12-20 04:28:23-06:00,USE,0,2,0,1,214,48.49,398,390.0929,35.62219,20.893553,1553,503701,59.96,160.25,2957,182.3,157.09,1,0,110,110,-3,280,0.45,10.0,1.7,0
3,18.0,17.0,18.0,1,Saturday,2021-12-25 02:54:53-06:00,USE,2,0,2,0,336,48.52,355,367.43658,36.520107,24.68266,1476,469353,48.28,174.75,3075,222.22,116.88,0,1,110,110,-3,280,0.45,10.0,1.7,0
3,19.0,19.0,19.0,1,Monday,2021-12-27 09:06:19-06:00,NaN,1,2,4,1,356,50.89,437,469.88867,35.254826,21.68837,1553,516311,76.54,184.21,3579,231.7,134.0,1,5,110,110,-3,280,0.45,10.0,1.7,0
3,19.0,18.0,19.0,1,Monday,2021-12-27 11:25:10-06:00,NaN,3,0,5,0,523,45.97,377,371.16583,26.56748,18.175028,1568,507947,64.35,163.81,3088,236.32,114.4,1,0,110,110,-3,280,0.45,10.0,1.7,1
3,19.0,19.0,19.0,1,Monday,2021-12-27 11:34:18-06:00,NaN,0,1,4,3,319,48.97,386,404.2375,31.745094,20.079906,1505,581135,70.65,222.99,3182,256.04,160.97,0,0,110,110,-3,280,0.45,10.0,1.7,2
3,NaN,19.0,19.0,1,Monday,2021-12-27 11:43:55-06:00,NaN,2,0,5,0,372,56.42,430,451.53497,26.787952,32.54458,1502,601514,72.23,212.66,3264,240.31,182.68,2,0,110,110,-3,280,0.45,10.0,1.7,3
3,19.0,17.0,19.0,0,Thursday,2022-01-27 19:14:28-06:00,NaN,2,2,2,0,493,48.76,444,467.94226,35.90524,25.266552,1496,553765,61.34,197.44,2772,253.83,139.07,1,1,110,110,-3,280,0.45,10.0,1.7,0
3,19.0,19.0,19.0,1,Friday,2022-01-28 12:15:55-06:00,NaN,1,2,2,0,366,48.23,401,429.1735,34.032406,27.45346,1519,514244,69.01,177.97,2839,224.06,133.3,2,1,110,110,-3,280,0.45,10.0,1.7,0
3,19.0,19.0,19.0,1,Saturday,2022-01-29 18:49:56-06:00,NaN,1,2,2,2,414,48.8,353,357.9736,37.123573,27.850246,1474,464121,57.68,174.82,2823,200.4,135.89,0,3,110,110,-3,280,0.45,10.0,1.7,0
3,NaN,19.0,19.0,1,Thursday,2022-02-03 19:38:13-06:00,USE,0,0,2,0,96,56.52,455,470.56668,22.19654,35.454437,1498,478236,62.56,169.37,2787,211.25,124.94,0,1,110,110,-3,280,0.45,10.0,1.7,0
3,18.0,16.0,19.0,1,Friday,2022-02-04 22:13:57-06:00,USE,1,2,2,1,470,47.02,374,389.81262,38.10337,24.386755,1403,613600,57.31,269.12,3362,291.81,183.16,1,1,110,110,-3,280,0.45,10.0,1.7,0
3,19.0,18.0,19.0,0,Wednesday,2022-02-09 09:31:18-06:00,USE,0,2,1,0,155,61.67,236,319.8477,20.137135,43.770966,1405,448829,27.55,212.68,3370,252.58,94.73,0,2,110,110,-3,280,0.45,10.0,1.7,0
3,19.0,19.0,19.0,1,Sunday,2022-02-13 12:01:34-06:00,NaN,0,1,1,0,120,60.8,392,379.08624,21.506697,38.204643,1326,404727,43.88,187.66,2832,204.27,104.99,0,1,110,110,-3,280,0.45,10.0,1.7,0
3,NaN,19.0,19.0,0,Sunday,2022-02-13 12:09:07-06:00,USE,0,2,1,0,272,51.29,405,435.64966,37.730827,20.894499,1425,491470,59.63,197.2,3463,248.77,119.51,0,2,110,110,-3,280,0.45,10.0,1.7,1
3,19.0,19.0,19.0,1,Wednesday,2022-02-16 14:19:32-06:00,NaN,0,2,2,1,343,48.45,364,363.64413,41.20412,25.462543,1347,619151,57.74,288.83,2754,330.69,151.81,2,0,110,110,-3,280,0.45,10.0,1.7,0
3,18.0,18.0,18.0,0,Thursday,2022-04-21 01:54:23-06:00,NaN,0,0,1,0,38,55.87,283,326.7868,27.849596,29.929785,1315,188295,6.9,95.14,2506,120.5,36.39,0,0,110,110,-3,280,0.45,10.0,1.7,0
3,18.0,18.0,19.0,1,Saturday,2022-04-23 10:14:12-06:00,NaN,2,0,3,0,376,54.67,377,410.893,33.122066,34.498398,1502,525925,53.32,196.98,2990,268.64,122.27,1,0,110,110,-3,280,0.45,10.0,1.7,0
3,19.0,19.0,19.0,1,Sunday,2022-04-24 09:21:44-06:00,NaN,1,3,2,1,581,49.2,337,324.4498,36.450832,21.909494,1381,435345,29.98,204.55,3036,245.06,86.61,0,1,110,110,-3,280,0.45,10.0,1.7,0
3,19.0,19.0,19.0,0,Tuesday,2022-05-10 19:59:38-06:00,USE,0,0,1,0,58,49.76,366,363.6445,32.143326,24.784266,1418,300440,24.08,128.2,3168,147.08,90.6,0,1,110,110,-3,280,0.45,10.0,1.7,0
3,18.0,18.0,18.0,0,Friday,2022-05-20 03:18:44-06:00,USE,0,1,3,0,196,48.56,266,287.0616,27.524895,26.855865,1375,427278,22.85,201.99,2578,202.78,126.23,0,0,110,110,-3,280,0.45,10.0,1.7,0
3,19.0,18.0,19.0,1,Sunday,2022-06-19 04:50:25-06:00,USE,1,2,3,1,362,53.96,338,356.57626,35.309063,26.1015,1440,444639,31.35,176.51,3217,233.28,94.18,0,4,110,110,-3,280,0.45,10.0,1.7,0
3,19.0,19.0,19.0,1,Friday,2022-06-24 12:23:53-06:00,USE,1,0,6,1,380,51.19,326,328.7044,26.679598,23.552229,1391,443019,28.13,204.78,3143,231.22,107.08,1,1,110,110,-3,280,0.45,10.0,1.7,0
3,19.0,19.0,19.0,1,Saturday,2022-07-09 00:37:26-06:00,USW,1,2,2,0,424,54.25,347,388.18887,33.542145,22.576769,1387,466255,32.74,214.37,3066,243.01,119.35,0,0,110,110,-3,280,0.45,10.0,1.7,0
3,18.0,18.0,19.0,0,Monday,2022-07-18 08:04:37-06:00,USE,0,1,3,0,198,43.4,407,417.9167,45.908012,18.902075,1535,504665,57.9,160.02,2848,235.26,116.61,1,0,110,110,-3,280,0.45,10.0,1.7,0
3,19.0,19.0,19.0,0,Tuesday,2022-07-26 22:39:27-06:00,NaN,0,0,0,0,60,53.3,381,402.3362,33.64864,19.581482,1515,468406,50.12,172.12,3544,223.85,116.17,0,0,110,110,-3,280,0.45,10.0,1.7,0
3,19.0,18.0,19.0,1,Tuesday,2022-08-09 06:39:42-06:00,NaN,1,3,2,2,544,51.68,395,404.30582,23.757692,25.91638,1450,458894,46.66,188.26,2939,235.3,105.04,0,1,110,110,-3,280,0.45,10.0,1.7,0
3,19.0,19.0,19.0,0,Friday,2022-08-12 08:48:11-06:00,USE,2,1,8,0,396,42.54,530,578.8565,46.919205,16.345383,1639,474157,77.98,132.65,2890,190.95,128.05,1,0,110,110,-3,280,0.45,10.0,1.7,0
3,19.0,19.0,19.0,1,Sunday,2022-08-14 16:02:16-06:00,USE,1,1,2,1,348,47.85,459,443.9625,36.85901,17.277975,1529,594130,77.34,192.72,2761,279.88,130.92,1,1,110,110,-3,280,0.45,10.0,1.7,0
3,19.0,19.0,19.0,0,Tuesday,2022-08-16 12:02:24-06:00,USW,0,3,1,0,402,47.57,334,351.84933,32.90199,20.274794,1326,776123,62.53,377.69,2638,430.48,172.76,1,0,110,110,-3,280,0.45,10.0,1.7,0
3,19.0,19.0,19.0,0,Friday,2022-08-19 11:04:10-06:00,USE,1,1,3,0,298,43.68,438,438.38083,37.507442,20.525375,1644,481288,74.46,127.14,3084,199.46,109.26,0,1,110,110,-3,280,0.45,10.0,1.7,0
3,19.0,19.0,19.0,1,Saturday,2022-09-24 19:39:02-06:00,USE,0,3,1,0,287,61.73,278,316.38257,18.66641,42.409084,1416,485100,50.98,218.24,3155,256.17,121.31,1,0,110,110,-3,280,0.45,10.0,1.7,0
3,19.0,18.0,19.0,1,Sunday,2022-09-25 15:37:29-06:00,USW,2,3,4,1,631,44.76,351,361.95258,35.51775,17.0888,1403,521543,46.35,221.86,2746,266.36,138.99,0,1,110,110,-3,280,0.45,10.0,1.7,0
3,19.0,19.0,19.0,1,Monday,2022-09-26 23:18:18-06:00,USW,1,2,2,0,344,49.25,310,335.67865,32.273136,29.041302,1353,424767,37.71,215.34,2721,205.12,129.49,0,0,110,110,-3,280,0.45,10.0,1.7,0
3,NaN,17.0,19.0,0,Tuesday,2022-09-27 01:14:45-06:00,USE,0,0,1,1,154,52.62,247,271.28098,31.120747,22.757597,1335,420706,33.93,225.38,3096,235.9,107.5,1,1,110,110,-3,280,0.45,10.0,1.7,1
3,NaN,18.0,19.0,1,Tuesday,2022-09-27 01:22:00-06:00,USE,0,1,0,1,209,52.52,271,282.58173,23.991962,33.81715,1329,407693,20.25,199.34,2721,224.17,93.4,1,1,110,110,-3,280,0.45,10.0,1.7,2
3,19.0,18.0,19.0,1,Sunday,2022-10-23 21:41:19-06:00,USE,1,3,3,1,504,51.59,348,361.38437,25.376158,24.56036,1500,538894,59.61,200.14,2717,235.55,146.75,0,0,110,110,-3,280,0.45,10.0,1.7,0
3,18.0,18.0,19.0,1,Friday,2022-10-28 22:24:32-06:00,USW,0,0,4,2,308,45.48,301,303.9598,33.407223,20.346685,1441,633998,55.71,250.11,3050,298.1,167.41,2,2,110,110,-3,280,0.45,10.0,1.7,0
3,19.0,17.0,19.0,0,Monday,2022-11-07 21:35:15-06:00,USE,0,1,0,0,155,47.14,334,337.47076,36.72803,24.690592,1404,443494,36.12,190.34,2910,215.75,123.12,1,4,110,110,-3,280,0.45,10.0,1.7,0
3,NaN,18.0,19.0,0,Wednesday,2022-11-09 19:36:54-06:00,NaN,0,2,2,1,402,48.64,339,322.5605,35.470547,21.420856,1330,606770,51.67,286.4,2741,311.57,170.74,0,3,110,110,-3,280,0.45,10.0,1.7,0
3,NaN,19.0,19.0,0,Wednesday,2022-11-09 19:43:53-06:00,USE,2,0,3,0,286,45.73,314,341.07367,35.873856,16.15611,1435,402668,33.79,178.68,2820,207.13,104.01,0,2,110,110,-3,280,0.45,10.0,1.7,1
3,19.0,19.0,19.0,0,Thursday,2022-11-10 17:35:06-06:00,USE,0,2,1,0,248,52.8,285,297.4614,24.922802,33.361984,1443,441775,51.22,172.07,2557,192.81,122.71,0,0,110,110,-3,280,0.45,10.0,1.7,0
3,19.0,19.0,19.0,0,Saturday,2022-11-12 16:45:28-06:00,USE,0,2,0,0,318,53.83,402,397.53436,35.58227,28.087526,1492,464872,60.55,156.85,2547,253.71,71.43,1,0,110,110,-3,280,0.45,10.0,1.7,0
3,NaN,17.0,19.0,1,Saturday,2022-11-12 16:51:51-06:00,USE,1,0,2,0,246,44.81,398,431.85648,43.437458,16.22731,1586,491775,71.65,147.83,2871,211.72,114.31,1,0,110,110,-3,280,0.45,10.0,1.7,1
3,19.0,19.0,19.0,1,Saturday,2022-11-12 21:45:56-06:00,USE,0,0,0,0,2,61.71,413,669.00287,26.606337,40.422325,1494,44262,6.0,21.6,2950,24.44,12.8,0,0,110,110,-3,280,0.45,10.0,1.7,2
3,19.0,18.0,19.0,1,Monday,2022-11-14 19:29:00-06:00,USE,1,2,2,0,322,57.21,321,367.35834,27.842398,31.68504,1439,454521,34.36,185.66,2822,215.95,115.53,3,1,110,110,-3,280,0.45,10.0,1.7,0
3,19.0,18.0,19.0,0,Monday,2022-11-14 19:48:16-06:00,USE,1,0,1,1,318,54.54,337,328.91876,32.238026,31.73585,1375,451910,27.57,213.16,2813,237.5,116.12,0,0,110,110,-3,280,0.45,10.0,1.7,1
3,19.0,18.0,19.0,1,Monday,2022-11-14 20:10:34-06:00,USE,3,3,4,1,748,53.16,372,377.53616,23.78609,32.180344,1430,483110,38.27,199.19,2668,255.01,114.56,0,2,110,110,-3,280,0.45,10.0,1.7,2
3,NaN,19.0,19.0,0,Monday,2022-11-14 20:45:04-06:00,USE,0,1,1,0,140,54.22,298,322.8197,18.300415,39.7415,1323,410409,26.44,217.37,3078,188.21,149.91,0,0,110,110,-3,280,0.45,10.0,1.7,3
3,19.0,19.0,19.0,1,Thursday,2022-11-17 01:26:35-06:00,USE,2,1,5,0,381,54.46,265,275.844,22.67449,31.072336,1274,425337,26.94,243.15,2599,209.82,135.77,0,3,110,110,-3,280,0.45,10.0,1.7,0
3,NaN,18.0,18.0,1,Thursday,2022-11-17 04:11:49-06:00,USE,2,4,3,0,617,50.79,319,315.78946,29.859543,21.61841,1326,542532,37.24,263.22,2598,304.66,128.31,1,0,110,110,-3,280,0.45,10.0,1.7,1
3,NaN,19.0,19.0,1,Thursday,2022-11-17 04:12:04-06:00,USE,2,4,3,0,617,50.56,319,314.21555,29.889282,21.585413,1330,543697,37.07,262.86,2609,305.5,128.43,1,0,110,110,-3,280,0.45,10.0,1.7,2
3,19.0,17.0,19.0,1,Thursday,2022-11-17 04:12:05-06:00,USE,2,4,3,0,617,50.59,320,315.59335,29.929848,21.576899,1328,543882,37.07,262.62,2590,305.04,128.21,1,0,110,110,-3,280,0.45,10.0,1.7,3
3,19.0,19.0,19.0,0,Friday,2022-11-18 19:39:04-06:00,USE,1,1,2,0,232,42.38,308,332.3583,37.997097,20.162266,1438,465399,55.66,191.87,2751,223.14,119.6,2,0,110,110,-3,280,0.45,10.0,1.7,0
3,NaN,20.0,20.0,1,Tuesday,2022-11-22 04:47:23-06:00,USE,1,0,1,0,217,51.41,412,422.53522,28.073383,25.927301,1492,495052,55.7,170.77,2751,211.57,139.41,0,0,110,110,-3,280,0.45,10.0,1.7,0
3,19.0,19.0,20.0,1,Tuesday,2022-11-22 04:47:26-06:00,USE,1,0,1,0,217,51.41,412,420.35526,28.068922,25.931536,1501,499014,57.71,170.84,2761,212.48,140.3,0,0,110,110,-3,280,0.45,10.0,1.7,1
3,19.0,19.0,20.0,1,Tuesday,2022-11-22 04:47:30-06:00,USE,1,0,1,0,217,51.41,412,420.5032,28.081505,25.886654,1501,499006,57.5,170.44,2768,212.1,140.56,0,0,110,110,-3,280,0.45,10.0,1.7,2
3,NaN,20.0,20.0,1,Tuesday,2022-11-22 04:55:45-06:00,USE,1,1,1,0,309,46.42,365,389.73303,32.079964,18.213533,1548,531749,78.52,176.61,2874,255.2,111.78,0,0,110,110,-3,280,0.45,10.0,1.7,3
3,NaN,20.0,20.0,0,Tuesday,2022-11-22 05:05:53-06:00,USE,1,1,2,0,278,45.06,327,321.3256,41.701656,22.301699,1409,470598,41.43,215.4,2788,256.75,101.02,0,1,110,110,-3,280,0.45,10.0,1.7,4
3,19.0,19.0,20.0,0,Tuesday,2022-11-22 05:05:53-06:00,USE,1,1,2,0,278,45.06,327,321.34433,41.66208,22.306868,1408,470627,41.58,215.65,2779,256.71,101.05,0,1,110,110,-3,280,0.45,10.0,1.7,5
3,NaN,19.0,19.0,1,Tuesday,2022-11-22 05:13:24-06:00,USE,2,1,5,1,469,43.06,348,342.0534,29.884956,17.396877,1438,459890,43.48,196.12,2960,216.11,131.04,0,2,110,110,-3,280,0.45,10.0,1.7,6
3,NaN,19.0,20.0,1,Tuesday,2022-11-22 05:13:24-06:00,USE,2,1,5,1,469,43.06,348,342.0534,29.90462,17.377048,1438,459867,43.58,196.4,2959,216.25,131.07,0,2,110,110,-3,280,0.45,10.0,1.7,7
3,NaN,19.0,20.0,0,Tuesday,2022-11-22 05:22:46-06:00,USW,0,1,4,1,208,53.69,352,395.54285,27.994158,28.876225,1411,464715,43.22,201.17,3103,217.06,139.99,0,2,110,110,-3,280,0.45,10.0,1.7,8
3,NaN,20.0,20.0,1,Tuesday,2022-11-22 05:31:58-06:00,USE,2,0,3,3,557,49.94,295,291.34344,29.18783,23.230158,1419,505960,53.46,249.76,2894,287.19,120.4,0,0,110,110,-3,280,0.45,10.0,1.7,9
3,19.0,19.0,19.0,0,Thursday,2022-11-24 02:12:58-06:00,USE,1,1,2,0,289,50.1,415,446.9576,29.731438,21.589445,1481,501510,69.06,202.09,3322,243.99,129.98,1,1,110,110,-3,280,0.45,10.0,1.7,0
3,19.0,19.0,19.0,0,Sunday,2022-11-27 03:17:36-06:00,USE,0,3,0,0,320,51.24,421,440.22824,31.796986,25.345465,1567,516283,66.39,177.31,2888,231.79,133.64,0,1,110,110,-3,280,0.45,10.0,1.7,0
3,19.0,19.0,19.0,0,Tuesday,2022-11-29 12:50:36-06:00,USE,2,1,4,0,404,54.51,299,341.65775,26.815298,37.64706,1483,418670,36.76,160.26,2951,189.31,115.64,0,3,110,110,-3,280,0.45,10.0,1.7,0
3,19.0,18.0,19.0,1,Tuesday,2022-12-06 17:59:43-06:00,USE,0,0,0,0,78,58.07,347,382.6448,16.13789,31.759237,1461,490876,56.11,208.36,2812,211.11,160.66,1,1,110,110,-3,280,0.45,10.0,1.7,0
3,19.0,18.0,19.0,1,Tuesday,2022-12-06 17:59:45-06:00,USE,0,0,0,0,78,58.16,346,382.2535,16.142084,31.776335,1462,490881,55.81,208.81,2803,211.49,160.83,1,1,110,110,-3,280,0.45,10.0,1.7,1
3,NaN,18.0,19.0,0,Tuesday,2022-12-06 18:06:19-06:00,USE,0,0,3,0,174,50.7,343,332.685,36.074036,26.953588,1487,458373,58.9,165.99,2549,196.75,119.76,2,1,110,110,-3,280,0.45,10.0,1.7,2
3,18.0,18.0,18.0,1,Wednesday,2022-12-07 12:54:38-06:00,USE,1,0,2,0,140,59.81,364,411.51257,20.09565,34.217648,1610,180004,23.69,53.16,2978,77.45,45.65,1,0,110,110,-3,280,0.45,10.0,1.7,0
3,18.0,18.0,18.0,0,Wednesday,2022-12-07 20:20:04-06:00,USE,0,0,1,0,34,44.33,415,434.02432,53.442337,19.535284,1565,106601,12.44,37.56,3455,52.82,23.12,0,0,110,110,-3,280,0.45,10.0,1.7,1
3,19.0,17.0,19.0,1,Thursday,2022-12-08 15:41:36-06:00,USE,2,0,7,0,400,59.81,276,310.7007,14.569575,41.215492,1319,425052,26.59,235.61,2712,193.39,152.49,0,0,110,110,-3,280,0.45,10.0,1.7,0
3,19.0,18.0,19.0,0,Tuesday,2022-12-13 00:06:30-06:00,USE,0,1,1,1,232,59.89,320,350.9654,12.496334,32.184998,1475,624128,67.64,254.3,3072,299.94,162.87,2,2,110,110,-3,280,0.45,10.0,1.7,0
3,19.0,18.0,19.0,0,Tuesday,2022-12-13 00:06:45-06:00,USE,0,1,1,1,232,59.88,320,350.4849,12.474641,32.2641,1474,624067,67.73,254.2,3069,300.02,162.98,2,2,110,110,-3,280,0.45,10.0,1.7,1
3,NaN,18.0,19.0,1,Tuesday,2022-12-13 00:20:28-06:00,USE,1,1,1,0,267,57.73,403,472.11676,21.702528,34.888115,1502,321157,37.49,123.19,2908,145.52,90.51,2,0,110,110,-3,280,0.45,10.0,1.7,2
3,19.0,17.0,19.0,1,Tuesday,2022-12-13 18:52:47-06:00,USW,1,0,4,1,280,47.85,300,301.30856,28.703653,28.563417,1393,479951,38.28,210.49,2571,249.28,115.48,0,1,110,110,-3,280,0.45,10.0,1.7,0
3,19.0,19.0,19.0,0,Friday,2022-12-16 20:45:30-06:00,USE,0,1,5,2,322,51.66,345,369.8117,35.67112,26.372692,1479,594625,70.01,209.85,3036,276.05,149.92,1,0,110,110,-3,280,0.45,10.0,1.7,0
3,19.0,19.0,19.0,1,Monday,2022-12-19 22:21:58-06:00,USE,1,1,4,0,276,50.94,344,338.20963,29.594965,26.965292,1446,490139,60.0,205.32,2962,206.51,163.0,0,1,110,110,-3,280,0.45,10.0,1.7,0
3,NaN,18.0,18.0,0,Thursday,2022-12-22 23:32:59-06:00,USE,0,0,0,0,94,58.82,338,366.58286,22.546556,34.47378,1425,448752,48.54,183.57,2920,227.12,103.68,1,1,110,110,-3,280,0.45,10.0,1.7,0
3,19.0,17.0,19.0,1,Thursday,2022-12-22 23:38:43-06:00,USE,2,0,4,1,380,51.58,352,363.83884,27.062563,25.84405,1541,299220,35.53,104.93,3139,137.97,71.23,0,0,110,110,-3,280,0.45,10.0,1.7,1
3,19.0,19.0,19.0,0,Tuesday,2022-12-27 10:39:33-06:00,USE,0,0,0,0,114,55.92,243,244.66396,21.001,30.986769,1308,432139,20.25,227.02,2987,230.76,123.7,1,1,110,110,-3,280,0.45,10.0,1.7,0
3,19.0,19.0,19.0,0,Tuesday,2022-12-27 11:09:24-06:00,USE,0,2,2,0,172,51.97,310,306.87195,28.403173,28.728613,1418,444364,41.91,193.01,2896,229.66,95.98,1,0,110,110,-3,280,0.45,10.0,1.7,1
3,19.0,19.0,19.0,0,Wednesday,2022-12-28 11:30:22-06:00,USE,0,0,2,0,108,57.41,431,486.14807,26.827374,32.18466,1611,380946,53.83,108.81,2947,135.69,116.16,2,1,110,110,-3,280,0.45,10.0,1.7,0
3,19.0,18.0,19.0,1,Saturday,2022-12-31 07:27:23-06:00,USE,0,1,2,1,202,44.65,299,314.37933,46.849667,24.32679,1391,421825,24.21,185.81,2712,237.49,73.48,0,2,110,110,-3,280,0.45,10.0,1.7,0
3,19.0,18.0,19.0,1,Saturday,2022-12-31 07:27:31-06:00,USE,0,1,2,1,202,44.65,299,314.33893,46.83899,24.2952,1391,422050,24.53,185.95,2695,237.5,73.62,0,2,110,110,-3,280,0.45,10.0,1.7,1
3,19.0,18.0,19.0,1,Saturday,2022-12-31 09:14:38-06:00,USE,1,1,1,1,356,46.22,321,356.9891,39.294132,20.756681,1510,485958,52.65,171.56,2576,230.18,106.55,0,0,110,110,-3,280,0.45,10.0,1.7,2
3,19.0,18.0,19.0,1,Saturday,2022-12-31 09:14:52-06:00,USE,1,1,1,1,356,46.22,321,356.92328,39.3114,20.762049,1507,485998,52.38,171.87,2567,230.18,106.69,0,0,110,110,-3,280,0.45,10.0,1.7,3
3,NaN,18.0,19.0,0,Saturday,2022-12-31 09:22:41-06:00,USE,2,1,2,0,374,43.12,328,322.88626,34.276073,22.168205,1434,485655,48.68,201.85,2749,257.73,111.7,0,0,110,110,-3,280,0.45,10.0,1.7,4
3,18.0,18.0,19.0,1,Tuesday,2023-01-03 14:36:00-06:00,USE,1,0,2,1,304,49.06,324,339.75787,23.648884,20.678495,1418,434486,41.91,171.47,3021,180.22,135.33,1,0,110,110,-3,280,0.45,10.0,1.7,0
3,19.0,18.0,19.0,0,Wednesday,2023-01-11 16:28:38-06:00,USE,0,2,3,0,224,49.96,366,387.79904,34.22047,25.252039,1554,496132,58.82,150.35,2977,246.64,90.22,0,0,110,110,-3,280,0.45,10.0,1.7,0
3,NaN,18.0,19.0,1,Wednesday,2023-01-11 16:35:39-06:00,USE,0,1,1,2,310,53.34,319,370.48657,25.67292,24.607975,1487,457394,50.8,171.87,2829,240.34,86.77,1,0,110,110,-3,280,0.45,10.0,1.7,1
3,NaN,19.0,19.0,1,Wednesday,2023-01-11 16:42:35-06:00,USE,2,1,4,0,420,49.45,366,365.81293,31.564863,24.560476,1444,455284,34.78,182.83,2706,200.97,136.81,0,1,110,110,-3,280,0.45,10.0,1.7,2
3,NaN,19.0,19.0,1,Saturday,2023-01-14 20:11:23-06:00,USE,1,0,1,0,252,51.87,350,374.06873,26.516298,30.683538,1373,463690,45.34,224.37,2783,248.0,121.9,0,0,110,110,-3,280,0.45,10.0,1.7,0
3,19.0,18.0,19.0,1,Saturday,2023-01-14 21:17:49-06:00,USE,1,1,4,0,313,49.72,374,396.3828,28.977196,19.97333,1476,516182,56.96,196.28,2923,254.54,126.87,1,0,110,110,-3,280,0.45,10.0,1.7,1
3,19.0,19.0,19.0,0,Monday,2023-01-16 05:30:44-06:00,USE,1,2,1,0,282,48.78,344,384.6109,27.90447,25.457987,1444,474920,44.75,190.94,2922,244.69,113.73,1,2,110,110,-3,280,0.45,10.0,1.7,0
3,19.0,18.0,19.0,1,Monday,2023-01-16 19:07:54-06:00,USE,3,0,5,0,557,51.48,339,311.5483,27.771118,23.544754,1494,489025,47.36,182.34,3003,211.34,145.23,0,1,110,110,-3,280,0.45,10.0,1.7,0
3,19.0,17.0,19.0,1,Monday,2023-01-16 19:48:14-06:00,USE,3,1,3,1,537,51.94,324,349.38724,22.535892,23.591938,1442,393316,34.05,158.02,2977,185.14,114.2,0,0,110,110,-3,280,0.45,10.0,1.7,1
3,19.0,19.0,19.0,0,Tuesday,2023-01-17 02:10:29-06:00,USE,1,3,5,0,504,48.49,309,347.15274,34.602848,20.409256,1456,595606,52.01,231.76,2867,281.0,151.8,2,1,110,110,-3,280,0.45,10.0,1.7,2
3,19.0,19.0,19.0,0,Tuesday,2023-01-17 02:35:49-06:00,USE,0,0,1,0,88,54.68,260,291.76965,13.138244,28.671606,1311,411043,20.46,223.47,2760,206.61,128.57,2,0,110,110,-3,280,0.45,10.0,1.7,3
3,19.0,19.0,19.0,0,Thursday,2023-01-19 06:03:58-06:00,USE,1,2,3,0,418,47.0,297,318.36386,37.305096,25.187944,1366,758402,41.45,350.43,2876,383.19,196.2,0,0,110,110,-3,280,0.45,10.0,1.7,0
3,NaN,19.0,19.0,0,Thursday,2023-01-19 06:19:05-06:00,USE,0,0,3,1,198,47.45,269,302.83002,29.171215,17.768616,1434,496374,38.6,206.41,2709,270.57,102.99,0,1,110,110,-3,280,0.45,10.0,1.7,1
3,19.0,18.0,19.0,1,Wednesday,2023-01-25 06:13:34-06:00,USE,1,1,4,1,334,50.03,248,259.22363,25.97077,31.493366,1426,489519,36.76,219.25,2712,228.66,144.89,1,1,110,110,-3,280,0.45,10.0,1.7,0
3,NaN,16.0,19.0,1,Wednesday,2023-01-25 06:27:46-06:00,USE,1,0,3,0,306,56.69,260,290.18674,20.83444,38.24319,1394,450531,28.65,196.31,2747,228.35,114.0,1,0,110,110,-3,280,0.45,10.0,1.7,1
3,NaN,18.0,19.0,1,Wednesday,2023-01-25 06:35:12-06:00,USE,3,1,5,0,598,48.02,291,289.8641,25.236979,19.568884,1394,480073,36.87,216.47,2873,244.9,131.15,0,0,110,110,-3,280,0.45,10.0,1.7,2
3,NaN,18.0,19.0,1,Wednesday,2023-01-25 06:52:53-06:00,USE,2,1,2,0,380,55.93,304,333.02377,27.248795,29.710419,1414,388529,31.93,166.09,2666,187.77,106.7,0,0,110,110,-3,280,0.45,10.0,1.7,3
3,NaN,18.0,19.0,0,Wednesday,2023-01-25 07:01:38-06:00,USE,0,1,2,0,226,50.88,342,369.78503,34.198757,24.97826,1439,452315,30.4,170.83,2669,187.62,142.45,1,1,110,110,-3,280,0.45,10.0,1.7,4
3,NaN,18.0,19.0,1,Wednesday,2023-01-25 07:10:19-06:00,USE,2,1,3,2,488,47.45,310,326.14624,29.852377,18.123219,1399,458022,21.12,197.93,2762,265.44,86.87,0,2,110,110,-3,280,0.45,10.0,1.7,5
3,NaN,18.0,19.0,0,Wednesday,2023-01-25 07:16:28-06:00,USW,0,2,0,0,140,41.45,264,252.60199,40.7617,15.966632,1259,337797,21.14,188.71,2664,198.83,81.0,0,2,110,110,-3,280,0.45,10.0,1.7,6
3,NaN,18.0,19.0,1,Wednesday,2023-01-25 07:25:23-06:00,USW,1,1,1,0,196,55.42,291,356.71637,25.34009,33.560062,1472,502212,51.78,199.96,3161,273.89,102.6,0,1,110,110,-3,280,0.45,10.0,1.7,7
3,NaN,18.0,19.0,1,Wednesday,2023-01-25 07:36:35-06:00,USE,0,1,2,1,276,48.79,297,302.46454,27.76149,18.779654,1388,438793,31.14,193.63,2924,213.68,125.03,1,0,110,110,-3,280,0.45,10.0,1.7,8
3,NaN,19.0,20.0,0,Wednesday,2023-01-25 07:43:01-06:00,USE,1,2,2,0,414,43.67,322,323.5742,36.334686,17.605371,1339,424767,26.52,209.04,2764,269.2,64.88,0,2,110,110,-3,280,0.45,10.0,1.7,9
3,NaN,19.0,19.0,0,Wednesday,2023-01-25 07:50:20-06:00,USE,0,1,0,0,123,48.78,326,369.6915,25.983128,19.817854,1470,331412,23.8,134.07,2723,176.13,76.39,0,0,110,110,-3,280,0.45,10.0,1.7,10
3,NaN,19.0,19.0,0,Wednesday,2023-01-25 07:58:40-06:00,USE,0,1,0,0,227,51.67,312,334.86124,24.21941,22.63176,1376,433026,24.04,202.73,2452,212.38,119.04,0,1,110,110,-3,280,0.45,10.0,1.7,11
3,19.0,19.0,20.0,0,Saturday,2023-01-28 07:21:44-06:00,USE,0,1,2,1,255,56.52,284,346.22644,24.638355,34.994324,1335,435299,21.4,206.23,2855,244.82,103.79,0,1,110,110,-3,280,0.45,10.0,1.7,0
3,NaN,19.0,20.0,0,Saturday,2023-01-28 07:34:53-06:00,USE,2,1,3,1,452,51.31,302,316.6652,25.348152,21.10564,1372,458146,38.71,216.42,2680,245.27,114.78,0,1,110,110,-3,280,0.45,10.0,1.7,1
3,19.0,19.0,19.0,0,Monday,2023-01-30 13:41:38-06:00,USE,1,2,1,0,321,50.48,255,327.06656,33.805275,28.264666,1345,264174,13.47,134.49,2739,157.12,58.49,0,0,110,110,-3,280,0.45,10.0,1.7,0
3,NaN,19.0,19.0,1,Monday,2023-01-30 13:47:23-06:00,USE,2,0,6,0,366,57.83,237,263.25888,11.089711,48.3017,1289,347973,15.93,189.6,2901,173.22,117.63,0,0,110,110,-3,280,0.45,10.0,1.7,1
3,19.0,19.0,19.0,1,Monday,2023-01-30 13:47:29-06:00,USE,2,0,6,0,366,57.69,239,261.91248,11.058766,48.164433,1295,350850,16.97,189.57,2912,174.44,117.83,0,0,110,110,-3,280,0.45,10.0,1.7,2
3,19.0,17.0,19.0,1,Thursday,2023-02-02 13:39:15-06:00,USW,0,1,2,1,245,49.81,357,376.33093,33.6392,20.311058,1500,490065,58.27,181.35,2661,222.69,126.73,0,1,110,110,-3,280,0.45,10.0,1.7,0
3,19.0,18.0,19.0,0,Friday,2023-02-03 18:16:32-06:00,USE,0,2,0,0,236,49.14,292,311.88754,34.175533,31.772848,1330,421228,29.51,208.56,2540,234.92,102.08,0,2,110,110,-3,280,0.45,10.0,1.7,0
3,19.0,19.0,19.0,1,Friday,2023-02-03 18:22:52-06:00,USE,0,0,1,0,144,49.8,365,416.07822,37.122852,20.601675,1455,474279,59.93,180.66,3072,236.38,106.76,1,0,110,110,-3,280,0.45,10.0,1.7,1
3,19.0,17.0,19.0,0,Saturday,2023-02-04 15:51:32-06:00,USW,0,0,0,0,88,50.95,282,342.698,24.99084,18.88129,1375,434495,29.77,200.73,2853,208.18,123.67,1,1,110,110,-3,280,0.45,10.0,1.7,0
3,19.0,19.0,19.0,0,Wednesday,2023-02-08 13:20:09-06:00,USE,1,1,2,0,240,56.06,304,308.82748,15.111201,31.934092,1412,460380,31.79,196.71,2598,226.16,124.59,2,0,110,110,-3,280,0.45,10.0,1.7,0
3,19.0,19.0,19.0,1,Wednesday,2023-02-08 13:35:42-06:00,USE,1,0,5,1,298,53.1,290,327.19168,19.29268,27.623867,1361,449580,36.51,212.82,2826,246.3,107.76,1,0,110,110,-3,280,0.45,10.0,1.7,1
3,19.0,19.0,19.0,0,Tuesday,2023-02-14 02:29:03-06:00,USE,1,2,1,1,439,50.38,392,429.5052,33.26019,25.698063,1454,496628,59.95,205.7,2653,271.63,97.53,3,0,110,110,-3,280,0.45,10.0,1.7,0
3,NaN,18.0,19.0,0,Tuesday,2023-02-14 02:38:49-06:00,USE,0,4,2,0,644,40.33,345,335.63354,50.440434,14.082098,1374,708701,62.37,297.87,2630,359.7,165.72,4,4,110,110,-3,280,0.45,10.0,1.7,1
3,NaN,19.0,19.0,1,Tuesday,2023-02-14 02:46:25-06:00,USE,1,2,3,1,460,43.79,375,371.584,37.42153,20.35354,1444,452511,44.99,169.22,2741,227.08,105.39,2,3,110,110,-3,280,0.45,10.0,1.7,2
3,NaN,19.0,19.0,0,Tuesday,2023-02-14 02:51:50-06:00,USE,0,1,0,0,181,40.62,349,385.1115,48.299213,18.308449,1543,380789,54.1,128.65,3073,185.86,79.88,1,2,110,110,-3,280,0.45,10.0,1.7,3
3,NaN,19.0,19.0,1,Tuesday,2023-02-14 02:58:40-06:00,USE,2,0,4,0,288,52.55,358,341.73135,27.190811,27.354916,1473,478056,42.78,180.57,2933,190.97,158.55,0,1,110,110,-3,280,0.45,10.0,1.7,4
3,19.0,19.0,19.0,0,Tuesday,2023-02-14 03:22:20-06:00,USE,0,1,1,0,123,52.91,256,269.32126,28.746141,36.183342,1305,348732,10.96,187.07,3109,215.65,69.15,1,1,110,110,-3,280,0.45,10.0,1.7,5
3,19.0,18.0,19.0,0,Tuesday,2023-02-21 10:30:27-06:00,USE,1,1,4,0,508,49.56,375,371.5435,36.779514,22.578854,1428,897599,98.11,352.4,2928,422.22,231.34,0,1,110,90,-3,250,0.45,10.0,1.7,0
3,19.0,18.0,19.0,1,Wednesday,2023-02-22 03:51:04-06:00,USE,2,1,3,0,396,61.06,226,237.30846,9.951325,41.810543,1296,297816,13.29,156.9,2705,129.51,113.0,0,0,110,90,-3,250,0.45,10.0,1.7,0
3,NaN,19.0,19.0,1,Wednesday,2023-02-22 03:57:22-06:00,USE,2,0,2,0,310,54.17,257,318.01022,25.038969,36.334965,1335,351617,18.88,186.94,3000,162.51,127.86,0,0,110,90,-3,250,0.45,10.0,1.7,1
3,NaN,18.0,19.0,1,Wednesday,2023-02-22 04:03:24-06:00,USW,1,1,2,1,276,49.15,224,236.50232,21.969893,23.94273,1360,355055,12.41,169.07,2719,174.19,99.34,0,0,110,90,-3,250,0.45,10.0,1.7,2
3,19.0,19.0,19.0,1,Thursday,2023-02-23 09:10:54-06:00,USE,1,0,1,2,300,45.55,330,366.07092,32.67346,17.890585,1404,476305,47.86,220.91,2802,209.79,160.77,1,1,110,90,-3,250,0.45,10.0,1.7,0
3,NaN,19.0,19.0,1,Thursday,2023-02-23 09:18:41-06:00,USE,0,2,1,2,336,39.69,353,360.1691,35.984203,15.022221,1525,499330,67.75,175.28,2883,214.57,136.24,0,0,110,90,-3,250,0.45,10.0,1.7,1
3,19.0,19.0,19.0,1,Thursday,2023-02-23 09:51:26-06:00,USE,0,0,1,0,80,50.23,334,333.9117,31.8803,28.337334,1446,451817,40.57,177.37,2932,205.22,114.64,1,1,110,90,-3,250,0.45,10.0,1.7,2
3,19.0,19.0,19.0,0,Sunday,2023-02-26 17:01:29-06:00,USE,1,1,4,1,376,51.64,329,347.05542,27.749828,25.132162,1508,691696,89.31,237.71,2836,292.11,189.33,0,1,110,90,-3,250,0.45,10.0,1.7,0
3,NaN,19.0,20.0,1,Sunday,2023-02-26 17:08:22-06:00,USE,1,1,2,2,368,57.29,243,264.16394,19.18415,33.00006,1365,429703,35.32,205.54,2765,211.15,119.59,0,0,110,90,-3,250,0.45,10.0,1.7,1
3,NaN,19.0,20.0,0,Sunday,2023-02-26 17:13:49-06:00,USE,0,0,2,0,68,57.83,255,296.87204,15.459611,39.568245,1356,278091,19.65,129.02,2694,131.99,90.61,1,0,110,90,-3,250,0.45,10.0,1.7,2
3,19.0,17.0,19.0,1,Friday,2023-03-03 16:22:05-06:00,USE,0,1,4,2,332,50.61,273,300.29492,22.401897,26.102499,1416,479575,38.32,216.16,3157,241.03,128.28,2,0,110,90,-3,250,0.45,10.0,1.7,0
3,NaN,19.0,19.0,1,Friday,2023-03-03 16:28:33-06:00,USE,2,3,3,0,487,55.26,375,369.72638,21.0662,22.797165,1476,475049,60.41,178.4,2823,231.6,104.86,1,1,110,90,-3,250,0.45,10.0,1.7,1
3,19.0,19.0,20.0,1,Friday,2023-03-03 16:41:35-06:00,USE,1,2,4,0,323,64.28,312,336.0641,15.710156,45.266605,1460,474596,48.02,190.81,3070,207.34,136.95,0,0,110,90,-3,250,0.45,10.0,1.7,2
3,19.0,19.0,20.0,1,Friday,2023-03-03 16:49:18-06:00,USE,0,1,1,1,212,58.38,284,306.22913,17.866413,42.44391,1300,436161,21.06,219.46,2842,252.76,94.69,0,0,110,90,-3,250,0.45,10.0,1.7,3
3,19.0,19.0,20.0,1,Friday,2023-03-03 16:49:21-06:00,USE,0,1,1,1,212,58.38,284,306.14777,17.844166,42.436127,1302,436130,21.32,218.79,2845,252.96,94.5,0,0,110,90,-3,250,0.45,10.0,1.7,4
3,19.0,19.0,20.0,1,Friday,2023-03-03 16:49:23-06:00,USE,0,1,1,1,212,58.38,285,306.29248,17.78842,42.483337,1303,436221,21.12,219.01,2836,252.63,94.73,0,0,110,90,-3,250,0.45,10.0,1.7,5
3,19.0,19.0,20.0,0,Friday,2023-03-03 16:55:30-06:00,USE,0,2,2,0,277,56.97,343,375.0377,20.410099,31.195631,1437,424140,35.88,173.66,2607,215.43,94.9,0,0,110,90,-3,250,0.45,10.0,1.7,6
3,19.0,17.0,19.0,1,Friday,2023-03-03 17:02:52-06:00,USE,1,1,2,1,357,52.06,281,301.5101,23.881279,26.680937,1356,461763,25.92,224.54,3023,269.24,89.07,0,1,110,90,-3,250,0.45,10.0,1.7,7
3,NaN,19.0,19.0,1,Friday,2023-03-03 17:09:31-06:00,USE,1,1,3,1,349,59.0,297,323.50946,15.983545,40.131516,1357,430998,31.81,211.57,2511,188.15,147.88,0,0,110,90,-3,250,0.45,10.0,1.7,8
3,19.0,19.0,20.0,0,Monday,2023-03-06 19:45:52-06:00,USE,1,0,1,0,184,55.8,321,334.51395,16.466087,23.43502,1491,463335,50.87,171.56,2850,226.31,98.62,1,1,110,90,-3,250,0.45,10.0,1.7,0
3,19.0,19.0,19.0,1,Tuesday,2023-03-07 17:29:00-06:00,USE,1,1,3,1,244,56.08,304,353.3118,23.085306,32.254047,1530,185281,20.04,71.4,2991,74.44,58.17,0,0,110,90,-3,250,0.45,10.0,1.7,0
3,19.0,19.0,19.0,0,Tuesday,2023-03-07 17:35:16-06:00,USE,1,1,3,0,262,47.76,436,464.63892,35.52228,22.996082,1586,500739,71.74,141.72,2534,212.26,120.91,1,0,110,90,-3,250,0.45,10.0,1.7,1
3,19.0,19.0,19.0,0,Tuesday,2023-03-07 17:52:10-06:00,USE,1,0,5,0,344,48.46,329,316.97156,26.673218,24.280617,1530,704862,71.9,237.67,2631,310.84,173.59,2,2,110,90,-3,250,0.45,10.0,1.7,2
3,19.0,19.0,19.0,0,Tuesday,2023-03-07 17:52:11-06:00,USE,1,0,5,0,344,48.46,329,318.55487,26.700418,24.282236,1540,704731,71.91,237.27,2613,310.84,173.44,2,2,110,90,-3,250,0.45,10.0,1.7,3
3,19.0,19.0,19.0,0,Monday,2023-03-13 22:56:07-06:00,USW,2,2,2,0,477,48.78,330,355.2757,33.171066,27.499495,1440,481376,42.74,208.25,2428,271.98,85.77,1,2,110,90,-3,250,0.45,10.0,1.7,0
3,18.0,18.0,18.0,0,Tuesday,2023-03-21 11:13:14-06:00,USE,1,1,4,0,292,56.03,420,421.02994,25.191374,34.542072,1526,483855,65.84,161.08,2650,206.55,126.65,2,1,110,90,-3,250,0.45,10.0,1.7,0
3,18.0,18.0,18.0,0,Friday,2023-04-28 16:38:26-06:00,USE,0,1,2,1,270,50.83,378,420.85425,32.56376,27.89682,1463,479331,54.11,189.74,2822,223.9,125.88,1,0,110,90,-3,250,0.45,10.0,1.7,0
3,19.0,19.0,19.0,0,Thursday,2023-05-25 13:36:07-06:00,USE,0,1,1,0,106,47.99,505,567.53577,32.44076,19.240856,1687,338649,61.97,80.32,3375,171.17,47.64,1,0,110,90,-3,250,0.45,10.0,1.7,0
3,18.0,18.0,18.0,0,Sunday,2023-05-28 18:25:33-06:00,USE,0,1,0,0,85,41.35,391,428.68814,32.198257,16.356127,1697,170528,26.99,40.11,2775,80.38,32.47,0,2,110,90,-3,250,0.45,10.0,1.7,0
3,NaN,17.0,17.0,0,Sunday,2023-07-16 21:25:24-06:00,USE,0,0,2,1,164,49.56,356,381.6937,23.215193,19.899645,1455,448521,35.88,177.46,2768,187.04,145.4,1,1,110,90,-3,250,0.45,10.0,1.7,0
3,18.0,17.0,18.0,0,Sunday,2023-07-16 21:28:45-06:00,USW,0,1,0,0,52,49.35,255,253.00917,29.221066,14.98119,1492,79732,36.54,77.97,2935,118.68,12.71,0,0,110,90,-3,250,0.45,10.0,1.7,1
3,NaN,17.0,17.0,1,Sunday,2023-09-24 12:40:20-06:00,USE,1,1,4,0,310,60.62,343,351.01266,25.043741,35.334064,1488,490003,50.76,182.84,2704,183.8,164.43,0,1,110,90,-3,250,0.45,10.0,1.7,0
3,19.0,18.0,19.0,0,Wednesday,2023-10-04 18:55:37-06:00,USE,1,1,3,1,364,50.6,329,351.9204,19.535019,25.781952,1453,482855,50.1,200.33,2649,246.21,117.24,0,2,110,90,-3,250,0.45,10.0,1.7,0
3,NaN,18.0,19.0,1,Wednesday,2023-10-04 19:04:10-06:00,USE,0,6,4,1,615,54.99,343,364.23163,20.306952,31.758017,1439,566025,46.45,221.9,2656,266.43,142.5,0,1,110,90,-3,250,0.45,10.0,1.7,1
3,18.0,16.0,18.0,1,Tuesday,2023-10-10 22:31:38-06:00,USE,0,0,3,1,134,54.56,322,332.35733,19.234257,31.799229,1402,448499,40.93,195.7,3147,216.71,126.47,0,3,110,90,-3,250,0.45,10.0,1.7,0
3,NaN,19.0,19.0,1,Saturday,2023-10-28 16:13:25-06:00,USE,0,0,1,0,84,49.01,387,420.6207,35.67497,16.835604,1603,460039,72.96,135.53,3139,178.66,123.07,1,0,110,90,-3,250,0.45,10.0,1.7,0
3,19.0,19.0,19.0,0,Sunday,2023-11-12 00:06:20-06:00,USW,1,0,1,0,114,35.54,354,216.89682,57.55368,3.8726995,1728,36217,4.79,11.73,2711,22.06,6.43,0,0,110,90,-3,250,0.45,10.0,1.7,0
3,19.0,17.0,19.0,0,Monday,2023-11-13 00:57:39-06:00,USE,0,1,1,0,214,50.7,422,481.94058,30.669556,21.926975,1633,477884,60.81,130.13,3079,201.01,109.96,2,1,110,90,-3,250,0.45,10.0,1.7,0
3,NaN,17.0,17.0,1,Monday,2023-11-13 01:04:12-06:00,USE,0,2,1,0,298,51.53,348,357.56003,37.793266,29.958303,1376,431573,32.57,178.68,2635,255.59,70.37,1,1,110,90,-3,250,0.45,10.0,1.7,1
3,NaN,17.0,19.0,1,Monday,2023-11-13 01:11:36-06:00,USE,1,0,2,0,198,56.44,301,357.17337,20.618557,27.805342,1416,452110,44.2,201.02,2881,217.84,124.67,0,0,110,90,-3,250,0.45,10.0,1.7,2
3,NaN,17.0,19.0,0,Monday,2023-11-13 01:19:52-06:00,USE,1,1,2,0,228,57.68,311,404.64862,30.552557,34.840103,1462,390070,41.84,166.09,2974,219.68,82.01,0,0,110,90,-3,250,0.45,10.0,1.7,3
3,19.0,16.0,19.0,1,Thursday,2023-11-16 07:45:12-06:00,USE,0,0,3,3,331,51.41,424,464.13583,38.260925,29.175873,1533,475111,65.81,162.23,2862,188.55,140.6,1,0,110,90,-3,250,0.45,10.0,1.7,0
3,19.0,17.0,19.0,0,Thursday,2023-11-16 19:01:31-06:00,USE,0,0,0,0,6,52.42,335,398.58978,33.71336,23.38491,1582,221738,32.89,80.24,3283,124.1,31.03,0,0,110,90,-3,250,0.45,10.0,1.7,1
3,NaN,19.0,19.0,0,Thursday,2023-11-16 19:26:57-06:00,USE,1,2,4,1,537,46.88,443,435.7614,34.363747,21.801365,1544,822355,100.12,252.99,2683,326.47,230.39,0,5,110,90,-3,250,0.45,10.0,1.7,2
3,NaN,19.0,19.0,0,Thursday,2023-11-16 19:27:00-06:00,USE,1,2,4,1,537,46.88,443,435.5022,34.35307,21.83845,1542,822407,100.25,253.13,2681,326.69,230.43,0,5,110,90,-3,250,0.45,10.0,1.7,3
3,19.0,19.0,21.0,1,Friday,2023-11-17 08:21:40-06:00,USE,0,1,0,1,159,47.74,342,325.1076,33.423725,21.68847,1605,531787,72.65,155.61,3448,203.69,143.56,2,2,110,90,-3,250,0.45,10.0,1.7,0
3,19.0,18.0,20.0,1,Friday,2023-11-17 08:58:55-06:00,USE,1,0,1,0,211,51.98,331,363.09525,30.718224,28.441843,1518,504841,51.74,183.28,2941,245.86,114.42,1,1,110,90,-3,250,0.45,10.0,1.7,1
3,19.0,19.0,20.0,1,Friday,2023-11-17 08:59:00-06:00,USE,1,0,1,0,211,51.98,331,362.97876,30.700169,28.41121,1517,504573,51.52,183.65,2932,245.83,114.51,1,1,110,90,-3,250,0.45,10.0,1.7,2
3,NaN,19.0,19.0,0,Sunday,2023-11-19 16:18:29-06:00,USE,0,0,0,0,12,49.13,351,473.14648,29.182203,33.432762,1608,59866,5.45,21.05,2555,16.47,24.66,1,0,110,90,-3,250,0.45,10.0,1.7,0
3,19.0,19.0,19.0,0,Sunday,2023-11-19 16:18:34-06:00,USE,0,0,0,0,12,49.13,351,473.51862,29.271326,33.325043,1615,59866,5.47,21.01,2530,16.44,24.7,1,0,110,90,-3,250,0.45,10.0,1.7,1
3,NaN,18.0,18.0,0,Friday,2023-11-24 21:14:06-06:00,USE,0,0,2,1,256,47.07,280,303.82263,27.66006,19.861105,1466,557932,47.63,214.7,2903,272.92,131.17,0,2,110,90,-3,250,0.45,10.0,1.7,0
3,18.0,17.0,18.0,0,Friday,2023-11-24 21:54:10-06:00,USE,1,3,3,2,597,49.61,352,377.72153,29.939589,27.229258,1471,598550,50.07,239.36,2619,261.94,176.09,1,0,110,90,-3,250,0.45,10.0,1.7,1
3,18.0,18.0,18.0,1,Saturday,2023-11-25 19:47:05-06:00,USE,0,0,0,1,128,52.84,377,368.39047,21.401917,23.921825,1582,386681,58.86,129.81,3002,152.0,112.28,0,2,110,90,-3,250,0.45,10.0,1.7,0
3,19.0,18.0,19.0,1,Monday,2023-12-11 14:48:50-06:00,USE,1,1,2,0,266,45.03,354,381.88672,34.113056,25.215292,1506,487205,40.57,165.4,2749,234.78,107.53,0,3,110,90,-3,250,0.45,10.0,1.7,0
3,19.0,19.0,19.0,0,Thursday,2023-12-14 15:09:45-06:00,USE,0,2,2,1,320,47.01,347,366.0031,34.44366,21.392494,1374,621126,52.0,289.27,2785,321.82,161.69,1,0,110,90,-3,250,0.45,10.0,1.7,0
3,19.0,18.0,19.0,0,Monday,2023-12-18 16:22:26-06:00,USE,0,1,4,0,311,46.88,396,391.2864,37.21354,23.947775,1471,851339,68.69,310.84,2833,378.19,209.86,1,0,110,90,-3,250,0.45,10.0,1.7,0
3,19.0,16.0,19.0,0,Thursday,2023-12-21 21:27:21-06:00,USE,0,0,0,1,128,43.74,308,308.64966,47.852047,19.281805,1418,333555,28.52,142.29,2935,197.89,60.7,1,0,110,90,-3,250,0.45,10.0,1.7,0
3,19.0,13.0,19.0,1,Thursday,2023-12-21 21:40:54-06:00,USE,0,1,0,2,224,48.13,290,328.31818,32.418453,22.921715,1266,257813,11.92,148.37,2611,160.45,56.98,2,1,110,90,-3,250,0.45,10.0,1.7,1
3,NaN,18.0,19.0,1,Thursday,2023-12-21 21:48:17-06:00,USE,1,3,2,2,450,47.21,285,346.25156,32.469128,23.22489,1386,461806,40.62,220.8,2846,265.89,96.18,1,1,110,90,-3,250,0.45,10.0,1.7,2
3,19.0,18.0,19.0,1,Monday,2023-12-25 03:29:23-06:00,USW,2,1,4,1,416,54.54,351,382.78598,18.945242,30.997042,1514,395353,35.54,130.67,3226,175.36,104.32,3,0,110,90,-3,250,0.45,10.0,1.7,0
3,19.0,17.0,19.0,1,Tuesday,2024-01-09 11:59:56-06:00,USE,0,1,1,1,208,52.07,359,388.34262,28.40556,25.95822,1406,626488,43.94,261.4,2882,321.09,147.03,3,0,110,90,-3,250,0.45,10.0,1.7,0
3,NaN,19.0,19.0,1,Tuesday,2024-01-09 12:06:58-06:00,USE,0,3,1,2,403,46.25,323,352.16183,41.1536,26.714611,1371,451968,26.1,208.7,2852,258.83,93.79,0,0,110,90,-3,250,0.45,10.0,1.7,1
3,19.0,19.0,19.0,1,Wednesday,2024-01-24 09:10:23-06:00,USE,1,1,2,1,420,44.96,402,374.59515,39.33434,24.339668,1371,434136,31.52,202.23,2789,203.95,129.02,2,1,110,90,-3,250,0.45,10.0,1.7,0
3,18.0,18.0,18.0,0,Sunday,2024-02-04 16:57:40-06:00,USE,0,0,0,1,170,56.16,407,447.73416,28.626293,30.215658,1586,515557,71.95,153.72,2716,208.2,132.04,1,1,110,90,-3,250,0.45,10.0,1.7,0
3,19.0,19.0,19.0,1,Wednesday,2024-02-07 21:00:04-06:00,USE,0,1,1,2,302,40.16,280,308.05466,38.818626,14.288589,1442,478932,40.91,198.14,2982,251.31,99.91,0,1,110,90,-3,250,0.45,10.0,1.7,0
3,NaN,19.0,19.0,0,Wednesday,2024-02-07 21:06:06-06:00,USE,0,2,1,0,202,47.64,248,251.85185,40.079876,18.661512,1406,421925,21.97,189.65,2816,201.96,107.71,0,0,110,90,-3,250,0.45,10.0,1.7,1
3,NaN,19.0,19.0,1,Wednesday,2024-02-07 21:12:51-06:00,USE,0,3,1,1,383,44.66,320,360.9486,34.085434,15.232859,1440,489914,48.62,193.7,3081,253.62,102.5,0,2,110,90,-3,250,0.45,10.0,1.7,2
3,19.0,16.0,19.0,0,Wednesday,2024-02-07 22:12:17-06:00,USE,1,4,4,0,423,43.14,308,322.83508,32.278877,15.759398,1457,519471,40.21,206.26,2832,282.17,98.24,0,0,110,90,-3,250,0.45,10.0,1.7,3
3,19.0,19.0,19.0,1,Thursday,2024-02-08 20:35:24-06:00,USE,1,2,4,0,342,50.02,317,324.5744,33.358425,27.375648,1422,456755,42.12,189.21,2981,207.43,128.76,0,0,110,90,-3,250,0.45,10.0,1.7,0
3,19.0,19.0,19.0,1,Thursday,2024-02-08 22:18:13-06:00,USE,2,1,3,2,539,51.97,327,358.4393,27.888885,31.34282,1393,467937,32.91,227.72,3022,255.87,110.58,0,1,110,90,-3,250,0.45,10.0,1.7,1
3,NaN,19.0,19.0,0,Thursday,2024-02-08 22:24:38-06:00,USE,1,0,2,0,230,47.22,315,336.0905,33.97214,14.926211,1429,463370,41.91,193.59,2699,235.19,105.23,0,0,110,90,-3,250,0.45,10.0,1.7,2
3,NaN,19.0,19.0,1,Thursday,2024-02-08 22:33:50-06:00,USE,2,2,5,0,568,49.21,347,376.8841,32.987514,28.072645,1440,617688,50.36,246.01,3005,326.7,133.55,1,1,110,90,-3,250,0.45,10.0,1.7,3
3,19.0,19.0,19.0,0,Friday,2024-02-09 18:01:53-06:00,USE,1,0,1,0,204,52.79,297,324.3848,25.920918,34.595276,1447,457813,33.09,183.62,2829,205.39,128.27,0,0,110,90,-3,250,0.45,10.0,1.7,0
3,NaN,19.0,20.0,0,Friday,2024-02-09 18:08:40-06:00,USE,0,1,3,0,174,47.18,324,338.33847,29.585186,15.185876,1420,467339,38.24,199.77,3092,214.56,138.2,0,0,110,90,-3,250,0.45,10.0,1.7,1
3,19.0,19.0,19.0,1,Friday,2024-02-09 18:21:09-06:00,USE,1,0,6,0,260,48.44,343,370.56482,28.361498,24.736464,1434,436647,36.91,176.67,2975,191.64,128.87,0,0,110,90,-3,250,0.45,10.0,1.7,2
3,19.0,19.0,19.0,1,Tuesday,2024-02-13 00:20:52-06:00,USE,0,1,1,0,172,38.44,306,337.53726,51.74392,15.396063,1382,430406,23.0,194.7,2901,263.12,64.51,0,2,110,90,-3,250,0.45,10.0,1.7,0
3,NaN,19.0,19.0,0,Tuesday,2024-02-13 00:21:38-06:00,USE,0,0,0,0,0,45.04,205,562.8518,17.653168,11.422637,1195,8163,1.47,8.77,3821,10.64,0.0,0,1,110,90,-3,250,0.45,10.0,1.7,1
3,19.0,18.0,20.0,0,Wednesday,2024-02-14 00:14:50-06:00,USE,0,4,0,0,318,49.09,333,340.0395,37.69162,25.379604,1372,558691,29.68,248.14,2627,279.46,136.43,1,0,110,90,-3,250,0.45,10.0,1.7,0
3,19.0,16.0,19.0,0,Wednesday,2024-02-14 00:52:56-06:00,USE,2,3,2,0,593,54.38,293,301.31894,28.428228,33.838272,1335,517842,32.37,270.59,2918,311.17,101.4,1,1,110,90,-3,250,0.45,10.0,1.7,1
3,19.0,18.0,19.0,1,Thursday,2024-02-15 22:29:00-06:00,USE,2,0,2,1,370,53.63,351,396.11237,24.316702,37.201237,1502,372819,45.12,135.89,2985,181.76,85.92,0,0,110,90,-3,250,0.45,10.0,1.7,0
3,19.0,17.0,19.0,1,Friday,2024-02-16 00:15:18-06:00,USE,1,0,3,1,320,52.44,360,390.59454,35.240414,33.408703,1460,491776,39.64,197.57,2778,230.83,133.0,0,0,110,90,-3,250,0.45,10.0,1.7,1
3,NaN,18.0,18.0,1,Monday,2024-02-26 02:54:41-06:00,USE,2,2,3,1,546,48.52,250,261.82294,28.472242,22.372787,1341,423145,20.91,216.41,3062,240.29,94.5,0,0,110,90,-3,250,0.45,10.0,1.7,0
3,19.0,19.0,19.0,0,Saturday,2024-03-02 10:18:11-06:00,USW,1,1,1,0,341,46.1,271,290.3465,32.385754,21.839392,1411,448212,45.3,196.85,2658,257.24,78.33,0,0,110,90,-3,250,0.45,10.0,1.7,0
3,NaN,19.0,19.0,1,Saturday,2024-03-02 10:25:17-06:00,USE,3,1,3,0,613,52.13,301,324.3201,25.210546,25.215776,1392,511276,41.39,240.17,2850,256.85,134.27,1,3,110,90,-3,250,0.45,10.0,1.7,1
3,NaN,19.0,19.0,1,Saturday,2024-03-02 10:32:56-06:00,USE,1,2,1,0,401,41.58,277,292.9918,47.746803,15.755779,1293,437612,31.19,244.54,2629,261.98,107.4,1,0,110,90,-3,250,0.45,10.0,1.7,2
3,18.0,17.0,18.0,0,Friday,2024-03-08 17:49:32-06:00,USE,1,1,3,0,279,60.26,180,248.77219,7.8504977,50.11588,1302,399983,18.34,227.2,2983,225.07,112.0,0,1,110,90,-3,250,0.45,10.0,1.7,0
3,NaN,17.0,17.0,0,Friday,2024-03-08 17:54:43-06:00,USE,0,2,1,0,225,54.39,267,283.54034,10.85579,33.4376,1360,315778,18.42,168.06,2810,155.26,96.71,1,0,110,90,-3,250,0.45,10.0,1.7,1
3,19.0,18.0,19.0,0,Thursday,2024-03-14 17:42:57-06:00,USE,0,0,1,0,54,42.3,230,238.6952,40.367992,21.343601,1245,141966,2.77,89.4,2528,51.0,70.62,0,0,110,90,-3,250,0.45,10.0,1.7,0
3,NaN,18.0,19.0,0,Thursday,2024-03-14 17:49:54-06:00,USW,0,0,3,0,140,51.41,295,330.42538,26.12737,21.453154,1415,458515,30.08,209.1,2979,238.98,106.08,0,1,110,90,-3,250,0.45,10.0,1.7,1
3,NaN,18.0,19.0,0,Thursday,2024-03-14 17:57:28-06:00,USE,0,2,3,1,310,47.33,348,345.7941,28.161673,19.708704,1455,477342,35.36,192.61,2696,238.78,112.37,0,1,110,90,-3,250,0.45,10.0,1.7,2
3,18.0,17.0,18.0,0,Monday,2024-03-25 17:29:52-06:00,USE,0,1,2,1,206,51.5,394,386.1167,21.544209,26.12629,1489,403470,34.98,147.41,2909,154.47,141.91,0,0,110,90,-3,250,0.45,10.0,1.7,0
3,19.0,19.0,19.0,1,Friday,2024-03-29 16:27:12-06:00,USW,0,3,3,1,359,49.72,373,411.6831,25.10707,20.903648,1495,506630,61.56,192.68,2841,259.3,104.33,1,0,110,90,-3,250,0.45,10.0,1.7,0
3,19.0,18.0,19.0,1,Wednesday,2024-04-03 00:06:55-06:00,USC,1,0,4,1,370,50.39,320,344.6881,24.879044,24.02173,1383,639462,36.74,282.05,2689,303.51,176.98,0,2,110,90,-3,250,0.45,10.0,1.7,0
3,NaN,18.0,18.0,0,Thursday,2024-04-11 06:11:34-06:00,USE,0,0,1,1,194,45.71,300,299.3879,40.13718,16.038908,1466,471570,38.16,189.99,2761,208.68,135.91,1,2,110,90,-3,250,0.45,10.0,1.7,0
3,NaN,18.0,18.0,0,Thursday,2024-04-11 06:26:12-06:00,USE,0,2,1,0,241,49.18,305,299.98273,30.730732,21.387802,1434,488833,38.8,205.68,2818,267.13,97.59,0,0,110,90,-3,250,0.45,10.0,1.7,1
3,19.0,19.0,19.0,1,Sunday,2024-09-15 11:51:30-06:00,USC,1,0,3,0,202,39.18,250,269.55154,42.78458,9.192222,1317,328060,21.78,174.08,2601,197.4,71.34,1,0,110,110,-3,250,0.6,10.0,1.7,0
2,19.0,18.0,19.0,0,Saturday,2024-11-09 05:12:31-06:00,USC,1,3,1,0,427,41.38,317,333.01486,42.933445,18.06619,1423,453715,39.25,190.86,2186,243.11,95.64,0,3,105,100,-3,280,0.6,10.0,1.7,0
3,19.0,19.0,20.0,0,Tuesday,2024-11-12 14:04:43-06:00,USE,0,0,0,0,158,47.24,384,379.86636,33.420757,24.548216,1488,455605,45.28,145.5,2735,172.11,142.0,0,1,110,100,-3,280,0.6,10.0,1.7,0
3,19.0,18.0,19.0,0,Tuesday,2024-11-12 14:21:30-06:00,USE,0,2,4,1,349,44.71,298,334.22876,37.25552,17.208513,1409,508784,34.52,225.06,2648,259.08,126.91,1,0,110,100,-3,280,0.6,10.0,1.7,1
2,NaN,19.0,19.0,0,Friday,2024-11-15 04:55:35-06:00,USC,0,4,4,0,435,54.51,401,430.1652,23.08341,33.1659,1519,406473,35.54,127.44,2637,176.68,102.52,1,3,110,100,-3,280,0.6,10.0,1.7,0
2,18.0,18.0,19.0,0,Saturday,2024-12-07 12:47:54-06:00,USC,2,2,2,0,550,47.71,386,404.93668,35.43023,19.542099,1407,502174,37.16,208.37,2278,233.82,146.49,1,3,110,110,-4,230,0.55,7.0,1.7,0
2,18.0,18.0,18.0,1,Saturday,2024-12-07 13:08:32-06:00,USE,1,0,5,2,372,37.52,354,383.47302,44.046955,15.483543,1475,273213,17.93,105.55,2481,113.78,89.56,0,0,110,110,-4,230,0.55,7.0,1.7,1
3,19.0,18.0,19.0,0,Sunday,2024-12-08 08:27:36-06:00,USE,0,0,1,0,144,35.8,383,404.44714,45.43386,19.544949,1459,321497,27.46,119.99,2057,157.45,70.3,1,2,110,110,-4,230,0.55,7.0,1.7,0
3,19.0,18.0,19.0,0,Sunday,2024-12-08 08:43:18-06:00,USE,3,2,4,0,614,41.72,341,321.86328,38.520485,19.67804,1471,732431,69.81,278.41,2743,405.08,130.64,0,2,110,110,-4,230,0.55,7.0,1.7,1
2,19.0,18.0,19.0,0,Sunday,2024-12-08 08:48:30-06:00,USC,0,2,1,0,325,46.5,443,456.80756,34.68489,23.058346,1533,381045,39.88,115.63,2486,163.04,97.33,0,3,110,110,-4,230,0.55,7.0,1.7,2
2,19.0,17.0,19.0,0,Sunday,2024-12-08 08:53:55-06:00,USW,1,1,3,1,338,46.27,411,452.6362,33.7814,25.787615,1525,331967,36.95,126.7,2333,169.73,78.17,0,1,110,110,-4,230,0.55,7.0,1.7,3
2,19.0,18.0,19.0,1,Sunday,2024-12-08 09:31:05-06:00,USE,3,0,7,1,575,43.55,405,453.03372,41.82555,20.822077,1611,383482,47.12,119.2,2643,167.59,100.4,0,0,110,110,-4,230,0.55,7.0,1.7,4
2,19.0,15.0,19.0,1,Sunday,2024-12-08 09:37:30-06:00,USE,5,0,6,0,711,42.75,399,392.7792,44.45381,22.025993,1462,287452,20.98,114.16,2227,100.85,115.36,1,0,110,110,-4,230,0.55,7.0,1.7,5
2,19.0,18.0,19.0,1,Sunday,2024-12-08 09:44:19-06:00,USE,2,4,4,0,707,43.22,433,424.67746,45.286133,19.15437,1463,464464,40.88,172.89,2016,213.31,122.33,1,3,110,110,-4,230,0.55,7.0,1.7,6
2,19.0,19.0,19.0,0,Sunday,2024-12-08 09:51:01-06:00,USC,1,1,1,0,328,42.09,367,336.45532,49.44393,12.639017,1416,457928,35.26,186.51,2158,205.05,136.72,1,1,110,110,-4,230,0.55,7.0,1.7,7
2,19.0,18.0,19.0,0,Sunday,2024-12-08 09:58:43-06:00,USW,2,3,4,1,535,36.05,365,379.7018,50.714207,14.424067,1432,464808,45.56,196.72,2514,245.29,116.15,0,1,110,110,-4,230,0.55,7.0,1.7,8
2,19.0,19.0,19.0,0,Sunday,2024-12-08 10:06:39-06:00,USC,2,2,3,0,456,44.36,358,395.48358,38.89863,20.186657,1429,517877,52.24,217.26,2131,264.39,130.3,1,0,110,110,-4,230,0.55,7.0,1.7,9
2,19.0,19.0,19.0,0,Monday,2024-12-09 11:16:11-06:00,USC,2,0,6,0,456,47.11,421,410.71725,33.14773,28.611034,1572,653965,79.87,203.23,2425,247.97,206.42,2,0,110,110,-4,230,0.55,7.0,1.7,0
2,19.0,19.0,19.0,1,Monday,2024-12-09 11:23:47-06:00,USC,2,2,5,1,560,39.21,426,423.21558,46.76211,16.229597,1557,560175,62.7,180.71,2596,233.04,156.18,1,1,110,110,-4,230,0.55,7.0,1.7,1
2,19.0,19.0,19.0,0,Monday,2024-12-09 11:30:43-06:00,USC,1,3,4,0,524,46.18,425,435.68735,30.456131,22.825115,1506,463802,58.11,167.29,2631,201.69,132.22,0,2,110,110,-4,230,0.55,7.0,1.7,2
2,19.0,19.0,19.0,0,Monday,2024-12-09 11:37:23-06:00,USW,1,1,3,0,331,38.77,375,363.65854,44.996,13.15514,1448,464607,33.07,178.64,2376,217.59,119.13,0,1,110,110,-4,230,0.55,7.0,1.7,3
2,19.0,18.0,19.0,0,Monday,2024-12-09 11:46:45-06:00,USE,0,0,0,0,36,32.66,158,42.955425,33.537373,10.66366,1021,101089,15.42,320.84,3249,353.07,13.36,0,0,110,110,-4,230,0.55,7.0,1.7,4
2,18.0,18.0,18.0,0,Monday,2024-12-09 11:53:20-06:00,USC,1,1,4,0,336,44.04,316,298.3768,32.386417,27.377064,1397,452343,34.22,202.5,2150,214.7,128.91,1,0,110,110,-4,230,0.55,7.0,1.7,5
2,18.0,18.0,18.0,0,Monday,2024-12-09 11:57:05-06:00,USC,1,0,2,0,182,42.42,359,371.47137,46.47327,19.066555,1467,238503,26.49,99.89,2089,122.62,55.9,1,0,110,110,-4,230,0.55,7.0,1.7,6
2,18.0,18.0,18.0,0,Monday,2024-12-09 11:57:05-06:00,USC,1,0,2,0,182,42.36,358,369.44662,46.44825,19.22987,1465,238552,26.24,99.82,2101,122.59,55.83,1,0,110,110,-4,230,0.55,7.0,1.7,7
3,18.0,18.0,19.0,1,Monday,2024-12-09 12:04:48-06:00,USE,2,0,4,1,416,44.79,310,349.5397,33.90734,21.828619,1450,494756,44.92,211.52,3025,218.83,152.07,0,0,110,110,-4,230,0.55,7.0,1.7,8
3,18.0,18.0,18.0,0,Monday,2024-12-09 12:13:39-06:00,USE,2,1,2,0,335,43.36,293,293.24194,45.55791,19.185535,1446,424756,47.16,184.74,2759,242.95,77.89,0,2,110,110,-4,230,0.55,7.0,1.7,9
3,18.0,14.0,19.0,1,Monday,2024-12-09 12:24:06-06:00,USE,2,1,3,1,424,49.26,378,381.9772,24.885235,22.661945,1456,473582,41.61,182.73,2659,206.19,140.8,0,1,110,110,-4,230,0.55,7.0,1.7,10
2,18.0,18.0,18.0,0,Tuesday,2024-12-10 11:18:48-06:00,USC,0,0,1,0,86,40.59,373,388.01465,43.472115,21.085743,1467,202112,10.91,73.79,2170,103.89,41.18,0,0,105,110,-4,230,0.55,7.0,1.7,0
2,18.0,18.0,18.0,1,Tuesday,2024-12-10 11:26:44-06:00,USE,1,1,3,2,476,41.99,415,431.6695,52.06819,15.835662,1531,516975,56.75,175.02,2575,242.85,124.43,1,2,105,110,-4,230,0.55,7.0,1.7,1
2,18.0,18.0,18.0,0,Tuesday,2024-12-10 11:31:06-06:00,USE,0,1,3,0,193,43.55,446,441.91635,42.40738,21.80779,1428,281944,27.15,116.95,2226,138.27,71.37,2,1,105,110,-4,230,0.55,7.0,1.7,2
2,18.0,18.0,18.0,1,Tuesday,2024-12-10 11:39:04-06:00,USE,1,2,5,1,398,42.28,422,433.23816,44.271458,16.728577,1485,440678,37.99,157.85,2276,189.45,123.33,0,0,109,110,-4,230,0.55,7.0,1.7,3
2,18.0,18.0,18.0,1,Tuesday,2024-12-10 11:53:31-06:00,USE,1,0,3,0,301,39.49,425,440.1979,41.850243,16.714115,1474,508065,49.22,192.03,2198,180.76,194.2,1,0,109,110,-4,230,0.55,7.0,1.7,4
2,18.0,18.0,18.0,1,Tuesday,2024-12-10 11:59:49-06:00,USE,2,0,3,1,428,40.83,406,463.46887,47.820694,13.752979,1484,437783,49.09,158.85,2343,183.11,135.6,1,0,109,110,-4,230,0.55,7.0,1.7,5
2,18.0,18.0,18.0,0,Tuesday,2024-12-10 12:06:55-06:00,USE,2,1,5,0,392,36.11,345,320.0194,47.655304,11.527788,1432,382865,25.48,162.05,2554,215.92,92.28,4,4,109,110,-4,230,0.55,7.0,1.7,6
2,18.0,18.0,18.0,1,Tuesday,2024-12-10 12:12:50-06:00,USE,2,2,2,2,555,33.24,382,417.6577,54.146114,9.417723,1463,419227,42.39,161.95,2368,208.94,100.37,0,2,109,110,-4,230,0.55,7.0,1.7,7
2,18.0,18.0,18.0,1,Tuesday,2024-12-10 12:18:59-06:00,USE,1,3,3,1,489,43.85,361,382.2841,37.50232,12.160574,1370,428543,31.51,198.84,2232,226.94,98.11,1,0,109,110,-4,230,0.55,7.0,1.7,8
2,18.0,18.0,18.0,1,Tuesday,2024-12-10 12:27:37-06:00,USE,0,1,4,1,370,39.64,418,437.1822,50.554646,17.748663,1453,459763,43.54,158.97,2294,163.27,165.07,0,1,109,110,-4,230,0.55,7.0,1.7,9
2,19.0,18.0,19.0,1,Sunday,NaN,USE,2,4,4,0,707,44.03,425,418.8117,45.125187,19.075235,1466,464246,40.93,172.77,2010,213.48,122.18,1,3,110,110,-4,230,0.55,7.0,1.7,0
2,NaN,19.0,19.0,0,Sunday,NaN,USW,2,2,5,4,772,40.38,401,439.16394,45.132637,24.73198,1502,580742,69.77,231.72,2583,304.46,141.23,2,0,110,110,-4,230,0.55,7.0,1.7,0
2,18.0,18.0,18.0,1,Friday,NaN,USE,2,3,4,0,667,43.16,434,453.0991,36.70389,20.12794,1585,542464,66.98,174.55,2609,241.47,131.46,1,0,105,110,-4,260,0.55,7.0,1.7,0
2,18.0,18.0,18.0,0,Friday,NaN,USE,0,3,3,1,378,43.17,374,415.30978,47.058247,16.275517,1521,438329,40.31,153.75,2254,207.72,111.47,0,0,105,110,-4,260,0.55,7.0,1.7,0
2,NaN,18.0,18.0,1,Friday,NaN,USC,2,4,5,2,746,43.01,407,425.65396,40.79477,21.567846,1523,514112,49.87,169.61,2042,252.55,115.94,0,0,109,110,-4,280,0.55,10.0,1.7,0
2,18.0,18.0,18.0,1,Friday,NaN,USC,2,0,4,2,554,47.23,432,468.28513,33.147404,26.14814,1510,508934,58.27,174.56,2382,241.68,121.59,0,2,109,110,-4,280,0.55,10.0,1.7,0
2,19.0,18.0,19.0,1,Saturday,NaN,USE,2,1,3,2,468,36.26,388,443.44904,42.264626,12.220624,1507,318396,35.67,122.5,2639,130.07,107.71,0,2,105,100,-3,280,0.6,10.0,1.7,0
2,19.0,19.0,19.0,0,Friday,NaN,USE,0,2,1,1,233,48.34,346,423.95566,46.132008,24.72794,1589,250909,28.62,70.52,2908,109.36,63.2,0,0,110,100,-3,280,0.6,10.0,1.7,0
2,19.0,19.0,19.0,1,Friday,NaN,USW,3,0,5,2,597,38.82,331,377.89676,43.00787,16.983664,1462,392993,21.02,151.42,2219,174.12,118.89,0,1,110,100,-3,280,0.6,10.0,1.7,0
3,19.0,19.0,19.0,1,Tuesday,NaN,USE,0,0,0,1,118,41.93,306,351.42535,47.75745,18.203512,1534,486622,42.59,164.17,2941,207.41,125.59,1,0,110,100,-3,280,0.6,10.0,1.7,0
2,19.0,19.0,19.0,0,Tuesday,NaN,USE,1,0,1,0,218,47.3,393,407.8864,38.67952,17.999561,1520,402806,40.21,133.24,2368,203.28,76.82,1,0,110,100,-3,280,0.6,10.0,1.7,0
2,19.0,19.0,19.0,0,Friday,NaN,USE,2,1,3,0,424,41.55,315,320.27536,45.244194,13.269108,1359,448786,21.35,211.13,2165,221.14,130.83,0,3,105,100,-3,280,0.6,10.0,1.7,0
2,18.0,18.0,18.0,0,Thursday,NaN,USE,1,3,4,1,623,48.6,436,468.4344,21.592226,21.918768,1539,538288,59.61,171.3,2041,276.67,105.92,1,0,100,100,-3,280,0.6,10.0,1.7,0
3,19.0,17.0,19.0,0,Wednesday,NaN,USE,1,1,0,0,306,51.47,325,348.76956,28.667126,32.253895,1381,448076,43.19,206.54,2675,273.49,71.08,1,0,110,90,-3,250,0.45,10.0,1.7,0
3,18.0,18.0,18.0,0,Wednesday,NaN,USE,1,0,3,0,298,55.96,340,358.23352,24.428503,35.383987,1450,620879,51.99,234.47,2537,258.0,188.05,1,1,110,90,-3,250,0.45,10.0,1.7,0
2,19.0,19.0,19.0,1,Saturday,NaN,USC,0,0,2,1,184,44.91,353,364.3936,36.12542,13.648685,1440,300332,34.27,127.6,2804,144.95,81.99,0,2,100,100,-3,280,0.6,10.0,1.7,0
2,19.0,18.0,19.0,0,Thursday,NaN,USW,1,4,3,0,575,41.9,340,343.33273,48.515182,19.396944,1414,451336,26.38,197.21,2068,208.01,131.56,0,1,98,100,-3,280,0.6,10.0,1.7,0
2,18.0,18.0,18.0,0,Sunday,NaN,USC,1,1,5,1,449,46.43,492,505.35522,34.776882,23.27725,1606,525379,64.18,135.97,2496,225.43,125.06,1,1,106,100,-3,280,0.6,10.0,1.7,0
2,NaN,18.0,18.0,0,Monday,NaN,USW,1,0,2,1,306,48.22,410,431.06796,33.103508,20.94969,1510,503342,70.84,180.78,2417,229.82,125.97,1,1,110,110,-3,250,0.6,10.0,1.7,0
2,18.0,18.0,18.0,0,Monday,NaN,USW,1,3,5,0,474,51.27,357,385.45172,30.310963,21.987226,1429,392708,40.35,158.5,2538,160.8,133.16,1,1,110,110,-3,250,0.6,10.0,1.7,0
2,18.0,18.0,18.0,1,Saturday,NaN,USE,3,1,5,0,499,47.34,474,494.43655,33.416733,23.986118,1631,376211,55.45,103.52,2180,156.39,100.34,1,1,110,110,-3,250,0.6,10.0,1.7,0
3,19.0,16.0,19.0,1,Sunday,NaN,USE,1,1,3,0,307,55.86,391,409.43002,30.629925,34.864178,1472,449143,42.85,159.83,2787,190.58,122.08,0,1,110,110,-3,250,0.6,10.0,1.7,0
2,18.0,17.0,18.0,1,Thursday,NaN,USW,2,1,8,0,498,45.09,417,406.86728,43.262913,23.737322,1512,444911,43.83,151.32,2104,125.49,184.9,0,1,110,110,-3,250,0.6,10.0,1.7,0
2,19.0,17.0,19.0,1,Tuesday,NaN,USW,2,2,3,0,639,51.02,422,424.55536,32.139606,18.807838,1616,532559,54.63,141.18,2318,215.7,136.94,1,0,110,110,-3,250,0.6,10.0,1.7,0
3,19.0,19.0,20.0,0,Sunday,NaN,USC,0,2,0,1,311,44.97,304,330.00336,48.089745,21.172483,1387,483329,33.7,208.02,2775,240.2,122.89,0,2,110,110,-3,250,0.6,10.0,1.7,0
3,19.0,19.0,19.0,1,Monday,NaN,USW,1,0,1,1,288,42.17,288,283.59644,37.714165,14.720202,1439,459174,31.0,185.95,2739,202.23,128.91,0,0,110,110,-3,250,0.6,10.0,1.7,0
2,NaN,18.0,18.0,1,Wednesday,NaN,USE,3,3,6,0,862,52.24,412,460.5072,30.816866,33.942112,1484,544152,57.4,198.1,1907,199.9,188.97,0,0,110,110,-3,250,0.6,10.0,1.7,0
3,NaN,19.0,19.0,1,Tuesday,NaN,USE,1,1,1,0,293,42.36,363,367.46872,34.147694,23.10653,1368,414634,31.22,178.18,2494,234.05,77.47,1,2,110,110,-3,250,0.6,10.0,1.7,0
3,NaN,19.0,19.0,0,Tuesday,NaN,USE,0,1,4,1,248,45.9,333,333.88147,39.379047,20.747227,1475,443158,43.17,167.52,3032,187.04,128.86,0,0,110,110,-3,250,0.6,10.0,1.7,0
3,19.0,16.0,19.0,1,Tuesday,NaN,USE,1,2,2,0,379,50.61,331,330.60187,25.74699,22.977503,1452,457402,45.17,176.37,2662,226.36,100.92,0,0,110,110,-3,250,0.6,10.0,1.7,0
2,NaN,18.0,18.0,1,Saturday,NaN,USC,1,1,6,2,520,52.63,386,422.74393,24.141918,26.214851,1375,464339,30.32,221.43,2414,218.53,145.05,2,2,110,110,-3,250,0.6,10.0,1.7,0
2,18.0,18.0,18.0,1,Saturday,NaN,USC,3,3,5,3,865,49.11,345,393.18817,26.815474,28.385387,1401,473170,34.8,221.3,2545,234.79,136.89,1,2,110,110,-3,250,0.6,10.0,1.7,0
2,NaN,18.0,18.0,0,Friday,NaN,USC,1,2,5,1,493,48.19,450,512.5127,32.19921,23.462908,1618,561264,75.5,156.32,2367,230.75,150.02,2,0,110,110,-3,250,0.6,10.0,1.7,0
2,18.0,16.0,18.0,1,Tuesday,NaN,USC,3,1,4,0,658,53.43,363,431.383,27.532253,27.149862,1460,476208,39.3,188.51,2378,196.79,153.0,0,2,110,110,-3,250,0.6,10.0,1.7,0
2,18.0,18.0,18.0,0,Tuesday,NaN,USE,1,0,5,0,274,45.69,425,427.97073,30.68052,24.407137,1464,459896,47.54,164.38,2228,198.78,130.69,1,1,110,110,-3,250,0.6,10.0,1.7,0
2,19.0,19.0,19.0,0,Wednesday,NaN,USE,1,0,4,0,294,50.49,277,333.8426,27.803696,27.025286,1429,508118,41.54,242.57,2668,280.68,124.71,1,0,110,110,-3,250,0.6,10.0,1.7,0
2,19.0,19.0,20.0,0,Monday,NaN,USE,0,1,2,0,218,54.37,414,442.11526,22.331913,25.7513,1517,474630,46.59,155.44,2675,199.03,125.55,0,0,110,110,-3,250,0.6,10.0,1.7,0
2,NaN,16.0,19.0,1,Monday,NaN,USE,2,3,3,3,735,54.7,361,408.18262,23.103642,29.750511,1557,543686,55.0,181.54,2377,253.86,133.83,1,0,110,110,-3,250,0.6,10.0,1.7,0
2,19.0,19.0,19.0,1,Monday,NaN,USE,1,0,1,0,254,44.97,358,383.53336,45.63887,22.944828,1463,331883,35.59,117.97,2725,142.73,95.49,1,1,110,110,-3,250,0.6,10.0,1.7,0
2,NaN,18.0,18.0,1,Friday,NaN,USE,3,2,4,0,611,45.57,390,396.1501,37.337257,21.315617,1437,463512,39.48,176.82,2222,217.79,120.1,0,0,110,110,-3,250,0.6,10.0,1.7,0
2,NaN,18.0,18.0,1,Friday,NaN,USE,2,0,4,0,410,46.3,378,418.51294,30.536242,18.973873,1452,519829,57.56,208.26,2666,211.69,176.66,0,0,110,110,-3,250,0.6,10.0,1.7,0
2,19.0,19.0,19.0,0,Tuesday,NaN,USC,0,0,2,0,72,46.82,385,361.13876,44.103615,21.57811,1528,226121,20.75,78.44,2439,115.18,47.31,1,0,110,110,-3,250,0.6,10.0,1.7,0
2,NaN,17.0,18.0,1,Thursday,NaN,USC,3,0,5,1,633,53.02,475,484.3886,32.614017,27.926376,1548,487422,64.22,156.88,2198,184.38,157.99,1,0,110,110,-3,250,0.6,10.0,1.7,0
2,18.0,18.0,18.0,1,Wednesday,NaN,USC,3,0,5,1,633,52.85,475,484.00635,32.646526,27.876133,1550,487272,63.69,157.32,2196,184.24,158.14,1,0,110,110,-3,250,0.6,10.0,1.7,0
2,18.0,18.0,18.0,0,Thursday,NaN,USC,0,1,0,0,140,57.1,366,493.35214,23.366625,34.15869,1408,183735,17.77,87.63,2425,119.2,29.97,1,0,110,110,-3,250,0.6,10.0,1.7,0
3,NaN,17.0,19.0,1,Sunday,NaN,USE,0,2,2,1,310,49.38,376,418.49976,35.43856,19.742498,1440,571913,39.76,233.73,3055,268.32,152.35,1,3,110,110,-3,250,0.6,10.0,1.7,0
3,19.0,19.0,20.0,1,Saturday,NaN,USE,3,1,3,0,505,48.36,311,321.6676,27.679901,16.763788,1419,397048,34.51,170.56,3169,218.7,79.95,1,1,110,110,-3,250,0.6,10.0,1.7,0
3,19.0,19.0,20.0,1,Saturday,NaN,USC,0,3,2,2,351,50.69,292,342.46573,25.80768,16.916647,1399,461997,37.31,213.53,2866,255.15,100.79,0,2,110,110,-3,250,0.6,10.0,1.7,0
3,NaN,20.0,20.0,0,Wednesday,NaN,USE,0,4,2,0,393,44.11,361,353.76727,35.03593,16.04408,1448,673032,46.85,257.59,2552,316.87,164.78,0,0,110,110,-3,250,0.6,10.0,1.7,0
3,NaN,20.0,20.0,0,Wednesday,NaN,USE,0,4,2,0,393,44.13,361,354.45358,35.032486,16.030184,1446,671459,46.27,257.21,2552,316.22,164.58,0,0,110,110,-3,250,0.6,10.0,1.7,0
3,20.0,19.0,20.0,1,Wednesday,NaN,USE,2,2,3,0,517,45.75,336,344.40125,38.352993,17.363026,1401,480305,32.35,216.14,2954,257.99,118.67,0,2,110,110,-3,250,0.6,10.0,1.7,0
3,19.0,19.0,20.0,1,Wednesday,NaN,USC,2,1,4,0,378,49.87,380,404.5464,30.649006,22.70493,1358,446426,31.75,223.33,2635,279.18,72.44,2,1,110,110,-3,250,0.6,10.0,1.7,0
3,19.0,19.0,20.0,1,Wednesday,NaN,USC,2,1,4,0,378,49.87,379,404.22253,30.673096,22.683565,1358,446325,31.57,223.95,2648,279.32,72.5,2,1,110,110,-3,250,0.6,10.0,1.7,0
3,NaN,19.0,20.0,1,Wednesday,NaN,USC,2,2,2,1,525,51.31,330,356.1731,27.452507,22.463406,1466,450687,31.05,163.96,2980,221.7,104.51,0,1,110,110,-3,250,0.6,10.0,1.7,0
3,19.0,19.0,20.0,1,Wednesday,NaN,USC,0,1,1,2,240,45.17,314,342.00507,27.038483,18.319489,1434,480139,30.92,204.24,2949,248.95,113.84,0,1,110,110,-3,250,0.6,10.0,1.7,0
3,19.0,19.0,20.0,0,Wednesday,NaN,USC,0,0,0,0,136,44.23,361,379.22864,42.069363,19.739992,1472,396822,26.27,148.35,2788,186.28,103.65,0,1,110,110,-3,250,0.6,10.0,1.7,0
3,NaN,19.0,19.0,1,Tuesday,NaN,USE,1,1,1,0,327,42.37,324,318.73514,38.676918,13.052958,1421,480547,35.96,205.49,2760,243.25,109.54,0,0,110,110,-3,250,0.6,10.0,1.7,0
3,19.0,19.0,19.0,1,Tuesday,NaN,USE,2,1,3,0,380,47.55,350,369.65112,33.103985,27.95083,1475,489623,47.42,183.91,2797,244.6,118.2,0,3,110,110,-3,250,0.6,10.0,1.7,0
3,NaN,20.0,20.0,0,Sunday,NaN,USC,0,0,2,1,174,47.67,382,403.23575,37.881207,22.330744,1487,442029,24.28,154.55,2748,181.14,130.49,0,3,110,110,-3,250,0.6,10.0,1.7,0
3,19.0,19.0,19.0,1,Sunday,NaN,USE,1,1,2,0,294,47.69,338,349.22656,35.738277,21.897203,1461,471309,36.0,187.72,2647,216.49,124.77,1,1,110,110,-3,250,0.6,10.0,1.7,0
3,19.0,19.0,19.0,1,Sunday,NaN,USW,0,1,1,1,246,55.23,287,323.0146,22.95483,34.85162,1402,458247,37.9,208.69,3013,223.33,127.34,0,0,110,110,-3,250,0.6,10.0,1.7,0
3,NaN,19.0,19.0,0,Sunday,NaN,USE,0,0,1,0,118,54.74,353,416.0951,20.407999,27.4824,1434,344497,31.73,146.84,2755,189.6,67.02,1,2,110,110,-3,250,0.6,10.0,1.7,0
3,NaN,18.0,19.0,1,Sunday,NaN,USE,1,0,3,0,282,44.76,342,356.53833,34.907955,20.941261,1481,485509,37.54,178.35,2910,189.29,160.7,0,1,110,110,-3,250,0.6,10.0,1.7,0
3,NaN,19.0,19.0,1,Sunday,NaN,USE,3,0,4,0,513,47.8,329,349.44577,33.555927,21.562723,1380,445416,26.86,200.08,2659,217.68,124.04,0,1,110,110,-3,250,0.6,10.0,1.7,0
3,19.0,19.0,19.0,1,Sunday,NaN,USE,1,0,2,0,174,55.4,359,399.26874,22.475359,26.335358,1519,246557,25.13,81.71,2856,109.35,63.61,0,0,110,110,-3,250,0.6,10.0,1.7,0
2,18.0,18.0,19.0,1,Sunday,NaN,USC,3,3,9,0,816,48.5,398,423.0975,34.730686,23.60911,1463,508497,42.84,195.67,2368,239.07,133.22,0,0,110,110,-3,250,0.6,10.0,1.7,0
2,18.0,18.0,18.0,1,Thursday,NaN,USC,3,2,5,2,807,44.61,335,375.41202,35.88758,19.24894,1471,511006,48.87,214.27,2457,229.27,151.89,1,0,110,110,-3,250,0.6,10.0,1.7,0
3,19.0,18.0,19.0,0,Wednesday,NaN,USC,0,1,0,0,106,42.56,314,314.52805,46.45902,11.634256,1369,241642,17.05,115.51,2823,143.54,45.09,0,1,110,110,-3,250,0.6,10.0,1.7,0
2,17.0,17.0,17.0,0,Wednesday,NaN,USC,0,1,3,0,212,56.32,385,429.63147,25.32742,32.493332,1480,461924,44.46,162.34,2115,202.7,125.34,0,1,110,110,-3,250,0.6,10.0,1.7,0
3,19.0,16.0,19.0,0,Monday,NaN,USW,1,1,2,0,262,49.34,343,352.8884,28.583115,23.45724,1494,483557,53.31,174.96,2688,204.1,144.56,0,1,110,110,-3,250,0.6,10.0,1.7,0
3,19.0,17.0,19.0,1,Thursday,NaN,USC,1,3,3,1,448,48.28,359,354.87253,27.690807,14.628133,1566,520157,50.22,169.7,2967,212.56,145.5,0,1,110,90,-3,250,0.45,10.0,1.7,0
3,NaN,19.0,19.0,0,Thursday,NaN,USE,1,2,1,0,314,53.89,340,345.2014,21.186314,30.361513,1447,456215,46.38,173.49,2908,231.54,101.16,1,0,110,90,-3,250,0.45,10.0,1.7,0
3,19.0,17.0,19.0,1,Thursday,NaN,USE,1,0,3,1,288,54.14,339,358.5081,25.249222,22.727001,1486,472738,32.58,177.04,2706,164.28,169.61,0,0,110,90,-3,250,0.45,10.0,1.7,0
3,NaN,18.0,18.0,1,Thursday,NaN,USE,1,3,1,2,508,38.04,328,331.52493,51.33742,13.836017,1492,483420,33.55,193.8,2679,249.8,110.09,0,0,110,90,-3,250,0.45,10.0,1.7,0
3,19.0,18.0,19.0,0,Thursday,NaN,USE,0,2,1,0,241,48.87,305,300.62775,30.86056,21.356796,1440,492917,40.32,205.48,2820,268.93,97.66,0,0,110,90,-3,250,0.45,10.0,1.7,0
3,19.0,19.0,19.0,0,Thursday,NaN,USC,0,2,2,1,303,51.64,328,366.74686,26.95632,26.624985,1480,489641,46.09,193.61,2717,233.95,120.47,0,0,110,90,-3,250,0.45,10.0,1.7,0
3,19.0,17.0,19.0,0,Tuesday,NaN,USE,1,0,3,0,260,51.74,349,333.04477,24.540476,24.341078,1466,398377,35.63,155.39,2645,201.34,90.53,0,0,110,90,-3,250,0.45,10.0,1.7,0
2,17.0,16.0,17.0,1,Saturday,NaN,USC,2,1,5,2,568,44.97,342,358.10175,35.740715,19.1793,1442,496445,35.47,203.68,2345,217.04,157.14,0,0,110,90,-3,250,0.45,10.0,1.7,0
1,15.0,15.0,15.0,1,Thursday,NaN,USW,5,0,7,0,799,46.34,391,379.8875,42.16459,27.686035,1493,404728,38.01,150.07,1750,201.35,104.19,3,4,110,90,-3,250,0.45,10.0,1.7,0
3,19.0,19.0,19.0,1,Wednesday,NaN,USC,0,1,0,1,267,54.95,348,371.73193,23.121016,29.984388,1432,545404,33.79,212.94,2632,242.99,160.74,0,1,110,90,-3,250,0.45,10.0,1.7,0
3,19.0,18.0,19.0,1,Wednesday,NaN,USC,1,0,2,2,318,53.4,353,362.0477,24.26728,31.686172,1389,396753,26.33,188.11,3016,204.04,108.16,0,0,110,90,-3,250,0.45,10.0,1.7,0
3,19.0,19.0,19.0,1,Tuesday,NaN,USC,2,0,4,1,448,47.2,393,404.55798,36.7888,23.223862,1568,403488,42.18,116.78,2722,138.06,135.4,2,1,110,90,-3,250,0.45,10.0,1.7,0
3,19.0,18.0,19.0,1,Tuesday,NaN,USC,1,0,2,0,184,46.85,366,357.6685,36.99978,22.282904,1453,445990,45.08,159.61,2884,203.78,111.86,2,0,110,90,-3,250,0.45,10.0,1.7,0
3,19.0,17.0,19.0,1,Thursday,NaN,USE,0,0,0,0,120,52.42,414,434.1511,30.223902,23.91419,1560,520290,66.92,164.02,2715,225.58,127.77,1,0,110,90,-3,250,0.45,10.0,1.7,0
3,18.0,18.0,18.0,0,Thursday,NaN,USE,1,0,2,0,186,46.69,402,401.69836,31.523333,17.963903,1552,487100,54.59,156.01,2918,173.91,156.62,0,2,110,90,-3,250,0.45,10.0,1.7,0
3,NaN,18.0,18.0,1,Wednesday,NaN,USE,1,1,1,1,291,46.09,309,315.28775,27.252598,23.19614,1465,354630,34.85,133.56,2865,151.29,109.1,1,2,110,90,-3,250,0.45,10.0,1.7,0
3,18.0,17.0,18.0,0,Wednesday,NaN,USE,2,0,5,0,382,48.61,360,389.70392,34.247017,20.850874,1463,465938,47.27,187.21,2809,209.42,138.49,1,1,110,90,-3,250,0.45,10.0,1.7,0
3,NaN,18.0,18.0,1,Monday,NaN,USE,0,1,2,1,253,53.81,358,354.35126,29.106369,29.914375,1454,467892,32.15,182.4,2688,240.49,104.07,0,2,110,90,-3,250,0.45,10.0,1.7,0
3,19.0,18.0,19.0,0,Monday,NaN,USE,0,0,2,0,108,52.68,299,336.56888,30.219248,30.62966,1384,244999,16.24,115.2,2753,129.87,62.28,0,2,110,90,-3,250,0.45,10.0,1.7,0
3,19.0,17.0,19.0,0,Monday,NaN,USE,0,1,5,1,286,43.16,313,306.41635,31.242023,18.75291,1381,666048,50.58,298.98,2733,303.88,200.21,1,1,110,90,-3,250,0.45,10.0,1.7,0
3,19.0,18.0,19.0,1,Saturday,NaN,USW,3,0,6,1,569,50.82,306,304.48395,24.27669,25.724752,1439,478876,37.98,199.2,3038,211.66,144.47,0,0,110,90,-3,250,0.45,10.0,1.7,0
3,NaN,19.0,19.0,0,Thursday,NaN,USE,0,1,1,0,157,57.04,309,335.61047,25.5877,33.611168,1418,331689,26.96,147.63,2654,189.64,63.57,1,0,110,90,-3,250,0.45,10.0,1.7,0
3,19.0,19.0,19.0,1,Thursday,NaN,USE,4,2,4,0,673,47.25,332,318.22827,24.509588,24.037342,1411,361586,27.79,175.07,2948,157.96,126.74,0,0,110,90,-3,250,0.45,10.0,1.7,0
3,19.0,17.0,19.0,1,Thursday,NaN,USE,4,2,4,0,673,47.25,332,318.37292,24.404524,24.073603,1404,361554,27.72,175.25,2936,158.01,126.49,0,0,110,90,-3,250,0.45,10.0,1.7,0
3,NaN,18.0,19.0,1,Thursday,NaN,USE,0,0,0,0,81,49.22,384,405.70892,42.552547,21.570473,1516,482963,54.16,162.1,2668,216.64,117.65,4,2,110,90,-3,250,0.45,10.0,1.7,0
3,19.0,18.0,19.0,1,Thursday,NaN,USE,3,0,5,0,479,51.17,391,382.5009,27.499237,31.054811,1542,387866,49.48,131.02,2723,130.2,141.01,0,0,110,90,-3,250,0.45,10.0,1.7,0
3,19.0,18.0,19.0,0,Thursday,NaN,USE,0,3,2,1,454,43.1,304,308.1173,49.318867,18.469267,1449,544554,43.1,222.37,2384,283.3,123.58,0,1,110,90,-3,250,0.45,10.0,1.7,0
3,19.0,18.0,19.0,0,Thursday,NaN,USE,0,3,2,1,454,43.1,304,307.98215,49.33643,18.457424,1445,544558,42.95,222.73,2371,283.27,123.7,0,1,110,90,-3,250,0.45,10.0,1.7,0
3,19.0,17.0,19.0,0,Wednesday,NaN,USW,1,3,2,0,426,47.71,301,318.38632,28.134188,19.70187,1435,472070,32.17,200.17,2979,220.94,129.97,0,0,110,90,-3,250,0.45,10.0,1.7,0
3,19.0,17.0,19.0,0,Wednesday,NaN,USW,1,3,2,0,426,47.71,301,318.7187,28.156912,19.734558,1438,472063,32.0,199.93,2986,220.77,129.88,0,0,110,90,-3,250,0.45,10.0,1.7,0
3,19.0,17.0,19.0,0,Wednesday,NaN,USW,1,3,2,0,426,47.82,301,318.36734,28.18326,19.696524,1436,472081,31.89,200.14,2993,220.87,130.02,0,0,110,90,-3,250,0.45,10.0,1.7,0
3,19.0,19.0,19.0,0,Sunday,NaN,USE,0,1,2,0,138,50.6,274,285.1051,28.0,31.817722,1294,245921,11.81,130.48,3039,156.14,46.08,0,1,110,90,-3,250,0.45,10.0,1.7,0
3,19.0,18.0,19.0,0,Friday,NaN,USE,1,1,2,0,274,57.02,328,324.74744,27.771261,36.130917,1377,444829,29.07,218.49,2695,201.87,136.33,1,1,110,90,-3,250,0.45,10.0,1.7,0
3,19.0,18.0,19.0,0,Thursday,NaN,USE,0,0,1,0,148,54.84,322,339.79077,15.879718,27.213692,1366,416338,27.71,192.02,2695,201.22,114.45,0,0,110,90,-3,250,0.45,10.0,1.7,0
3,19.0,18.0,19.0,1,Thursday,NaN,USE,0,2,2,2,282,51.76,360,385.99777,20.46972,20.795218,1465,492669,49.99,203.47,2998,246.23,116.19,1,0,110,90,-3,250,0.45,10.0,1.7,0
3,19.0,18.0,19.0,1,Thursday,NaN,USE,0,3,1,0,325,55.11,302,324.2343,18.969526,30.02139,1379,432721,27.7,201.41,2915,195.05,134.96,1,2,110,90,-3,250,0.45,10.0,1.7,0
3,18.0,18.0,18.0,1,Thursday,NaN,USE,2,0,2,0,330,48.58,310,323.99106,29.298456,23.223467,1449,470500,48.91,192.55,2972,256.05,94.28,2,1,110,90,-3,250,0.45,10.0,1.7,0
3,18.0,18.0,18.0,0,Tuesday,NaN,USW,0,2,2,1,365,44.36,250,262.52747,30.708723,17.912083,1347,497478,27.85,246.35,2760,282.96,102.16,1,3,110,90,-3,250,0.45,10.0,1.7,0
3,NaN,18.0,18.0,0,Monday,NaN,USE,0,2,2,0,194,36.6,275,301.72318,35.784286,16.060928,1447,247499,24.85,103.96,2672,128.83,53.46,0,2,110,90,-3,250,0.45,10.0,1.7,0
3,18.0,18.0,18.0,1,Monday,NaN,USE,3,1,5,0,623,46.67,321,326.34067,30.952976,25.170238,1437,390703,32.29,164.36,3055,200.42,83.47,0,0,110,90,-3,250,0.45,10.0,1.7,0
3,NaN,17.0,17.0,0,Monday,NaN,USE,0,3,0,0,229,50.49,278,309.76352,22.275387,32.496212,1348,433563,33.14,220.07,2986,229.66,111.7,2,2,110,90,-3,250,0.45,10.0,1.7,0
3,NaN,NaN,NaN,1,Wednesday,NaN,USW,3,1,3,0,488,50.56,390,424.03168,28.052479,19.673845,1481,263512,26.51,108.5,2894,127.72,69.58,0,1,90,120,-6,400,0.5,6.5,1.6,0
3,18.0,17.0,18.0,1,Friday,NaN,USE,2,3,5,1,659,48.46,319,341.0414,31.51919,18.69194,1360,558991,56.0,277.51,2898,314.34,127.72,0,3,110,90,-3,250,0.45,10.0,1.7,0
3,18.0,18.0,18.0,0,Saturday,NaN,USE,0,1,2,1,307,52.62,313,334.76746,25.989613,27.16512,1448,521350,57.68,197.96,2640,216.8,159.01,2,1,110,90,-3,250,0.45,10.0,1.7,0
3,19.0,19.0,19.0,0,Monday,NaN,USE,0,2,1,0,180,48.84,295,313.93488,33.27803,16.772667,1382,436161,35.39,199.07,3045,218.53,108.81,0,0,110,90,-3,250,0.45,10.0,1.7,0
3,19.0,17.0,19.0,0,Saturday,NaN,USE,1,0,3,1,246,49.48,281,330.2217,29.573578,23.178627,1418,491687,48.49,224.32,3078,212.85,161.41,1,2,110,90,-3,250,0.45,10.0,1.7,0
3,19.0,18.0,19.0,1,Friday,NaN,USW,0,0,0,0,52,50.34,308,311.55304,24.21373,27.638239,1404,439612,36.59,188.38,2964,194.12,128.54,2,0,110,90,-3,250,0.45,10.0,1.7,0
3,19.0,18.0,19.0,0,Wednesday,NaN,USE,0,2,2,0,285,52.83,319,348.87912,27.642328,35.158493,1379,431269,35.05,195.06,2744,191.22,134.04,0,0,110,90,-3,250,0.45,10.0,1.7,0
3,19.0,19.0,19.0,0,Tuesday,NaN,USE,1,0,2,0,226,50.95,274,308.23245,26.367634,27.631496,1387,440423,19.52,213.91,2967,250.39,91.95,0,0,110,90,-3,250,0.45,10.0,1.7,0
3,NaN,17.0,21.0,0,Friday,NaN,USE,0,0,0,0,76,53.43,224,252.71336,24.69256,19.59089,1260,199652,6.53,129.41,2917,133.99,39.88,0,0,110,90,-3,250,0.45,10.0,1.7,0
3,19.0,16.0,19.0,1,Friday,NaN,USE,1,3,4,0,490,61.04,273,293.7842,13.763901,34.40975,1351,405943,21.9,203.75,2839,170.98,144.7,0,0,110,90,-3,250,0.45,10.0,1.7,0
3,19.0,16.0,19.0,1,Thursday,NaN,USW,1,0,1,2,286,51.68,281,284.95462,25.165642,35.02891,1415,448166,34.91,194.09,3100,239.08,98.03,0,1,110,90,-3,250,0.45,10.0,1.7,0
3,19.0,18.0,19.0,1,Thursday,NaN,USW,0,2,0,0,180,48.81,245,261.23053,32.735096,18.42232,1343,408936,17.82,206.39,3196,233.37,81.87,0,0,110,90,-3,250,0.45,10.0,1.7,0
3,NaN,19.0,19.0,1,Thursday,NaN,USW,2,2,3,0,494,47.02,316,336.5836,34.618546,27.697186,1381,445694,38.57,209.36,2767,256.02,86.77,0,0,110,90,-3,250,0.45,10.0,1.7,0
3,19.0,19.0,19.0,1,Monday,NaN,USE,1,1,4,1,342,44.17,262,257.29892,48.796883,13.280284,1298,389585,20.1,212.92,2750,202.3,122.0,0,1,110,90,-3,250,0.45,10.0,1.7,0
3,19.0,19.0,19.0,0,Saturday,NaN,USE,0,1,0,1,276,46.6,314,342.5169,21.266285,19.919914,1306,439874,28.38,231.14,2669,256.6,100.59,0,0,110,90,-3,250,0.45,10.0,1.7,0
3,19.0,19.0,20.0,0,Saturday,NaN,USE,0,4,2,1,423,48.74,317,350.70975,26.79786,26.628578,1443,462593,45.85,189.99,3297,246.36,97.22,0,3,110,90,-3,250,0.45,10.0,1.7,0
3,19.0,19.0,20.0,0,Saturday,NaN,USE,0,4,2,1,423,48.8,318,352.119,26.823217,26.950312,1445,462585,46.07,189.4,3298,245.94,97.27,0,3,110,90,-3,250,0.45,10.0,1.7,0
3,19.0,19.0,20.0,0,Friday,NaN,USE,0,0,1,0,146,54.66,302,359.82788,18.103064,31.183434,1440,470232,40.09,195.31,2839,232.18,116.92,0,1,110,90,-3,250,0.45,10.0,1.7,0
3,NaN,19.0,19.0,0,Friday,NaN,USE,0,0,1,0,146,54.66,302,359.63446,18.102552,31.148611,1438,470686,40.47,195.33,2825,232.41,117.05,0,1,110,90,-3,250,0.45,10.0,1.7,0
3,NaN,19.0,19.0,1,Friday,NaN,USE,0,2,4,1,315,48.82,346,361.76883,31.102503,18.022379,1396,374680,22.49,162.99,2764,191.62,89.4,1,2,110,90,-3,250,0.45,10.0,1.7,0
3,19.0,19.0,20.0,0,Friday,NaN,USE,0,1,1,0,184,55.01,363,369.02502,23.868912,35.44453,1456,565263,56.09,208.66,2990,272.06,131.5,1,1,110,90,-3,250,0.45,10.0,1.7,0
3,19.0,19.0,20.0,0,Friday,NaN,USE,0,1,1,0,184,55.07,363,368.44632,23.852705,35.433365,1457,565266,56.24,209.15,2989,272.35,131.88,1,1,110,90,-3,250,0.45,10.0,1.7,0
3,19.0,19.0,20.0,1,Friday,NaN,USE,0,0,0,1,116,47.26,293,320.26004,36.73985,22.206709,1383,444646,21.08,206.16,3007,234.59,109.22,2,1,110,90,-3,250,0.45,10.0,1.7,0
3,19.0,19.0,20.0,1,Friday,NaN,USE,0,0,0,1,116,47.41,290,317.66742,36.47883,22.205408,1386,444605,21.35,206.28,2998,234.76,109.25,2,1,110,90,-3,250,0.45,10.0,1.7,0
3,19.0,16.0,19.0,1,Friday,NaN,USE,4,1,5,1,751,54.64,301,322.35794,24.580585,25.371883,1310,440695,26.43,236.24,3155,261.94,105.92,1,0,110,90,-3,250,0.45,10.0,1.7,0
3,19.0,18.0,19.0,1,Friday,NaN,USE,2,0,2,0,327,53.39,335,337.48096,22.136196,24.059225,1407,536204,40.68,225.22,2926,282.14,123.34,0,2,110,90,-3,250,0.45,10.0,1.7,0
3,NaN,19.0,20.0,0,Thursday,NaN,USE,0,2,1,0,208,51.0,318,334.14648,28.456823,26.258703,1417,430970,28.06,172.41,2933,194.2,120.06,0,1,110,90,-3,250,0.45,10.0,1.7,0
3,19.0,19.0,19.0,0,Thursday,NaN,USE,0,0,1,0,114,46.52,304,322.87466,32.426777,24.003075,1379,307814,23.8,140.65,2692,198.89,44.06,0,0,110,90,-3,250,0.45,10.0,1.7,0
3,19.0,19.0,19.0,0,Wednesday,NaN,USE,1,1,1,0,278,49.07,299,319.9906,31.83339,24.666222,1365,453769,43.72,235.47,2843,252.76,108.83,0,0,110,90,-3,250,0.45,10.0,1.7,0
3,19.0,18.0,19.0,1,Wednesday,NaN,USE,0,2,1,0,176,51.2,304,337.5808,26.605103,26.86404,1374,429610,25.72,198.89,2851,223.16,101.0,0,0,110,90,-3,250,0.45,10.0,1.7,0
3,19.0,18.0,19.0,1,Wednesday,NaN,USE,0,3,1,1,383,44.66,320,360.7427,34.04165,15.259952,1434,489696,48.52,193.3,3067,253.74,102.47,0,2,110,90,-3,250,0.45,10.0,1.7,0
3,19.0,19.0,19.0,0,Wednesday,NaN,USE,3,5,4,0,833,44.96,337,342.20035,33.779457,19.758043,1450,514742,44.06,224.16,2753,274.07,120.53,0,0,110,90,-3,250,0.45,10.0,1.7,0
3,19.0,18.0,19.0,0,Wednesday,NaN,USE,0,1,4,0,217,46.05,339,355.41226,32.627567,23.816582,1440,458357,32.68,177.34,2828,212.74,121.54,0,1,110,90,-3,250,0.45,10.0,1.7,0
3,19.0,19.0,19.0,1,Wednesday,NaN,USE,2,2,2,0,435,49.47,339,365.48495,35.43291,26.462772,1499,492704,48.51,181.01,2867,221.05,130.02,0,0,110,90,-3,250,0.45,10.0,1.7,0
3,19.0,18.0,19.0,1,Wednesday,NaN,USE,2,2,2,0,435,49.47,339,365.5069,35.404034,26.494543,1500,492731,48.51,181.49,2861,221.19,129.93,0,0,110,90,-3,250,0.45,10.0,1.7,0
3,19.0,18.0,19.0,0,Sunday,NaN,USW,0,1,0,0,132,42.53,341,347.5836,47.15936,17.216015,1457,451404,42.61,171.53,2607,252.78,68.53,3,1,110,90,-3,250,0.45,10.0,1.7,0
3,19.0,18.0,19.0,0,Sunday,NaN,USE,0,0,3,1,192,41.12,358,403.04587,47.340332,15.957995,1477,486477,49.81,190.28,2564,227.42,125.77,1,1,110,90,-3,250,0.45,10.0,1.7,0
3,18.0,18.0,18.0,1,Friday,NaN,USE,0,0,2,1,208,50.01,445,500.85812,28.768442,17.081528,1594,530936,45.13,141.19,2670,201.22,154.36,2,0,110,90,-3,250,0.45,10.0,1.7,0
3,18.0,18.0,19.0,1,Friday,NaN,USE,3,0,5,1,609,55.0,432,447.4337,27.85172,28.49857,1670,377927,60.24,90.59,2772,148.61,96.09,0,1,110,90,-3,250,0.45,10.0,1.7,0
3,NaN,19.0,19.0,1,Thursday,NaN,USE,0,2,4,1,367,47.16,536,553.74036,36.172726,23.292522,1709,586261,106.09,140.05,2815,254.61,117.86,1,0,110,90,-3,250,0.45,10.0,1.7,0
3,NaN,19.0,19.0,0,Thursday,NaN,USE,0,2,4,0,218,44.1,610,628.78955,40.358418,17.787115,1768,543003,102.06,85.78,2747,212.91,102.07,0,0,110,90,-3,250,0.45,10.0,1.7,0
3,NaN,19.0,19.0,0,Thursday,NaN,USE,0,2,2,0,230,43.19,476,488.00534,43.122005,23.026129,1615,494739,77.94,138.63,2746,227.59,94.73,1,1,110,90,-3,250,0.45,10.0,1.7,0
3,19.0,18.0,19.0,0,Tuesday,NaN,USW,0,3,1,0,351,58.11,353,374.36795,22.883167,37.697742,1413,418587,37.21,181.86,2508,239.38,80.75,1,0,110,90,-3,250,0.45,10.0,1.7,0
3,19.0,18.0,19.0,0,Tuesday,NaN,USW,0,3,1,0,351,58.24,349,369.75568,22.843428,37.670254,1417,418608,37.14,181.67,2498,239.26,80.77,1,0,110,90,-3,250,0.45,10.0,1.7,0
3,19.0,19.0,20.0,0,Tuesday,NaN,USE,1,0,2,0,256,42.84,344,323.598,45.80551,13.640578,1349,434821,36.06,206.99,2892,251.66,86.11,0,0,110,90,-3,250,0.45,10.0,1.7,0
3,19.0,19.0,19.0,0,Thursday,NaN,USE,0,0,3,1,202,43.48,414,403.84778,38.849625,23.587973,1511,528460,64.14,180.49,2687,221.77,143.42,0,0,110,90,-3,250,0.45,10.0,1.7,0
3,19.0,19.0,19.0,1,Thursday,NaN,USE,1,1,4,1,318,40.85,345,373.81055,43.792046,22.700787,1479,438267,49.28,164.01,3044,197.57,116.6,0,0,110,90,-3,250,0.45,10.0,1.7,0
3,NaN,18.0,19.0,1,Monday,NaN,USW,2,2,3,1,572,50.8,376,383.7331,28.25319,24.222292,1506,533443,68.41,205.27,3015,289.01,106.53,0,3,110,90,-3,250,0.45,10.0,1.7,0
3,19.0,18.0,19.0,0,Monday,NaN,USW,0,2,3,0,256,51.47,467,484.05835,26.685266,28.100338,1618,617905,81.11,166.13,2660,236.48,162.57,1,0,110,90,-3,250,0.45,10.0,1.7,0
3,NaN,19.0,19.0,0,Friday,NaN,USE,1,1,1,0,250,54.43,328,379.3526,25.478067,30.568056,1446,488561,38.58,199.6,2608,225.92,134.58,1,0,110,90,-3,250,0.45,10.0,1.7,0
3,19.0,19.0,19.0,0,Thursday,NaN,USE,0,0,0,0,102,44.62,347,365.2899,35.327637,19.147158,1491,466963,41.84,169.88,2935,240.28,85.18,0,0,110,90,-3,250,0.45,10.0,1.7,0
3,NaN,18.0,18.0,0,Thursday,NaN,USE,0,0,0,0,102,44.87,347,364.79575,35.351315,19.127985,1485,466978,41.76,169.75,2947,240.57,84.97,0,0,110,90,-3,250,0.45,10.0,1.7,0
3,19.0,18.0,19.0,0,Thursday,NaN,USE,0,0,0,0,102,44.66,347,365.24374,35.32235,19.133585,1486,466966,41.89,170.32,2942,240.73,84.86,0,0,110,90,-3,250,0.45,10.0,1.7,0
3,19.0,19.0,19.0,0,Tuesday,NaN,USE,1,3,1,1,436,52.67,366,384.6552,23.81489,29.415968,1513,532165,61.44,194.55,3091,289.03,101.56,1,1,110,90,-3,250,0.45,10.0,1.7,0
3,19.0,17.0,19.0,0,Tuesday,NaN,USE,2,1,6,1,454,50.11,370,394.3229,33.769276,21.823956,1522,535354,51.15,205.56,2791,251.02,139.57,1,1,110,90,-3,250,0.45,10.0,1.7,0
3,18.0,18.0,18.0,1,Friday,NaN,USW,1,1,3,1,320,52.12,331,379.27954,28.31706,29.173286,1494,437479,44.48,160.29,3104,209.42,104.48,1,2,110,90,-3,250,0.45,10.0,1.7,0
3,18.0,18.0,20.0,1,Wednesday,NaN,USW,0,2,4,1,269,51.7,335,343.0039,22.979454,30.88664,1432,429537,29.83,172.98,2861,138.61,171.0,1,0,110,90,-3,250,0.45,10.0,1.7,0
3,NaN,19.0,19.0,0,Tuesday,NaN,USW,1,0,1,0,218,48.11,380,393.47076,36.043224,19.133705,1489,497690,46.9,186.73,2713,247.22,113.51,2,2,110,90,-3,250,0.45,10.0,1.7,0
3,NaN,19.0,19.0,1,Tuesday,NaN,USE,0,1,2,0,134,47.08,347,378.9544,33.04298,24.293077,1454,508040,44.09,219.56,2854,250.24,137.34,0,0,110,90,-3,250,0.45,10.0,1.7,0
3,19.0,16.0,19.0,1,Wednesday,NaN,USE,0,1,2,0,134,47.08,347,379.55472,33.058483,24.24219,1451,508081,44.29,219.29,2848,250.03,137.31,0,0,110,90,-3,250,0.45,10.0,1.7,0
3,NaN,18.0,18.0,1,Tuesday,NaN,USW,2,0,5,1,398,44.13,317,332.32266,34.340256,18.25272,1514,496021,42.97,173.99,2987,216.64,130.84,0,0,110,90,-3,250,0.45,10.0,1.7,0
3,NaN,18.0,18.0,1,Tuesday,NaN,USE,0,1,3,0,142,49.43,393,413.47913,29.015402,30.389475,1536,485637,38.86,147.09,2932,180.3,151.3,0,1,110,90,-3,250,0.45,10.0,1.7,0
3,NaN,18.0,18.0,1,Tuesday,NaN,USW,0,1,5,0,180,47.63,368,395.63916,31.180786,24.074327,1571,440410,51.28,140.34,3257,148.71,147.33,0,0,110,90,-3,250,0.45,10.0,1.7,0
3,19.0,18.0,19.0,0,Tuesday,NaN,USE,0,2,2,0,208,47.08,298,317.55463,27.551464,22.459425,1406,487569,37.96,236.37,3084,283.17,107.36,0,3,110,90,-3,250,0.45,10.0,1.7,0
3,NaN,19.0,19.0,0,Tuesday,NaN,USE,1,1,1,0,229,45.9,373,364.4527,33.936073,22.99633,1433,262305,28.51,121.88,2739,151.59,50.57,0,2,110,90,-3,250,0.45,10.0,1.7,0
3,19.0,17.0,19.0,1,Tuesday,NaN,USE,2,1,2,1,423,43.76,316,319.54086,39.180458,12.250046,1415,445918,34.25,208.34,2798,222.95,115.54,0,1,110,90,-3,250,0.45,10.0,1.7,0
3,19.0,19.0,19.0,0,Tuesday,NaN,USE,0,1,0,1,178,46.59,372,393.91162,32.48029,21.755608,1420,451790,43.74,191.39,2863,224.96,112.38,1,2,110,90,-3,250,0.45,10.0,1.7,0
3,NaN,17.0,17.0,1,Sunday,NaN,USE,1,3,3,0,468,47.69,389,394.38876,39.349617,22.169426,1477,588098,50.14,207.73,2886,229.04,176.07,1,0,110,90,-3,250,0.45,10.0,1.7,0
3,19.0,18.0,19.0,0,Saturday,NaN,USE,1,1,4,0,304,49.41,385,379.03806,31.831657,19.962944,1484,552860,45.72,196.02,2900,253.76,134.02,3,0,110,90,-3,250,0.45,10.0,1.7,0
3,NaN,18.0,19.0,0,Friday,NaN,USE,0,2,4,0,331,56.47,331,360.97562,19.832214,32.33088,1453,397340,38.16,151.6,2650,159.31,126.3,0,0,110,90,-3,250,0.45,10.0,1.7,0
3,19.0,18.0,19.0,0,Friday,NaN,USE,0,2,0,0,206,46.05,324,321.1871,32.23803,21.809471,1414,467564,34.97,200.58,2899,236.47,109.02,0,3,110,90,-3,250,0.45,10.0,1.7,0
3,19.0,19.0,19.0,1,Friday,NaN,USE,1,2,3,0,337,51.15,330,356.5143,23.064667,27.33531,1389,426638,22.93,195.07,2708,205.71,113.88,1,2,110,90,-3,250,0.45,10.0,1.7,0
3,19.0,19.0,19.0,0,Friday,NaN,USE,0,2,3,0,192,47.77,314,313.1833,36.047222,18.447506,1449,395659,31.43,164.57,2876,183.0,99.21,1,1,110,90,-3,250,0.45,10.0,1.7,0
3,19.0,19.0,19.0,1,Wednesday,NaN,USW,1,0,1,1,248,52.44,291,327.62683,18.868532,34.003117,1458,268625,21.11,122.34,2958,133.34,69.33,1,1,110,90,-3,250,0.45,10.0,1.7,0
3,19.0,18.0,19.0,1,Wednesday,NaN,USE,2,1,4,1,580,49.7,297,312.38647,27.881104,23.259912,1369,541185,30.5,267.76,2646,255.31,163.37,0,2,110,90,-3,250,0.45,10.0,1.7,0
3,19.0,18.0,19.0,0,Monday,NaN,USE,2,2,3,0,455,48.92,345,357.67673,35.189804,17.061724,1432,459687,44.35,197.07,3018,229.3,115.14,0,2,110,90,-3,250,0.45,10.0,1.7,0
3,19.0,19.0,19.0,0,Monday,NaN,USE,0,1,2,1,206,56.29,367,400.7201,28.818869,30.71663,1486,477067,60.05,189.04,3009,233.52,111.11,0,2,110,90,-3,250,0.45,10.0,1.7,0
3,NaN,18.0,19.0,1,Monday,NaN,USE,2,3,4,1,642,56.16,350,376.87997,23.022243,36.341557,1470,480553,52.22,195.93,2858,210.85,142.28,1,2,110,90,-3,250,0.45,10.0,1.7,0
3,19.0,19.0,19.0,0,Monday,NaN,USE,0,0,1,0,124,52.64,421,447.91284,30.129745,31.148233,1501,445402,37.92,145.91,2753,177.83,135.07,0,0,110,90,-3,250,0.45,10.0,1.7,0
3,NaN,16.0,19.0,0,Monday,NaN,USE,0,0,1,0,124,52.64,421,447.88312,30.13072,31.152485,1498,445421,37.74,145.98,2764,177.87,134.99,0,0,110,90,-3,250,0.45,10.0,1.7,0
3,NaN,19.0,19.0,1,Monday,NaN,USE,0,1,3,2,366,39.55,331,328.46332,50.916973,9.001135,1453,406720,39.83,161.22,2546,182.02,110.97,1,0,110,90,-3,250,0.45,10.0,1.7,0
3,19.0,18.0,19.0,1,Sunday,NaN,USW,2,0,2,1,443,50.7,379,430.53113,25.789612,32.28489,1471,522334,56.88,214.15,2739,275.65,111.28,3,2,110,90,-3,250,0.45,10.0,1.7,0
2,16.0,16.0,16.0,0,Saturday,NaN,USE,1,1,4,1,380,62.01,287,334.8353,9.245472,47.005222,1462,487938,51.02,222.71,2732,207.5,170.05,1,2,110,90,-3,250,0.45,10.0,1.7,0
3,NaN,19.0,19.0,0,Saturday,NaN,USE,0,2,2,0,205,53.09,392,388.62885,31.459759,26.952549,1434,452358,54.09,170.32,2602,175.36,148.8,1,0,110,90,-3,250,0.45,10.0,1.7,0
3,19.0,19.0,19.0,0,Saturday,NaN,USE,0,2,2,1,258,48.91,362,358.01923,28.63349,24.471937,1395,430803,41.8,187.83,3034,179.27,145.61,2,1,110,90,-3,250,0.45,10.0,1.7,0
3,19.0,19.0,19.0,0,Saturday,NaN,USE,0,2,2,1,258,48.91,362,358.16647,28.651493,24.523788,1395,430809,41.6,187.57,3047,179.08,145.7,2,1,110,90,-3,250,0.45,10.0,1.7,0
3,NaN,18.0,18.0,1,Thursday,NaN,USE,2,1,2,1,480,55.78,328,364.28775,24.64604,35.540886,1405,428547,31.83,197.43,2708,187.2,142.93,0,1,110,90,-3,250,0.45,10.0,1.7,0
3,19.0,19.0,19.0,0,Thursday,NaN,USE,0,1,0,0,258,47.17,375,393.75818,46.993813,16.3347,1418,445764,41.29,179.14,2692,198.81,127.98,1,1,110,90,-3,250,0.45,10.0,1.7,0
3,18.0,17.0,18.0,1,Friday,NaN,USE,0,0,0,0,4,44.97,190,296.65073,32.08731,35.74352,1393,93434,5.38,42.34,2572,55.05,19.75,0,0,110,90,-3,250,0.45,10.0,1.7,0
3,NaN,18.0,18.0,1,Friday,NaN,USE,0,0,0,0,4,42.51,197,290.24875,33.2908,33.219906,1387,87544,4.32,41.42,2486,54.77,16.65,0,0,110,90,-3,250,0.45,10.0,1.7,0
3,18.0,17.0,18.0,1,Friday,NaN,USE,1,2,1,0,338,51.43,314,358.71347,20.71613,25.441788,1388,399524,19.26,181.4,2754,201.12,103.56,1,0,110,90,-3,250,0.45,10.0,1.7,0
3,18.0,17.0,18.0,0,Friday,NaN,USE,0,0,2,1,256,47.07,282,305.7822,28.036509,20.250982,1465,557546,47.7,214.11,2905,272.61,131.24,0,2,110,90,-3,250,0.45,10.0,1.7,0
3,18.0,17.0,18.0,0,Friday,NaN,USE,0,2,2,2,369,53.62,319,334.7953,31.41494,23.249086,1422,548470,43.54,223.13,2633,256.13,152.98,0,1,110,90,-3,250,0.45,10.0,1.7,0
3,19.0,17.0,19.0,0,Thursday,NaN,USE,0,4,1,0,383,51.01,288,331.5548,29.102852,28.776077,1488,430849,42.58,165.49,2602,239.22,69.71,1,0,110,90,-3,250,0.45,10.0,1.7,0
3,19.0,19.0,19.0,0,Thursday,NaN,USE,2,2,4,0,524,49.67,358,366.23203,25.526007,25.464283,1487,788933,84.37,302.49,2752,366.86,203.72,2,0,110,90,-3,250,0.45,10.0,1.7,0
3,19.0,19.0,19.0,1,Friday,NaN,USE,1,0,1,0,206,53.04,317,349.3782,33.570206,28.740341,1473,476904,53.04,194.72,2794,211.95,138.2,0,4,110,90,-3,250,0.45,10.0,1.7,0
3,19.0,19.0,19.0,1,Friday,NaN,USE,1,0,1,0,206,53.04,317,349.5828,33.562374,28.740786,1479,476851,52.74,194.68,2796,211.85,138.08,0,4,110,90,-3,250,0.45,10.0,1.7,0
3,19.0,18.0,20.0,1,Friday,NaN,USE,1,0,1,0,211,52.19,332,364.486,30.785355,28.522614,1519,504746,51.42,183.63,2946,245.59,114.41,1,1,110,90,-3,250,0.45,10.0,1.7,0
3,NaN,19.0,19.0,1,Friday,NaN,USE,1,0,2,0,170,61.37,278,346.42368,22.237297,39.062263,1443,173731,15.48,88.44,3225,86.22,49.46,0,0,110,90,-3,250,0.45,10.0,1.7,0
3,19.0,19.0,19.0,0,Friday,NaN,USE,0,1,1,0,152,52.61,367,393.5842,25.931677,28.345833,1585,515142,72.73,159.13,3294,188.04,160.16,1,1,110,90,-3,250,0.45,10.0,1.7,0
3,19.0,19.0,19.0,0,Friday,NaN,USE,0,1,1,0,152,52.61,367,393.24228,25.88342,28.304592,1588,515199,72.77,159.67,3308,188.2,160.32,1,1,110,90,-3,250,0.45,10.0,1.7,0
3,19.0,19.0,19.0,0,Thursday,NaN,USW,0,0,3,0,212,53.88,438,432.67038,26.700727,28.936827,1478,463760,52.83,170.06,2674,177.52,144.15,0,0,110,90,-3,250,0.45,10.0,1.7,0
3,19.0,18.0,19.0,0,Thursday,NaN,USW,1,2,2,0,388,49.19,324,335.5402,39.052433,29.333553,1397,477613,47.27,219.61,2799,295.7,82.46,0,1,110,90,-3,250,0.45,10.0,1.7,0
3,19.0,18.0,19.0,0,Thursday,NaN,USE,0,0,0,0,6,52.42,335,398.31445,33.805973,23.4057,1570,221781,32.87,80.46,3257,124.19,31.06,0,0,110,90,-3,250,0.45,10.0,1.7,0
3,19.0,17.0,19.0,1,Thursday,NaN,USE,0,0,3,3,331,51.13,422,461.40646,38.253613,29.150433,1534,474981,65.93,162.07,2859,188.23,140.67,1,0,110,90,-3,250,0.45,10.0,1.7,0
3,NaN,19.0,20.0,0,Sunday,NaN,USW,0,0,2,0,94,49.34,359,370.4927,31.680544,30.475836,1472,305439,26.61,113.78,2871,156.49,64.2,1,2,110,90,-3,250,0.45,10.0,1.7,0
3,19.0,17.0,19.0,0,Sunday,NaN,USE,1,1,2,0,228,57.72,314,407.7839,32.654854,32.752743,1464,390203,41.84,165.64,2959,219.37,82.14,0,0,110,90,-3,250,0.45,10.0,1.7,0
3,19.0,19.0,19.0,1,Sunday,NaN,USE,0,0,2,0,62,59.89,295,328.71957,13.667631,28.824942,1451,343789,30.44,135.13,3063,150.89,96.86,0,1,110,90,-3,250,0.45,10.0,1.7,0
3,19.0,19.0,19.0,0,Saturday,NaN,USW,1,0,1,0,114,35.54,352,217.2498,57.818455,3.89016,1715,36264,4.76,12.0,2672,22.35,6.31,0,0,110,90,-3,250,0.45,10.0,1.7,0
3,19.0,19.0,19.0,0,Sunday,NaN,USE,1,0,3,0,248,52.44,417,457.35867,27.962715,22.055777,1502,401679,50.03,143.14,2855,207.19,78.55,0,5,110,90,-3,250,0.45,10.0,1.7,0
3,NaN,20.0,20.0,0,Friday,NaN,USW,0,2,0,2,324,45.22,273,305.87488,39.465816,23.97955,1455,494476,36.73,205.19,2830,239.64,129.93,0,0,110,90,-3,250,0.45,10.0,1.7,0
3,19.0,19.0,19.0,1,Wednesday,NaN,USE,1,4,6,2,672,40.16,334,359.80667,45.94634,14.823652,1467,478886,49.53,178.95,2420,236.04,113.23,0,1,110,90,-3,250,0.45,10.0,1.7,0
3,NaN,19.0,19.0,0,Tuesday,NaN,USE,0,2,2,1,299,47.68,323,310.5992,27.271027,27.003021,1403,435819,36.28,189.36,2715,219.63,107.3,1,2,110,90,-3,250,0.45,10.0,1.7,0
3,NaN,18.0,19.0,1,Tuesday,NaN,USW,0,0,4,3,319,50.83,338,344.29236,27.045134,19.743183,1322,422276,44.24,225.59,2775,220.55,121.4,1,0,110,90,-3,250,0.45,10.0,1.7,0
3,19.0,18.0,19.0,1,Tuesday,NaN,USW,0,1,3,2,318,46.11,434,461.7952,37.219013,15.663788,1532,512713,62.48,171.73,2648,220.67,129.61,0,1,110,90,-3,250,0.45,10.0,1.7,0
3,19.0,19.0,19.0,1,Sunday,NaN,USE,5,3,4,1,866,56.93,308,330.48416,22.951563,36.470818,1456,481236,45.26,196.75,2918,245.9,119.61,0,1,110,90,-3,250,0.45,10.0,1.7,0
3,19.0,15.0,19.0,1,Sunday,NaN,USE,5,3,4,1,866,57.21,308,330.51288,22.95593,37.783764,1459,481148,45.15,196.74,2919,245.99,119.45,0,1,110,90,-3,250,0.45,10.0,1.7,0
2,17.0,17.0,19.0,0,Saturday,NaN,USE,0,2,5,2,397,43.24,337,392.9886,34.65738,20.337961,1466,503217,46.3,195.89,2426,234.94,138.4,0,1,110,90,-3,250,0.45,10.0,1.7,0
3,19.0,18.0,19.0,0,Friday,NaN,USE,1,2,3,1,449,47.24,443,465.19553,35.548206,17.910797,1498,544980,60.51,206.36,2871,299.55,93.85,2,0,110,90,-3,250,0.45,10.0,1.7,0
3,19.0,19.0,19.0,0,Friday,NaN,USE,2,5,2,0,633,52.93,318,372.3931,29.509958,24.071934,1462,513862,59.0,218.72,2903,305.78,83.51,1,0,110,90,-3,250,0.45,10.0,1.7,0
3,19.0,19.0,19.0,0,Friday,NaN,USE,0,1,0,0,200,54.74,293,283.26266,19.334492,28.430672,1370,396001,31.4,181.72,2788,220.37,77.73,2,1,110,90,-3,250,0.45,10.0,1.7,0
3,NaN,19.0,19.0,0,Monday,NaN,USW,0,1,1,1,208,37.83,347,366.3573,44.194443,8.9666,1458,410571,43.12,173.24,2478,223.41,80.34,0,2,110,90,-3,250,0.45,10.0,1.7,0
3,NaN,19.0,20.0,0,Monday,NaN,USW,0,2,2,1,308,42.31,336,341.91238,38.875027,18.150373,1397,468887,38.87,212.8,2824,238.5,120.22,1,0,110,90,-3,250,0.45,10.0,1.7,0
3,NaN,19.0,20.0,0,Monday,NaN,USW,0,0,2,0,98,53.19,312,306.6012,27.931585,31.014824,1424,308910,24.57,129.91,2780,135.93,92.84,0,0,110,90,-3,250,0.45,10.0,1.7,0
3,20.0,19.0,20.0,0,Monday,NaN,USW,0,3,0,0,367,50.63,344,343.3879,31.433641,25.461775,1424,435348,33.94,172.92,3002,197.34,115.68,0,2,110,90,-3,250,0.45,10.0,1.7,0
3,NaN,19.0,19.0,1,Monday,NaN,USW,1,0,3,1,264,43.8,305,304.08643,29.82232,15.661898,1422,477339,41.01,215.01,2781,256.87,101.97,0,1,110,90,-3,250,0.45,10.0,1.7,0
3,19.0,19.0,20.0,1,Monday,NaN,USW,2,0,4,2,460,56.21,351,387.64453,23.257748,25.495087,1480,354844,42.97,146.99,3055,165.0,108.65,1,0,110,90,-3,250,0.45,10.0,1.7,0
3,19.0,19.0,20.0,1,Saturday,NaN,USW,1,0,4,1,350,52.94,358,379.44238,28.136305,24.398996,1492,482393,59.64,178.1,2886,210.02,138.71,0,1,110,90,-3,250,0.45,10.0,1.7,0
3,NaN,19.0,20.0,1,Saturday,NaN,USE,1,1,3,1,318,46.97,333,353.38144,33.13232,22.205149,1517,500300,59.87,170.04,3117,220.27,131.0,0,1,110,90,-3,250,0.45,10.0,1.7,0
3,NaN,19.0,20.0,0,Saturday,NaN,USE,0,3,1,1,308,49.33,411,436.85193,36.55469,21.848974,1597,550509,70.75,157.07,2820,272.98,94.53,2,1,110,90,-3,250,0.45,10.0,1.7,0
3,19.0,19.0,20.0,0,Saturday,NaN,USE,0,3,1,1,308,49.63,410,438.77814,36.68629,21.9372,1591,547006,70.33,155.3,2805,270.69,94.52,2,1,110,90,-3,250,0.45,10.0,1.7,0
3,NaN,19.0,20.0,0,Saturday,NaN,USE,0,2,0,1,254,50.95,407,413.67197,32.70527,20.546385,1520,488379,64.49,162.71,2900,221.18,115.05,1,0,110,90,-3,250,0.45,10.0,1.7,0
3,NaN,19.0,19.0,1,Saturday,NaN,USE,0,0,1,0,84,49.01,387,420.56268,35.690792,16.863588,1607,460035,72.73,135.61,3162,178.71,122.97,1,0,110,90,-3,250,0.45,10.0,1.7,0
3,19.0,15.0,19.0,1,Saturday,NaN,USE,3,0,4,0,493,55.49,386,427.6357,34.941887,30.72738,1639,435671,60.17,115.21,3344,156.94,128.05,2,0,110,90,-3,250,0.45,10.0,1.7,0
3,19.0,19.0,20.0,1,Saturday,NaN,USE,2,0,4,2,422,54.16,375,425.15778,32.410248,25.496983,1528,290874,32.67,103.28,2711,118.88,86.16,0,0,110,90,-3,250,0.45,10.0,1.7,0
3,19.0,19.0,19.0,1,Saturday,NaN,USE,0,4,0,0,425,45.39,245,251.15843,48.779263,19.829504,1338,419348,19.77,203.51,2511,251.37,70.77,0,1,110,90,-3,250,0.45,10.0,1.7,0
3,19.0,17.0,19.0,1,Friday,NaN,USE,0,2,4,0,252,53.59,325,333.9352,27.397013,26.693075,1410,608205,63.82,257.15,2707,319.96,129.28,0,0,110,90,-3,250,0.45,10.0,1.7,0
3,19.0,19.0,19.0,1,Friday,NaN,USE,0,2,4,0,252,53.59,325,333.65305,27.276417,26.640665,1410,608212,63.65,257.23,2704,320.07,129.48,0,0,110,90,-3,250,0.45,10.0,1.7,0
3,19.0,19.0,19.0,1,Friday,NaN,USE,0,1,1,1,168,55.57,310,300.91217,21.45913,24.325272,1424,370894,34.43,159.27,2838,198.59,76.67,0,1,110,90,-3,250,0.45,10.0,1.7,0
3,19.0,19.0,20.0,0,Thursday,NaN,USE,0,1,2,0,202,52.37,294,311.0579,26.77685,21.250465,1400,469402,38.87,209.02,2961,218.11,135.78,0,1,110,90,-3,250,0.45,10.0,1.7,0
3,19.0,19.0,20.0,0,Thursday,NaN,USE,0,1,2,0,202,52.49,294,311.62915,26.747755,21.3087,1396,469287,38.71,209.48,2961,218.1,135.93,0,1,110,90,-3,250,0.45,10.0,1.7,0
3,NaN,19.0,20.0,1,Tuesday,NaN,USE,0,1,1,1,371,54.08,412,430.9099,27.449915,26.988552,1523,609069,66.95,198.98,2715,250.27,165.45,0,1,110,90,-3,250,0.45,10.0,1.7,0
3,NaN,19.0,19.0,0,Tuesday,NaN,USE,1,3,2,2,471,47.87,361,368.77634,34.89136,21.972797,1551,514484,56.29,179.79,2690,230.86,131.61,1,0,110,90,-3,250,0.45,10.0,1.7,0
3,NaN,19.0,19.0,1,Tuesday,NaN,USE,1,2,3,0,264,57.12,348,377.31537,18.738033,32.528835,1497,318369,29.27,113.13,2638,145.7,81.53,1,1,110,90,-3,250,0.45,10.0,1.7,0
3,19.0,19.0,19.0,1,Tuesday,NaN,USE,1,2,3,0,264,57.12,348,377.36713,18.729961,32.57036,1496,318372,29.4,113.1,2631,145.5,81.82,1,1,110,90,-3,250,0.45,10.0,1.7,0
3,19.0,19.0,19.0,0,Tuesday,NaN,USE,0,2,0,0,224,48.48,362,372.20544,34.80532,20.926565,1500,434203,46.14,160.49,2979,238.5,68.11,0,1,110,90,-3,250,0.45,10.0,1.7,0
3,19.0,19.0,19.0,0,Tuesday,NaN,USE,0,2,0,0,224,48.24,364,374.67285,34.779465,20.930079,1499,434198,45.7,161.09,2980,238.58,68.28,0,1,110,90,-3,250,0.45,10.0,1.7,0
3,19.0,19.0,19.0,0,Tuesday,NaN,USE,0,2,0,0,224,48.48,362,372.21793,34.807175,20.961174,1499,434056,45.68,160.74,2982,238.43,68.21,0,1,110,90,-3,250,0.45,10.0,1.7,0
3,NaN,19.0,19.0,1,Tuesday,NaN,USE,2,0,4,1,382,46.64,294,314.54123,27.147224,19.933521,1442,498603,47.17,207.0,2829,222.01,155.11,0,1,110,90,-3,250,0.45,10.0,1.7,0
3,NaN,18.0,18.0,0,Tuesday,NaN,USE,0,1,1,1,212,56.51,338,357.78494,20.43475,31.269709,1439,372943,33.54,158.97,2784,197.58,78.38,1,2,110,90,-3,250,0.45,10.0,1.7,0
2,17.0,17.0,18.0,0,Tuesday,NaN,USE,0,0,0,0,148,48.18,402,435.5207,34.884975,25.231468,1479,497622,59.53,174.74,2250,166.87,186.47,0,0,110,90,-3,250,0.45,10.0,1.7,0
3,19.0,19.0,20.0,1,Monday,NaN,USE,0,0,1,0,128,47.54,376,404.1556,33.576374,19.489002,1454,462094,42.08,163.07,2813,215.85,117.15,0,1,110,90,-3,250,0.45,10.0,1.7,0
3,NaN,18.0,20.0,1,Monday,NaN,USE,0,0,1,1,150,51.87,339,397.05112,27.639389,24.09748,1550,513542,51.54,170.6,3173,217.47,143.26,0,2,110,90,-3,250,0.45,10.0,1.7,0
3,NaN,20.0,20.0,1,Monday,NaN,USE,0,0,1,1,150,52.11,338,395.9098,27.620672,24.080069,1547,513591,51.28,170.19,3164,217.23,143.5,0,2,110,90,-3,250,0.45,10.0,1.7,0
3,NaN,20.0,20.0,0,Monday,NaN,USE,1,1,2,1,359,50.54,307,340.0773,27.175076,28.835396,1429,461195,46.03,194.33,2653,251.82,99.78,0,0,110,90,-3,250,0.45,10.0,1.7,0
3,19.0,18.0,20.0,0,Monday,NaN,USE,1,1,2,1,359,50.54,307,340.22116,27.195618,28.784857,1431,461325,46.03,194.53,2666,251.8,99.91,0,0,110,90,-3,250,0.45,10.0,1.7,0
3,NaN,19.0,19.0,1,Monday,NaN,USE,1,1,3,1,356,56.3,388,430.65546,28.151487,28.208181,1490,498849,60.83,181.36,3136,213.52,147.3,1,1,110,90,-3,250,0.45,10.0,1.7,0
3,19.0,18.0,19.0,1,Sunday,NaN,USE,2,3,4,0,556,44.1,327,297.78424,33.41549,20.102873,1378,384347,23.56,179.9,2691,157.68,137.23,0,2,110,90,-3,250,0.45,10.0,1.7,0
3,NaN,19.0,19.0,1,Sunday,NaN,USE,2,0,3,0,355,55.07,363,358.047,28.502838,29.713472,1489,565046,59.46,202.08,2732,217.88,177.3,2,3,110,90,-3,250,0.45,10.0,1.7,0
3,NaN,16.0,19.0,1,Sunday,NaN,USE,1,0,2,0,252,46.58,285,312.29007,35.192013,25.025991,1421,433079,28.04,173.65,2510,205.39,116.0,0,2,110,90,-3,250,0.45,10.0,1.7,0
3,19.0,18.0,19.0,1,Sunday,NaN,USE,2,1,3,1,506,58.11,387,430.96695,23.641651,30.326202,1611,602734,71.26,178.72,2940,250.92,161.21,2,0,110,90,-3,250,0.45,10.0,1.7,0
3,19.0,19.0,19.0,1,Sunday,NaN,USW,1,1,6,1,326,51.66,342,391.5489,25.8468,28.400139,1404,462879,41.5,199.21,3109,210.8,142.79,1,0,110,90,-3,250,0.45,10.0,1.7,0
3,NaN,19.0,20.0,0,Friday,NaN,USE,0,2,1,1,248,53.59,300,371.96063,26.152025,27.882116,1489,426132,51.71,171.74,3066,234.45,78.71,0,2,110,90,-3,250,0.45,10.0,1.7,0
3,19.0,19.0,19.0,0,Friday,NaN,USE,1,1,4,0,310,50.25,360,331.9268,34.548843,23.47667,1470,463925,38.94,162.28,2595,205.27,125.8,0,1,110,90,-3,250,0.45,10.0,1.7,0
3,19.0,19.0,19.0,1,Friday,NaN,USE,1,0,3,1,218,51.47,356,421.26282,25.353779,23.115318,1538,278837,36.08,98.92,3019,93.54,106.44,0,0,110,90,-3,250,0.45,10.0,1.7,0
3,19.0,19.0,19.0,1,Wednesday,NaN,USE,2,0,4,2,464,50.94,372,368.22916,26.820251,24.448238,1562,525598,77.39,175.75,2768,190.05,170.41,1,0,110,90,-3,250,0.45,10.0,1.7,0
3,NaN,19.0,19.0,1,Wednesday,NaN,USE,0,1,0,0,230,46.64,317,311.3762,38.378666,25.752508,1413,476254,39.95,193.09,2633,254.42,92.46,0,2,110,90,-3,250,0.45,10.0,1.7,0
3,NaN,19.0,19.0,1,Wednesday,NaN,USE,2,1,6,1,446,45.84,365,380.54968,41.6145,19.652927,1602,491350,76.81,149.86,2896,161.9,169.72,2,1,110,90,-3,250,0.45,10.0,1.7,0
3,19.0,18.0,19.0,1,Wednesday,NaN,USE,1,1,2,1,320,48.1,369,392.87604,35.93731,22.00497,1490,482042,65.65,184.1,2648,206.2,139.72,1,3,110,90,-3,250,0.45,10.0,1.7,0
3,NaN,19.0,19.0,1,Wednesday,NaN,USE,0,0,4,0,120,54.94,378,387.4491,28.477306,23.194172,1541,491650,46.77,151.9,2861,188.87,146.9,0,0,110,90,-3,250,0.45,10.0,1.7,0
3,19.0,19.0,19.0,1,Wednesday,NaN,USE,1,0,4,2,368,59.22,418,466.28653,24.947046,31.545202,1611,536114,80.88,150.31,3052,208.23,152.4,1,0,110,90,-3,250,0.45,10.0,1.7,0
3,19.0,18.0,19.0,1,Wednesday,NaN,USE,2,1,5,1,460,49.61,359,392.30634,30.200176,27.754496,1504,505420,64.67,201.2,2772,222.19,144.69,0,1,110,90,-3,250,0.45,10.0,1.7,0
3,NaN,18.0,18.0,1,Wednesday,NaN,USE,1,2,1,0,350,49.19,383,378.726,34.66557,21.278818,1461,449767,54.16,170.95,2783,209.58,107.42,3,0,110,90,-3,250,0.45,10.0,1.7,0
3,NaN,18.0,19.0,0,Wednesday,NaN,USE,1,4,3,0,472,54.3,299,353.17874,26.240433,32.31277,1416,450849,45.61,189.92,2825,253.82,84.74,0,1,110,90,-3,250,0.45,10.0,1.7,0
3,19.0,18.0,19.0,0,Wednesday,NaN,USE,0,0,0,0,54,57.24,319,341.1173,16.153912,38.198154,1396,153034,15.21,69.18,2182,101.44,18.78,1,0,110,90,-3,250,0.45,10.0,1.7,0
3,19.0,17.0,19.0,1,Tuesday,NaN,USW,4,0,5,1,625,57.66,254,286.33704,20.969814,37.14119,1382,349178,28.13,169.86,3171,152.3,135.51,1,0,110,90,-3,250,0.45,10.0,1.7,0
3,19.0,19.0,19.0,0,Saturday,NaN,USE,1,0,3,0,248,64.53,329,386.4001,17.379183,50.494663,1473,475806,51.78,180.16,2879,180.07,162.25,1,1,110,90,-3,250,0.45,10.0,1.7,0
3,19.0,18.0,19.0,1,Saturday,NaN,USW,2,0,3,0,364,52.2,242,245.11145,18.508816,20.893368,1394,402286,28.2,188.99,2604,167.43,136.73,0,0,110,90,-3,250,0.45,10.0,1.7,0
3,19.0,18.0,19.0,0,Saturday,NaN,USE,0,1,0,0,160,55.59,269,292.61328,15.954558,29.808681,1414,440662,30.43,194.85,2696,200.38,123.66,0,0,110,90,-3,250,0.45,10.0,1.7,0
3,19.0,18.0,19.0,0,Saturday,NaN,USW,1,2,2,1,445,53.29,261,305.54996,19.540966,22.122686,1366,465691,41.42,222.69,2453,268.7,102.13,0,0,110,90,-3,250,0.45,10.0,1.7,0
3,19.0,18.0,19.0,1,Friday,NaN,USE,1,0,1,1,272,55.87,267,290.91074,15.481465,27.269138,1389,300211,13.85,134.26,2832,162.99,66.42,0,0,110,90,-3,250,0.45,10.0,1.7,0
3,NaN,18.0,19.0,0,Wednesday,NaN,USE,0,0,0,0,32,52.45,325,396.7605,29.7483,24.15071,1557,190390,23.4,68.6,2543,86.07,49.93,0,0,110,90,-3,250,0.45,10.0,1.7,0
3,19.0,19.0,19.0,0,Wednesday,NaN,USE,0,0,0,0,32,52.45,325,396.54224,29.790028,24.21646,1563,190387,23.08,68.56,2533,86.14,49.8,0,0,110,90,-3,250,0.45,10.0,1.7,0
3,18.0,17.0,19.0,1,Wednesday,NaN,USE,0,2,4,0,224,54.58,326,349.0838,29.91339,26.00585,1423,472184,37.98,205.29,2932,216.87,137.48,0,0,110,90,-3,250,0.45,10.0,1.7,0
3,18.0,18.0,18.0,1,Tuesday,NaN,USE,3,0,4,0,461,46.89,275,277.32547,29.491201,19.456453,1386,469028,33.43,216.13,2748,234.48,126.56,0,1,110,90,-3,250,0.45,10.0,1.7,0
3,18.0,16.0,18.0,1,Wednesday,NaN,USE,0,0,3,1,134,54.56,322,332.38712,19.240421,31.801273,1402,448499,40.7,195.76,3159,216.87,126.22,0,3,110,90,-3,250,0.45,10.0,1.7,0
3,18.0,18.0,18.0,0,Wednesday,NaN,USE,2,0,5,0,356,55.05,333,350.0779,23.05793,34.22076,1397,468854,32.62,210.68,2764,200.96,156.93,1,0,110,90,-3,250,0.45,10.0,1.7,0
3,18.0,17.0,19.0,0,Tuesday,NaN,USE,0,1,2,2,354,55.86,266,298.9216,19.997086,33.794407,1434,467481,44.94,199.05,2739,230.72,120.14,0,1,110,90,-3,250,0.45,10.0,1.7,0
3,NaN,18.0,19.0,1,Tuesday,NaN,USE,1,1,4,0,380,54.64,298,286.24847,22.970694,31.139782,1366,416383,23.34,202.3,2687,174.6,144.33,1,0,110,90,-3,250,0.45,10.0,1.7,0
3,18.0,18.0,19.0,0,Tuesday,NaN,USE,0,0,1,0,64,48.03,284,257.6333,21.593325,26.61069,1403,272740,25.99,116.74,2660,98.75,103.62,0,0,110,90,-3,250,0.45,10.0,1.7,0
3,18.0,18.0,19.0,0,Tuesday,NaN,USE,0,0,1,0,64,48.03,284,257.75076,21.556732,26.607552,1401,272778,26.07,116.97,2632,98.83,103.52,0,0,110,90,-3,250,0.45,10.0,1.7,0
3,18.0,18.0,19.0,0,Friday,NaN,USE,1,1,2,0,298,48.87,303,338.16266,23.746073,20.691023,1478,435597,44.72,163.09,2932,173.69,142.57,0,0,110,90,-3,250,0.45,10.0,1.7,0
3,18.0,18.0,19.0,0,Friday,NaN,USE,0,0,3,2,236,52.54,304,336.31644,21.042635,19.569855,1408,461644,42.79,214.94,2685,214.24,138.52,0,0,110,90,-3,250,0.45,10.0,1.7,0
3,19.0,18.0,19.0,0,Wednesday,NaN,USE,1,1,1,0,355,44.53,344,333.75357,36.496292,18.69744,1444,368564,27.75,142.81,2298,210.19,60.15,0,1,110,90,-3,250,0.45,10.0,1.7,0
3,19.0,19.0,19.0,0,Wednesday,NaN,USE,0,2,1,0,221,55.15,281,299.86548,13.422365,28.315443,1317,314334,23.35,152.7,2693,178.85,69.25,0,1,110,90,-3,250,0.45,10.0,1.7,0
3,19.0,16.0,19.0,0,Wednesday,NaN,USE,0,0,1,0,158,55.97,312,353.6146,26.394468,32.495274,1469,478633,42.93,185.32,2527,213.13,131.82,0,0,110,90,-3,250,0.45,10.0,1.7,0
3,19.0,17.0,19.0,0,Wednesday,NaN,USE,0,0,1,0,158,56.12,314,355.18546,26.343624,32.276554,1473,478598,43.04,185.61,2532,213.01,131.92,0,0,110,90,-3,250,0.45,10.0,1.7,0
3,NaN,17.0,19.0,1,Wednesday,NaN,USE,2,0,2,1,358,53.07,325,358.86102,34.985474,26.469603,1468,502560,38.65,196.94,3150,230.86,145.24,0,1,110,90,-3,250,0.45,10.0,1.7,0
3,NaN,17.0,19.0,1,Wednesday,NaN,USE,2,0,2,1,358,53.07,325,358.88138,34.967457,26.470015,1467,502535,38.56,196.9,3130,230.76,145.2,0,1,110,90,-3,250,0.45,10.0,1.7,0
3,19.0,17.0,19.0,1,Wednesday,NaN,USE,1,3,3,0,478,43.6,353,373.5714,41.89977,16.909578,1449,497955,38.68,203.98,2605,234.06,141.43,0,0,110,90,-3,250,0.45,10.0,1.7,0
3,19.0,17.0,19.0,1,Wednesday,NaN,USE,1,3,3,0,478,43.95,348,368.28644,40.359184,18.50555,1450,497841,38.79,204.44,2591,233.99,141.47,0,0,110,90,-3,250,0.45,10.0,1.7,0
3,19.0,18.0,19.0,1,Wednesday,NaN,USE,2,1,2,0,485,54.83,333,338.22015,31.557528,33.423775,1509,401676,37.89,142.29,2580,193.89,99.07,1,3,110,90,-3,250,0.45,10.0,1.7,0
3,19.0,18.0,19.0,0,Wednesday,NaN,USE,1,2,3,0,368,46.08,318,297.25903,39.007008,22.369205,1327,455609,26.85,235.81,2936,263.42,110.81,0,3,110,90,-3,250,0.45,10.0,1.7,0
3,19.0,18.0,19.0,0,Wednesday,NaN,USE,1,2,3,0,368,46.08,318,299.37073,38.975643,22.363865,1322,450568,25.63,235.82,2947,261.83,110.12,0,3,110,90,-3,250,0.45,10.0,1.7,0
3,19.0,18.0,19.0,1,Wednesday,NaN,USE,2,0,6,0,338,54.06,269,277.9238,23.037813,35.274574,1430,469640,31.36,184.43,2627,206.19,149.45,1,0,110,90,-3,250,0.45,10.0,1.7,0
3,18.0,18.0,18.0,1,Tuesday,NaN,USE,1,0,2,2,343,50.09,323,361.58325,33.549328,21.203083,1462,492911,41.57,189.7,2721,203.79,155.54,0,0,110,90,-3,250,0.45,10.0,1.7,0
3,19.0,18.0,19.0,0,Tuesday,NaN,USE,1,2,1,0,340,44.27,324,351.13956,44.931976,18.56751,1560,555594,50.49,165.05,2769,263.29,110.9,1,0,110,90,-3,250,0.45,10.0,1.7,0
3,NaN,18.0,19.0,0,Tuesday,NaN,USE,3,2,5,1,669,49.48,369,428.23715,32.550797,27.44332,1561,544433,53.46,179.83,2981,222.27,165.18,4,0,110,90,-3,250,0.45,10.0,1.7,0
3,18.0,18.0,19.0,0,Tuesday,NaN,USE,1,1,2,0,410,50.56,347,370.0073,27.06566,25.466091,1436,634305,68.62,267.86,2761,323.58,146.35,1,0,110,90,-3,250,0.45,10.0,1.7,0
3,18.0,18.0,19.0,1,Tuesday,NaN,USE,2,0,4,1,398,51.0,383,379.7259,21.441023,21.509382,1498,424516,44.03,143.77,3030,192.02,110.08,1,1,110,90,-3,250,0.45,10.0,1.7,0
3,18.0,18.0,19.0,1,Tuesday,NaN,USE,1,3,2,0,433,55.3,301,318.95602,24.57597,29.224255,1359,553172,42.03,259.24,2626,284.35,147.27,0,1,110,90,-3,250,0.45,10.0,1.7,0
3,18.0,18.0,18.0,0,Sunday,NaN,USE,0,0,1,1,192,51.67,318,335.18887,31.354494,25.737984,1491,437410,42.45,168.33,2863,239.6,76.66,1,1,110,90,-3,250,0.45,10.0,1.7,0
3,18.0,18.0,18.0,0,Sunday,NaN,USE,0,1,3,1,341,50.77,364,394.2536,25.948618,27.16152,1444,682745,67.02,257.31,2731,279.76,209.29,1,1,110,90,-3,250,0.45,10.0,1.7,0
3,18.0,18.0,18.0,1,Saturday,NaN,USE,0,1,2,1,210,45.7,294,311.85437,30.41746,21.080893,1401,465550,35.63,207.75,2953,233.69,121.7,0,0,110,90,-3,250,0.45,10.0,1.7,0
3,18.0,17.0,18.0,1,Saturday,NaN,USE,1,2,5,1,460,54.09,330,381.35822,22.79153,31.316715,1446,474798,44.53,191.91,2958,240.24,110.5,1,0,110,90,-3,250,0.45,10.0,1.7,0
3,18.0,18.0,18.0,1,Thursday,NaN,USE,2,3,3,0,594,52.07,402,427.0746,28.113947,26.256578,1547,524377,68.14,177.67,2934,248.59,118.29,3,0,110,90,-3,250,0.45,10.0,1.7,0
3,18.0,17.0,18.0,0,Thursday,NaN,USW,0,1,1,1,225,52.14,441,437.5095,36.96095,23.749224,1556,506934,62.44,156.65,2712,194.52,146.65,0,0,110,90,-3,250,0.45,10.0,1.7,0
3,18.0,18.0,18.0,0,Wednesday,NaN,USE,1,1,2,0,260,44.38,396,388.86862,48.279804,17.699198,1546,496225,51.07,157.37,2533,219.33,116.25,1,1,110,90,-3,250,0.45,10.0,1.7,0
3,18.0,15.0,18.0,1,Wednesday,NaN,USE,0,0,2,2,366,48.1,398,437.75784,40.231747,19.61319,1595,542536,72.96,160.32,2528,232.1,135.11,3,0,110,90,-3,250,0.45,10.0,1.7,0
3,NaN,18.0,18.0,1,Wednesday,NaN,USW,2,0,2,1,326,50.42,318,308.10416,31.028122,26.80959,1592,126284,15.58,45.21,2523,44.61,46.27,0,0,110,90,-3,250,0.45,10.0,1.7,0
3,18.0,16.0,18.0,1,Wednesday,NaN,USE,2,0,6,1,448,50.42,367,397.19638,30.179985,23.697256,1492,528430,41.56,183.31,2796,214.85,162.03,2,1,110,90,-3,250,0.45,10.0,1.7,0
3,18.0,17.0,18.0,1,Sunday,NaN,USE,0,0,1,2,132,41.8,298,294.1015,31.327587,12.062921,1388,137476,11.05,66.92,3014,81.68,33.36,0,2,110,90,-3,250,0.45,10.0,1.7,0
3,NaN,17.0,18.0,1,Sunday,NaN,USE,1,1,4,0,310,60.3,340,348.6549,25.06522,35.298824,1490,489987,50.52,183.12,2699,184.05,164.41,0,1,110,90,-3,250,0.45,10.0,1.7,0
3,17.0,17.0,18.0,0,Sunday,NaN,USE,0,0,2,1,164,58.75,247,274.8429,15.830487,39.169754,1348,264463,18.31,140.1,2504,146.9,68.48,0,0,110,90,-3,250,0.45,10.0,1.7,0
3,17.0,16.0,17.0,1,Saturday,NaN,USE,2,2,2,1,486,42.49,366,366.2758,35.048496,12.17613,1512,315515,34.7,107.41,2614,110.6,109.54,0,0,110,90,-3,250,0.45,10.0,1.7,0
3,NaN,16.0,17.0,0,Friday,NaN,USE,1,1,1,0,246,50.18,317,341.56882,26.831955,30.771168,1378,421134,37.41,201.05,2866,225.83,104.72,0,2,110,90,-3,250,0.45,10.0,1.7,0
3,17.0,17.0,18.0,1,Friday,NaN,USE,0,0,3,0,242,57.83,374,371.01895,18.930822,32.506107,1538,471650,61.23,150.97,2644,200.17,114.49,0,1,110,90,-3,250,0.45,10.0,1.7,0
3,NaN,17.0,18.0,0,Thursday,NaN,USE,1,1,0,0,230,53.75,309,337.67978,29.959686,29.24892,1388,449225,48.02,204.71,2735,248.96,93.13,0,0,110,90,-3,250,0.45,10.0,1.7,0
3,17.0,17.0,18.0,0,Thursday,NaN,USE,1,1,6,0,387,48.24,360,365.13553,31.742186,30.024836,1504,482981,60.26,176.0,2592,173.33,163.28,1,0,110,90,-3,250,0.45,10.0,1.7,0
3,17.0,17.0,18.0,1,Thursday,NaN,USE,3,3,4,1,742,48.89,363,339.78073,30.424194,25.68162,1552,433164,52.82,149.76,2715,187.31,119.61,0,0,110,90,-3,250,0.45,10.0,1.7,0
3,17.0,17.0,17.0,1,Tuesday,NaN,USE,2,3,4,1,552,56.67,318,344.53165,19.537878,29.39084,1417,486195,49.13,218.6,2708,200.97,173.57,1,1,110,90,-3,250,0.45,10.0,1.7,0
3,NaN,17.0,17.0,1,Friday,NaN,USE,0,3,1,2,466,52.6,339,386.8516,26.139112,29.740814,1448,452908,42.09,187.61,2830,186.27,141.29,0,0,110,90,-3,250,0.45,10.0,1.7,0
3,17.0,16.0,17.0,0,Friday,NaN,USE,0,0,6,1,382,51.06,361,371.2134,31.249197,25.396656,1502,694892,72.2,239.29,2620,261.1,218.13,3,0,110,90,-3,250,0.45,10.0,1.7,0
3,NaN,17.0,18.0,0,Wednesday,NaN,USE,0,1,2,0,110,47.44,324,346.85715,28.561749,28.783087,1502,298917,36.79,125.61,2551,143.21,81.3,0,0,110,90,-3,250,0.45,10.0,1.7,0
3,NaN,18.0,18.0,1,Wednesday,NaN,USE,0,0,0,2,290,46.33,346,336.53247,36.911396,19.810623,1418,470609,50.55,201.51,2632,216.38,150.28,1,1,110,90,-3,250,0.45,10.0,1.7,0
3,18.0,17.0,18.0,0,Wednesday,NaN,USE,1,3,3,2,621,48.64,412,415.14035,38.523666,24.908693,1525,792155,84.85,259.88,2612,339.22,205.97,2,2,110,90,-3,250,0.45,10.0,1.7,0
3,NaN,17.0,18.0,0,Tuesday,NaN,USE,0,0,1,0,72,48.9,337,329.43643,29.545948,19.804743,1391,441535,47.69,190.06,2771,177.67,152.35,1,1,110,90,-3,250,0.45,10.0,1.7,0
3,NaN,18.0,18.0,0,Tuesday,NaN,USE,2,0,2,1,404,51.76,367,401.59735,27.549522,21.440264,1614,545953,80.45,151.39,2717,220.0,146.05,3,0,110,90,-3,250,0.45,10.0,1.7,0
3,18.0,18.0,18.0,0,Tuesday,NaN,USE,0,3,2,1,325,51.36,307,313.17273,23.649359,27.15233,1423,663950,64.35,281.09,2708,343.43,148.33,1,2,110,90,-3,250,0.45,10.0,1.7,0
3,18.0,18.0,18.0,0,Saturday,NaN,USE,0,0,2,0,64,61.03,298,292.82028,9.964148,32.77413,1423,203426,15.68,89.57,2908,115.11,36.85,0,1,110,90,-3,250,0.45,10.0,1.7,0
3,18.0,16.0,18.0,0,Sunday,NaN,USE,0,0,2,0,64,61.03,298,292.8399,9.9925585,32.690617,1418,203423,15.69,89.48,2911,115.09,36.86,0,1,110,90,-3,250,0.45,10.0,1.7,0
2,NaN,18.0,18.0,1,Monday,NaN,USE,6,0,8,0,842,47.9,256,280.49426,22.950258,20.48688,1429,515568,39.57,250.6,2434,233.79,178.24,0,1,110,90,-3,250,0.45,10.0,1.7,0
3,18.0,17.0,19.0,1,Wednesday,NaN,USE,2,1,7,0,474,59.29,263,275.77127,12.940011,35.957146,1377,443208,30.05,216.11,2585,216.49,128.88,0,1,110,90,-3,250,0.45,10.0,1.7,0
3,18.0,18.0,19.0,0,Wednesday,NaN,USE,1,3,3,1,560,50.43,309,332.18823,28.565887,20.844894,1456,460346,40.51,188.85,2752,221.57,118.65,0,1,110,90,-3,250,0.45,10.0,1.7,0
3,18.0,18.0,19.0,1,Tuesday,NaN,USW,3,0,8,1,580,56.75,291,317.19562,17.800005,28.617373,1450,493500,50.33,214.47,2826,233.05,142.76,0,1,110,90,-3,250,0.45,10.0,1.7,0
3,18.0,16.0,19.0,1,Tuesday,NaN,USE,0,2,1,1,245,53.92,330,369.64532,24.751186,39.613396,1463,459238,43.93,183.93,3272,200.77,136.68,0,1,110,90,-3,250,0.45,10.0,1.7,0
3,18.0,17.0,18.0,0,Tuesday,NaN,USW,0,2,2,3,437,46.47,305,321.7269,28.288641,19.119349,1371,490826,28.68,249.5,2837,292.23,104.4,0,2,110,90,-3,250,0.45,10.0,1.7,0
3,18.0,17.0,18.0,0,Sunday,NaN,USE,0,0,0,0,146,56.53,329,348.65536,19.030197,29.831768,1434,463545,49.56,185.55,2694,192.41,145.12,1,0,110,90,-3,250,0.45,10.0,1.7,0
3,19.0,18.0,19.0,0,Sunday,NaN,USE,0,3,1,0,364,44.02,213,264.3157,32.4567,25.93044,1289,431705,20.53,248.77,2692,277.38,99.94,1,2,110,90,-3,250,0.45,10.0,1.7,0
3,18.0,18.0,18.0,1,Wednesday,NaN,USE,0,0,3,1,170,56.85,275,309.36578,19.50837,36.038643,1334,424803,20.16,204.45,2603,185.56,148.59,0,1,110,90,-3,250,0.45,10.0,1.7,0
3,18.0,18.0,18.0,0,Thursday,NaN,USE,0,1,1,1,226,53.06,308,359.5379,17.59427,25.801155,1428,468358,44.65,210.47,2867,212.19,142.91,1,0,110,90,-3,250,0.45,10.0,1.7,0
3,18.0,18.0,18.0,0,Tuesday,NaN,USE,0,0,1,2,266,53.78,310,328.9466,25.31504,28.893053,1476,477102,48.57,187.84,2825,203.48,142.56,0,2,110,90,-3,250,0.45,10.0,1.7,0
3,19.0,18.0,19.0,0,Saturday,NaN,USE,1,2,1,0,392,48.44,349,388.70132,37.206875,22.90791,1509,493539,54.86,170.97,2633,207.12,139.39,2,0,110,90,-3,250,0.45,10.0,1.7,0
3,18.0,18.0,18.0,1,Wednesday,NaN,USE,3,0,5,0,521,55.35,325,359.28754,19.507349,31.993376,1419,327695,32.86,142.8,2703,154.7,92.79,1,0,110,90,-3,250,0.45,10.0,1.7,0
3,18.0,18.0,18.0,1,Wednesday,NaN,USE,0,2,1,0,251,51.28,300,315.67932,36.74278,18.578037,1426,487857,38.61,196.83,2451,202.11,153.59,1,0,110,90,-3,250,0.45,10.0,1.7,0
3,18.0,18.0,18.0,1,Wednesday,NaN,USE,1,2,6,0,350,51.37,336,393.70886,20.466463,24.988499,1496,311067,35.65,117.26,2403,125.57,97.42,1,1,110,90,-3,250,0.45,10.0,1.7,0
3,18.0,18.0,18.0,1,Monday,NaN,USE,1,3,2,0,422,53.34,357,383.4216,25.006685,28.31338,1481,476760,47.68,182.39,2791,226.09,113.85,0,1,110,90,-3,250,0.45,10.0,1.7,0
3,18.0,18.0,18.0,0,Monday,NaN,USE,1,2,3,0,446,53.06,383,396.55005,23.847504,26.572027,1489,592352,61.51,210.37,2576,252.46,166.68,1,1,110,90,-3,250,0.45,10.0,1.7,0
2,17.0,17.0,19.0,0,Monday,NaN,USE,2,0,7,2,678,43.16,369,437.47852,45.115932,18.88188,1521,599784,70.08,221.57,2469,270.17,162.47,0,2,110,90,-3,250,0.45,10.0,1.7,0
3,17.0,17.0,17.0,1,Wednesday,NaN,USE,4,1,6,0,713,50.99,323,341.5341,32.2344,28.028149,1433,497253,46.2,230.12,2866,280.32,104.84,0,1,110,90,-3,250,0.45,10.0,1.7,0
3,17.0,17.0,17.0,1,Wednesday,NaN,USE,4,1,6,0,713,50.99,323,341.86746,32.197464,28.06333,1432,497642,46.34,229.86,2865,279.79,104.75,0,1,110,90,-3,250,0.45,10.0,1.7,0
3,17.0,17.0,18.0,0,Monday,NaN,USE,1,1,2,0,338,54.43,336,367.42505,26.632347,28.88376,1410,458129,47.3,201.26,2854,229.3,114.72,0,0,110,90,-3,250,0.45,10.0,1.7,0
3,17.0,17.0,18.0,0,Monday,NaN,USE,1,1,2,0,338,54.09,335,366.4915,26.643784,28.851274,1415,458127,47.17,201.19,2866,229.33,114.6,0,0,110,90,-3,250,0.45,10.0,1.7,0
3,18.0,18.0,18.0,0,Sunday,NaN,USE,0,1,0,0,134,48.18,305,342.45938,34.53179,26.019917,1498,380446,41.38,145.4,2494,174.75,98.32,0,0,110,90,-3,250,0.45,10.0,1.7,0
3,18.0,18.0,18.0,0,Monday,NaN,USE,0,0,1,1,256,60.4,286,323.5595,22.9816,40.548622,1475,458986,36.0,173.96,3059,212.72,121.24,0,2,110,90,-3,250,0.45,10.0,1.7,0
3,NaN,NaN,NaN,0,Friday,NaN,USW,1,2,2,1,408,55.66,418,424.57318,27.320185,26.835863,1535,474733,54.99,157.43,2701,212.67,119.42,0,0,110,90,-3,250,0.45,10.0,1.7,0
3,18.0,16.0,18.0,1,Friday,NaN,USE,3,1,3,0,533,44.3,294,308.70505,41.12099,18.58219,1515,509020,44.92,189.1,2731,233.15,135.91,0,1,110,90,-3,250,0.45,10.0,1.7,0
3,18.0,18.0,19.0,1,Friday,NaN,USW,0,1,2,2,314,48.31,330,346.74448,30.024994,20.743073,1433,526489,38.33,213.29,2637,266.96,130.42,0,1,110,90,-3,250,0.45,10.0,1.7,0
3,18.0,18.0,18.0,1,Friday,NaN,USE,1,0,1,1,228,47.98,282,323.74823,27.88697,19.816086,1459,336253,37.01,146.41,2572,169.69,92.81,0,0,110,90,-3,250,0.45,10.0,1.7,0
3,NaN,18.0,18.0,1,Friday,NaN,USE,0,7,1,1,662,51.51,339,365.2582,26.826258,26.32028,1318,407421,22.99,200.31,2751,230.44,91.72,0,2,110,90,-3,250,0.45,10.0,1.7,0
3,18.0,18.0,19.0,0,Thursday,NaN,USE,0,2,0,0,267,49.69,304,344.0379,30.13616,31.345514,1489,493027,42.27,181.8,2513,270.81,86.45,0,1,110,90,-3,250,0.45,10.0,1.7,0
3,18.0,18.0,19.0,0,Thursday,NaN,USE,1,2,4,2,456,46.38,304,327.1545,29.77483,17.128418,1535,536375,57.12,183.42,2829,225.69,160.36,0,1,110,90,-3,250,0.45,10.0,1.7,0
3,NaN,18.0,18.0,0,Monday,NaN,USW,1,1,1,1,244,52.47,286,337.18045,22.85791,33.5018,1422,404698,41.69,186.75,2920,208.25,108.47,0,0,110,90,-3,250,0.45,10.0,1.7,0
3,NaN,18.0,18.0,1,Monday,NaN,USE,2,0,3,1,522,62.5,350,385.20438,17.759207,39.830532,1530,505839,61.54,172.55,2870,232.01,125.06,0,1,110,90,-3,250,0.45,10.0,1.7,0
3,18.0,16.0,18.0,1,Sunday,NaN,USE,1,1,3,0,280,59.15,308,343.87704,20.532097,31.718971,1564,514671,66.29,162.44,2781,209.64,142.53,0,0,110,90,-3,250,0.45,10.0,1.7,0
3,18.0,18.0,19.0,0,Sunday,NaN,USE,0,0,2,1,164,47.72,314,320.36996,29.322062,15.474555,1356,374112,26.3,178.84,2671,206.27,84.86,0,2,110,90,-3,250,0.45,10.0,1.7,0
3,18.0,18.0,18.0,1,Friday,NaN,USE,1,0,1,1,302,48.1,335,352.403,34.45413,19.920223,1411,457905,42.17,197.45,2742,227.59,114.97,1,0,110,90,-3,250,0.45,10.0,1.7,0
3,NaN,18.0,19.0,0,Friday,NaN,USE,0,1,1,0,228,52.58,295,334.60837,26.583168,20.93464,1425,393120,33.34,161.89,2704,174.34,114.13,0,0,110,90,-3,250,0.45,10.0,1.7,0
3,NaN,16.0,18.0,1,Friday,NaN,USE,1,3,3,0,419,54.28,337,339.10483,22.59422,21.569704,1492,474322,46.57,169.18,2620,223.37,108.59,0,1,110,90,-3,250,0.45,10.0,1.7,0
3,18.0,18.0,19.0,0,Friday,NaN,USE,1,1,1,1,334,44.57,291,289.44876,36.2016,16.5632,1405,437585,33.85,199.55,2651,193.53,143.64,0,0,110,90,-3,250,0.45,10.0,1.7,0
3,18.0,18.0,18.0,1,Saturday,NaN,USW,2,0,7,3,537,53.29,360,412.74768,24.815496,25.18039,1506,510849,54.22,186.23,2521,201.63,171.89,0,3,110,90,-3,250,0.45,10.0,1.7,0
3,18.0,18.0,18.0,1,Wednesday,NaN,USE,1,1,4,1,350,55.08,341,388.2004,23.457281,29.832066,1519,508387,61.41,183.7,2793,216.99,151.58,0,4,110,90,-3,250,0.45,10.0,1.7,0
3,NaN,19.0,19.0,0,Friday,NaN,USE,0,0,4,0,262,51.55,289,280.53384,28.766932,19.94011,1345,472775,40.93,231.27,2449,211.93,153.99,0,1,110,90,-3,250,0.45,10.0,1.7,0
3,19.0,19.0,19.0,0,Friday,NaN,USE,1,0,5,0,304,48.27,276,268.1078,34.714294,20.036903,1401,465880,43.11,211.03,2685,243.57,111.52,2,0,110,90,-3,250,0.45,10.0,1.7,0
3,19.0,17.0,19.0,1,Friday,NaN,USE,2,1,1,0,358,43.89,334,329.8404,34.40742,11.828279,1433,420712,37.69,175.79,2885,232.14,76.97,1,3,110,90,-3,250,0.45,10.0,1.7,0
3,19.0,19.0,19.0,1,Thursday,NaN,USE,1,0,2,1,296,50.98,255,251.40665,23.201612,27.624361,1417,445747,36.02,189.62,2705,172.21,157.66,1,0,110,90,-3,250,0.45,10.0,1.7,0
3,19.0,19.0,19.0,0,Thursday,NaN,USE,1,0,1,0,228,50.9,353,349.82147,36.293304,27.524569,1563,343429,40.87,108.25,2589,149.66,85.71,0,2,110,90,-3,250,0.45,10.0,1.7,0
3,19.0,19.0,19.0,0,Thursday,NaN,USE,1,0,1,0,228,50.9,352,349.69965,36.293724,27.510332,1562,343390,40.69,108.27,2592,149.79,85.58,0,2,110,90,-3,250,0.45,10.0,1.7,0
3,NaN,19.0,19.0,0,Tuesday,NaN,USE,0,2,2,0,229,53.07,296,307.0245,21.243643,24.047289,1318,405535,41.42,199.89,2853,218.25,100.19,1,2,110,90,-3,250,0.45,10.0,1.7,0
3,19.0,19.0,19.0,0,Tuesday,NaN,USE,1,1,2,1,358,47.79,292,332.887,31.894148,20.655298,1420,644908,62.05,280.05,2740,334.52,157.87,0,0,110,90,-3,250,0.45,10.0,1.7,0
3,NaN,19.0,19.0,0,Tuesday,NaN,USE,1,2,3,0,394,60.13,247,267.96674,19.601562,41.686134,1364,501495,43.49,233.66,2601,262.92,122.25,0,1,110,90,-3,250,0.45,10.0,1.7,0
3,NaN,19.0,19.0,1,Tuesday,NaN,USW,1,1,2,0,306,53.76,289,303.1311,23.990429,29.638853,1389,417617,38.69,178.18,2660,217.63,100.77,1,0,110,90,-3,250,0.45,10.0,1.7,0
3,NaN,19.0,19.0,1,Tuesday,NaN,USE,0,2,1,1,300,55.32,351,384.55908,28.301239,27.509815,1573,488300,52.13,141.52,2632,183.58,139.48,2,0,110,90,-3,250,0.45,10.0,1.7,0
3,NaN,17.0,19.0,1,Monday,NaN,USE,1,0,4,1,282,46.06,308,307.74493,25.270466,19.129545,1461,461433,35.78,179.25,2662,168.26,161.98,0,1,110,90,-3,250,0.45,10.0,1.7,0
3,NaN,19.0,19.0,1,Monday,NaN,USE,1,0,4,1,282,46.06,308,307.7258,25.289066,19.135746,1467,461428,35.86,179.48,2656,168.29,161.9,0,1,110,90,-3,250,0.45,10.0,1.7,0
3,19.0,17.0,19.0,0,Monday,NaN,USE,1,0,1,0,212,48.96,340,376.74377,25.480824,20.429266,1442,472641,48.12,183.12,2753,203.59,144.22,2,1,110,90,-3,250,0.45,10.0,1.7,0
3,19.0,19.0,19.0,0,Monday,NaN,USE,1,0,1,0,212,48.96,340,376.8889,25.478094,20.413189,1438,472641,48.53,182.94,2734,203.55,144.22,2,1,110,90,-3,250,0.45,10.0,1.7,0
3,19.0,18.0,19.0,1,Sunday,NaN,USE,0,0,0,1,158,48.0,365,354.94907,32.71442,20.58262,1566,369901,45.45,112.23,2914,113.56,137.86,1,1,110,90,-3,250,0.45,10.0,1.7,0
3,19.0,18.0,19.0,1,Friday,NaN,USE,0,1,0,1,220,56.33,270,304.52252,20.271173,36.12782,1443,437151,35.09,170.56,2682,191.92,127.87,0,1,110,90,-3,250,0.45,10.0,1.7,0
3,18.0,18.0,18.0,1,Monday,NaN,USW,3,0,3,2,588,49.59,347,373.6575,26.39464,18.50488,1465,533055,53.29,227.58,2690,248.81,160.57,1,0,110,90,-3,250,0.45,10.0,1.7,0
3,18.0,18.0,18.0,0,Sunday,NaN,USE,0,0,2,1,268,48.95,400,419.71323,37.70814,28.304148,1545,487902,60.33,154.26,2442,207.98,122.96,0,1,110,90,-3,250,0.45,10.0,1.7,0
3,18.0,17.0,18.0,1,Sunday,NaN,USE,2,0,3,0,346,55.92,355,408.67148,26.80138,27.286818,1535,501421,65.11,170.48,2878,259.38,89.99,1,1,110,90,-3,250,0.45,10.0,1.7,0
3,NaN,18.0,18.0,0,Saturday,NaN,USE,1,5,3,0,718,50.37,365,393.0213,33.22497,24.752392,1500,849217,98.88,304.02,2469,408.08,189.06,0,1,110,90,-3,250,0.45,10.0,1.7,0
3,NaN,18.0,18.0,0,Saturday,NaN,USE,1,5,3,0,718,50.14,365,382.19107,34.49501,23.42472,1506,835960,97.45,305.98,2460,406.67,189.22,0,1,110,90,-3,250,0.45,10.0,1.7,0
3,18.0,18.0,18.0,0,Saturday,NaN,USE,0,2,2,1,280,51.63,366,413.6755,25.477743,30.90619,1535,500609,57.36,167.8,2614,209.83,139.18,0,1,110,90,-3,250,0.45,10.0,1.7,0
3,18.0,18.0,18.0,0,Saturday,NaN,USE,0,2,2,1,280,51.85,366,412.87854,25.531668,30.912092,1533,500698,57.72,167.55,2625,210.22,139.12,0,1,110,90,-3,250,0.45,10.0,1.7,0
3,18.0,17.0,18.0,1,Saturday,NaN,USE,1,3,3,1,575,47.98,407,407.1238,34.14988,21.878912,1425,490148,37.55,188.23,2568,194.32,166.03,1,0,110,90,-3,250,0.45,10.0,1.7,0
3,18.0,18.0,18.0,0,Thursday,NaN,USE,1,4,3,0,487,53.83,390,408.77512,34.15249,21.91069,1537,495971,59.57,158.51,2627,183.62,153.28,1,1,110,90,-3,250,0.45,10.0,1.7,0
3,18.0,18.0,18.0,0,Thursday,NaN,USE,0,2,1,0,237,51.46,361,382.6593,35.028122,23.137054,1551,482764,66.78,163.87,2758,212.15,122.19,0,1,110,90,-3,250,0.45,10.0,1.7,0
3,NaN,18.0,18.0,1,Saturday,NaN,USE,2,0,3,0,316,54.3,416,428.13593,31.24438,33.457306,1545,482673,50.58,140.84,3156,158.2,165.45,2,0,110,90,-3,250,0.45,10.0,1.7,0
3,NaN,18.0,18.0,1,Saturday,NaN,USE,2,0,2,1,398,44.06,393,391.6473,40.694862,23.930513,1540,492229,68.66,154.9,2277,200.52,135.38,3,1,110,90,-3,250,0.45,10.0,1.7,0
3,18.0,18.0,18.0,0,Friday,NaN,USE,0,0,0,1,86,58.48,372,435.93057,18.886534,35.7821,1568,161880,25.56,46.95,3148,68.68,42.41,0,1,110,90,-3,250,0.45,10.0,1.7,0
3,18.0,17.0,18.0,0,Friday,NaN,USE,0,0,1,0,112,48.06,394,422.13263,39.285183,20.751688,1542,493992,70.33,152.84,2920,261.1,77.99,0,1,110,90,-3,250,0.45,10.0,1.7,0
3,NaN,18.0,18.0,0,Monday,NaN,USE,1,2,1,1,420,46.32,418,397.17386,41.044807,25.11703,1580,785330,112.29,223.66,2808,345.24,176.94,2,3,110,90,-3,250,0.45,10.0,1.7,0
3,18.0,18.0,18.0,0,Monday,NaN,USE,1,1,2,1,292,42.25,385,433.03226,43.17015,13.3865,1602,548525,91.5,168.76,3201,230.9,141.16,3,0,110,90,-3,250,0.45,10.0,1.7,0
3,18.0,17.0,18.0,0,Sunday,NaN,USE,0,2,0,0,285,43.46,439,437.3664,44.801178,18.848553,1585,659758,105.51,175.62,2841,275.02,148.81,0,1,110,90,-3,250,0.45,10.0,1.7,0
3,18.0,17.0,18.0,0,Sunday,NaN,USE,0,2,0,0,285,43.29,438,437.1229,44.756123,18.90309,1585,659856,105.43,175.52,2821,275.2,148.64,0,1,110,90,-3,250,0.45,10.0,1.7,0
3,18.0,16.0,18.0,0,Saturday,NaN,USE,0,1,1,1,252,53.4,379,388.54544,27.48204,28.44777,1553,503345,70.09,165.01,2705,220.58,123.99,2,0,110,90,-3,250,0.45,10.0,1.7,0
3,19.0,15.0,19.0,1,Thursday,NaN,USE,1,2,3,1,432,46.55,325,340.0473,43.16179,14.4692135,1442,488123,52.54,210.35,2740,204.94,159.03,0,0,110,90,-3,250,0.45,10.0,1.7,0
3,19.0,17.0,19.0,1,Thursday,NaN,USE,1,2,3,1,432,46.55,324,340.0473,43.149002,14.450181,1443,488143,52.43,210.29,2747,205.11,159.07,0,0,110,90,-3,250,0.45,10.0,1.7,0
3,19.0,19.0,19.0,1,Monday,NaN,USE,3,0,4,1,551,46.28,373,377.93588,38.56496,21.796223,1470,484539,48.73,193.67,2588,192.63,160.82,0,0,110,90,-3,250,0.45,10.0,1.7,0
3,19.0,19.0,19.0,0,Friday,NaN,USE,1,0,1,0,284,42.26,341,350.54095,49.830826,15.472163,1540,488093,55.86,158.26,2316,218.57,113.76,0,1,110,90,-3,250,0.45,10.0,1.7,0
3,19.0,19.0,19.0,0,Thursday,NaN,USE,0,0,1,0,96,47.58,384,408.03958,35.342213,22.910898,1577,338587,52.13,104.05,2786,158.3,71.81,1,2,110,90,-3,250,0.45,10.0,1.7,0
3,19.0,19.0,19.0,0,Thursday,NaN,USE,0,0,1,0,96,47.58,384,407.96686,35.29696,22.838692,1584,338590,51.9,104.21,2780,158.26,71.82,1,2,110,90,-3,250,0.45,10.0,1.7,0
3,19.0,19.0,19.0,0,Thursday,NaN,USE,0,5,4,1,557,51.41,385,392.89243,34.89348,24.974068,1509,922093,114.73,321.86,2561,433.84,199.3,0,4,110,90,-3,250,0.45,10.0,1.7,0
3,19.0,19.0,19.0,1,Saturday,NaN,USW,1,3,2,0,483,48.55,377,398.85507,30.903105,17.332426,1509,505276,68.81,180.21,2686,255.68,101.43,0,1,110,90,-3,250,0.45,10.0,1.7,0
3,19.0,19.0,20.0,1,Saturday,NaN,USE,2,1,4,0,413,45.96,385,388.8889,33.290802,22.308897,1582,519353,78.0,146.01,2661,199.62,147.88,1,0,110,90,-3,250,0.45,10.0,1.7,0
3,19.0,19.0,19.0,1,Wednesday,NaN,USE,1,2,2,2,454,44.66,365,402.36652,38.03346,23.65287,1580,527066,67.37,168.3,2838,232.17,131.35,2,1,110,90,-3,250,0.45,10.0,1.7,0
3,19.0,19.0,19.0,0,Wednesday,NaN,USE,2,2,6,0,528,50.48,393,407.77222,30.567738,24.269817,1524,494814,59.66,168.23,2686,229.01,118.5,0,1,110,90,-3,250,0.45,10.0,1.7,0
3,NaN,19.0,19.0,0,Wednesday,NaN,USE,2,2,6,0,528,50.48,394,408.2136,30.551407,24.275642,1530,494846,59.68,167.99,2692,228.6,118.32,0,1,110,90,-3,250,0.45,10.0,1.7,0
3,NaN,19.0,19.0,0,Wednesday,NaN,USE,0,1,1,0,126,52.84,420,428.95505,21.017635,27.328861,1563,257830,33.8,78.2,2114,125.91,50.33,0,0,110,90,-3,250,0.45,10.0,1.7,0
3,19.0,19.0,20.0,0,Tuesday,NaN,USE,0,1,2,0,240,45.02,377,351.65677,37.506958,19.706547,1491,460774,53.02,155.3,2564,203.28,112.93,1,1,110,90,-3,250,0.45,10.0,1.7,0
3,19.0,18.0,19.0,0,Tuesday,NaN,USE,0,0,2,0,180,56.43,384,414.74826,22.205439,30.917442,1539,485258,65.15,148.84,2778,194.66,136.94,1,1,110,90,-3,250,0.45,10.0,1.7,0
3,19.0,19.0,19.0,0,Monday,NaN,USE,0,0,0,0,54,52.24,356,329.44162,37.504017,23.74719,1481,171222,15.58,65.41,2532,94.73,32.34,0,0,110,90,-3,250,0.45,10.0,1.7,0
3,19.0,18.0,19.0,0,Saturday,NaN,USE,0,0,1,0,92,44.73,373,407.9265,36.601032,21.444613,1549,284836,32.52,86.42,2497,102.38,89.7,0,0,110,90,-3,250,0.45,10.0,1.7,0
3,19.0,18.0,19.0,1,Thursday,NaN,USW,2,0,3,2,522,45.75,335,351.36163,38.32925,18.12473,1519,507161,60.02,183.98,2637,208.09,151.09,0,1,110,90,-3,250,0.45,10.0,1.7,0
3,19.0,18.0,19.0,1,Thursday,NaN,USE,1,2,1,1,433,45.58,377,396.8386,38.404312,20.233145,1493,495980,57.88,171.95,2625,208.04,140.3,1,0,110,90,-3,250,0.45,10.0,1.7,0
3,19.0,19.0,19.0,1,Thursday,NaN,USE,1,0,1,2,296,42.63,266,350.87296,42.018826,15.655789,1430,218519,17.0,115.81,3055,119.35,68.63,0,0,110,90,-3,250,0.45,10.0,1.7,0
3,NaN,19.0,19.0,1,Thursday,NaN,USE,2,2,5,2,744,42.24,302,305.8786,38.867294,16.486343,1434,796018,80.17,327.53,2659,313.81,271.2,0,1,110,90,-3,250,0.45,10.0,1.7,0
3,19.0,19.0,19.0,0,Thursday,NaN,USE,2,2,3,0,492,49.43,360,363.24716,32.98046,24.802135,1473,424134,48.74,163.68,2542,208.55,101.97,1,2,110,90,-3,250,0.45,10.0,1.7,0
3,19.0,18.0,19.0,0,Tuesday,NaN,USE,0,0,2,0,180,56.4,384,415.23715,22.250671,31.026932,1536,485010,64.92,149.04,2726,194.38,137.14,1,1,110,90,-3,250,0.45,10.0,1.7,0
3,19.0,19.0,19.0,0,Tuesday,NaN,USE,1,2,1,0,342,47.01,326,359.20624,36.359943,27.958563,1416,327751,33.21,149.76,2522,184.08,70.94,0,0,110,90,-3,250,0.45,10.0,1.7,0
3,19.0,19.0,19.0,0,Saturday,NaN,USE,0,3,0,0,266,52.96,320,338.9911,28.974834,24.091215,1441,353860,35.15,143.33,2661,177.22,81.15,1,1,110,90,-3,250,0.45,10.0,1.7,0
3,19.0,18.0,19.0,1,Saturday,NaN,USE,3,0,5,0,475,49.79,364,407.57288,37.152306,28.124197,1423,362601,41.4,168.55,2593,175.33,106.07,1,1,110,90,-3,250,0.45,10.0,1.7,0
3,19.0,13.0,19.0,1,Saturday,NaN,USE,4,0,4,1,637,53.8,386,386.7162,26.599512,27.961096,1542,413984,56.18,146.91,2817,161.62,133.46,0,0,110,90,-3,250,0.45,10.0,1.7,0
3,18.0,18.0,19.0,1,Friday,NaN,USE,1,1,1,1,298,61.64,310,401.92825,16.806574,38.640675,1525,318507,40.71,117.8,2889,174.43,59.79,0,1,110,90,-3,250,0.45,10.0,1.7,0
3,18.0,18.0,18.0,1,Friday,NaN,USE,1,2,2,0,330,52.39,319,338.7158,25.833958,21.162966,1333,307525,31.03,152.28,2427,128.71,114.35,0,1,110,90,-3,250,0.45,10.0,1.7,0
3,18.0,17.0,18.0,0,Friday,NaN,USE,0,1,2,1,270,50.81,382,425.3169,32.57005,27.003986,1468,479517,54.43,189.62,2826,223.96,126.2,1,0,110,90,-3,250,0.45,10.0,1.7,0
3,18.0,18.0,19.0,1,Friday,NaN,USE,4,2,4,0,738,48.85,349,349.26892,35.730804,17.376303,1459,357302,44.7,144.68,2720,185.25,82.87,0,1,110,90,-3,250,0.45,10.0,1.7,0
3,18.0,18.0,19.0,1,Thursday,NaN,USE,1,1,5,2,414,48.26,398,431.69186,35.542427,22.196564,1537,543918,78.88,179.87,2796,242.28,135.01,1,0,110,90,-3,250,0.45,10.0,1.7,0
3,NaN,18.0,18.0,0,Tuesday,NaN,USE,0,1,0,0,162,48.59,420,445.66345,38.9215,16.272013,1695,336416,60.82,68.38,2533,124.45,80.67,1,1,110,90,-3,250,0.45,10.0,1.7,0
3,NaN,18.0,18.0,0,Tuesday,NaN,USE,2,1,7,0,470,47.68,416,431.4822,38.781677,16.563656,1526,523570,61.51,190.51,2545,247.81,125.99,2,0,110,90,-3,250,0.45,10.0,1.7,0
3,18.0,18.0,19.0,0,Tuesday,NaN,USE,0,0,1,1,168,46.82,414,433.7221,39.496964,20.111015,1653,456355,69.84,120.03,2885,187.74,107.95,2,0,110,90,-3,250,0.45,10.0,1.7,0
3,18.0,18.0,18.0,1,Tuesday,NaN,USE,2,0,3,0,372,51.58,460,503.92383,27.603811,22.326706,1587,466022,73.25,137.15,2741,190.45,123.57,0,0,110,90,-3,250,0.45,10.0,1.7,0
3,19.0,19.0,19.0,0,Monday,NaN,USE,0,0,2,0,104,54.19,409,428.63348,28.135643,28.531355,1584,313789,45.64,86.03,2880,145.96,61.03,0,2,110,90,-3,250,0.45,10.0,1.7,0
3,19.0,18.0,19.0,0,Monday,NaN,USE,0,0,2,0,104,54.19,409,428.63348,28.167252,28.607912,1583,313832,45.63,86.09,2864,145.88,61.1,0,2,110,90,-3,250,0.45,10.0,1.7,0
3,19.0,19.0,19.0,0,Monday,NaN,USE,0,2,1,0,202,51.6,429,468.16028,29.202415,21.731073,1520,419964,49.7,145.73,2667,212.09,82.46,1,1,110,90,-3,250,0.45,10.0,1.7,0
3,19.0,18.0,19.0,0,Sunday,NaN,USE,0,0,0,0,106,46.07,411,422.52026,35.657986,16.31968,1579,434616,63.06,126.74,2596,189.59,98.83,1,1,110,90,-3,250,0.45,10.0,1.7,0
3,NaN,19.0,19.0,0,Tuesday,NaN,USE,0,2,0,0,169,53.08,373,394.7617,28.361631,26.857773,1445,317820,43.7,124.37,2401,145.76,82.36,0,0,110,90,-3,250,0.45,10.0,1.7,0
3,NaN,19.0,19.0,0,Tuesday,NaN,USE,0,1,0,2,329,42.11,338,343.72833,39.756565,19.668766,1429,484092,50.1,189.49,2391,271.28,86.76,0,2,110,90,-3,250,0.45,10.0,1.7,0
3,19.0,17.0,19.0,1,Tuesday,NaN,USE,2,2,2,2,560,41.08,390,432.14175,48.99532,14.089632,1541,543121,83.03,190.16,2455,256.51,132.17,2,0,110,90,-3,250,0.45,10.0,1.7,0
3,NaN,19.0,19.0,1,Monday,NaN,USW,0,1,3,1,275,47.04,357,363.10757,32.777184,26.406994,1428,452986,43.0,188.61,2626,205.95,125.94,0,1,110,90,-3,250,0.45,10.0,1.7,0
3,NaN,19.0,19.0,1,Sunday,NaN,USW,0,1,3,1,275,47.04,357,363.27618,32.759575,26.350025,1428,453160,42.98,188.43,2619,206.14,125.64,0,1,110,90,-3,250,0.45,10.0,1.7,0
3,19.0,19.0,19.0,0,Friday,NaN,USE,0,1,2,0,206,48.42,387,398.1059,31.404335,16.596445,1512,513289,61.26,178.04,2733,236.61,126.45,3,1,110,90,-3,250,0.45,10.0,1.7,0
3,19.0,16.0,19.0,0,Friday,NaN,USE,0,0,0,0,128,41.72,400,403.18976,42.23621,16.074999,1516,456598,60.34,153.12,2711,189.83,127.04,0,1,110,90,-3,250,0.45,10.0,1.7,0
3,19.0,19.0,19.0,1,Thursday,NaN,USE,0,2,2,2,282,40.19,363,358.19244,44.37994,13.219491,1364,433890,38.65,203.31,2760,194.91,138.97,3,1,110,90,-3,250,0.45,10.0,1.7,0
3,NaN,18.0,19.0,1,Wednesday,NaN,USE,4,0,7,0,632,43.44,459,467.73746,48.650394,15.624158,1622,563678,90.53,162.79,2664,255.4,128.88,0,2,110,90,-3,250,0.45,10.0,1.7,0
3,18.0,18.0,18.0,1,Wednesday,NaN,USE,1,0,3,0,260,38.76,449,451.215,51.519962,16.30418,1563,497959,61.88,151.75,2629,180.97,153.7,0,1,110,90,-3,250,0.45,10.0,1.7,0
3,NaN,17.0,18.0,1,Wednesday,NaN,USE,1,1,4,1,436,44.47,421,425.85095,39.73333,18.289068,1566,1002976,123.31,280.2,2775,421.36,236.33,3,2,110,90,-3,250,0.45,10.0,1.7,0
3,18.0,17.0,18.0,1,Wednesday,NaN,USE,1,0,4,2,324,36.93,387,373.68854,50.69215,10.236099,1516,381529,39.6,127.65,2894,150.77,112.36,0,0,110,90,-3,250,0.45,10.0,1.7,0
3,NaN,18.0,18.0,1,Tuesday,NaN,USE,1,0,4,3,465,45.72,395,455.79416,39.816105,19.587711,1568,547160,83.76,182.64,2962,267.18,112.91,2,0,110,90,-3,250,0.45,10.0,1.7,0
3,18.0,18.0,18.0,0,Tuesday,NaN,USE,0,0,1,0,64,57.3,418,429.3722,25.445837,39.71895,1574,249170,39.73,72.17,2621,103.21,66.16,1,0,110,90,-3,250,0.45,10.0,1.7,0
3,18.0,18.0,18.0,0,Monday,NaN,USE,0,2,1,0,262,57.46,305,310.22238,31.802584,25.16435,1414,437389,34.28,182.22,2774,207.35,111.0,0,0,110,90,-3,250,0.45,10.0,1.7,0
3,18.0,17.0,18.0,0,Monday,NaN,USE,0,2,1,0,262,57.46,305,310.34152,31.802143,25.129915,1411,437380,34.16,182.43,2795,207.03,111.29,0,0,110,90,-3,250,0.45,10.0,1.7,0
3,18.0,17.0,18.0,1,Monday,NaN,USE,1,0,2,1,300,54.35,322,340.76367,20.348759,30.504147,1462,409475,39.17,159.07,2931,192.27,112.92,0,1,110,90,-3,250,0.45,10.0,1.7,0
3,18.0,18.0,18.0,1,Monday,NaN,USE,1,0,3,0,232,53.34,307,317.07098,22.548035,32.870235,1393,462671,39.56,192.62,2827,186.36,154.63,1,0,110,90,-3,250,0.45,10.0,1.7,0
3,NaN,18.0,18.0,0,Saturday,NaN,USE,0,2,0,0,188,49.61,405,393.36783,33.277008,26.064753,1561,393661,36.27,123.21,2859,178.3,90.54,0,2,110,90,-3,250,0.45,10.0,1.7,0
3,18.0,18.0,18.0,1,Saturday,NaN,USW,0,0,1,0,94,49.42,270,298.44275,24.391975,25.126545,1377,433153,38.74,208.93,2734,229.94,103.04,0,3,110,90,-3,250,0.45,10.0,1.7,0
3,18.0,18.0,18.0,0,Saturday,NaN,USE,2,1,3,0,461,51.8,350,333.11548,31.625341,24.360628,1506,482188,66.58,184.03,2547,218.27,125.52,1,2,110,90,-3,250,0.45,10.0,1.7,0
3,18.0,18.0,18.0,1,Saturday,NaN,USW,1,1,3,0,329,47.16,394,401.20032,33.003616,19.294645,1510,596435,73.18,208.45,2815,222.22,189.43,0,0,110,90,-3,250,0.45,10.0,1.7,0
3,18.0,18.0,18.0,0,Thursday,NaN,USE,1,0,3,1,196,50.59,339,361.5317,27.189264,24.938877,1597,294749,39.94,94.81,3106,146.65,61.33,1,1,110,90,-3,250,0.45,10.0,1.7,0
3,18.0,18.0,19.0,0,Thursday,NaN,USE,0,1,0,0,83,50.54,207,234.31308,24.080267,15.719063,1305,140855,12.37,92.44,2969,112.78,16.91,0,1,110,90,-3,250,0.45,10.0,1.7,0
3,19.0,17.0,19.0,0,Thursday,NaN,USE,0,0,3,0,146,52.65,270,287.55893,24.914003,24.456469,1392,394435,23.18,178.31,2667,193.09,108.47,1,0,110,90,-3,250,0.45,10.0,1.7,0
3,18.0,18.0,18.0,0,Wednesday,NaN,USE,0,0,3,1,118,57.57,307,387.98987,11.154206,28.551765,1496,217651,21.69,88.5,2855,118.84,45.34,0,0,110,90,-3,250,0.45,10.0,1.7,0
3,19.0,18.0,19.0,0,Wednesday,NaN,USE,1,5,5,0,578,55.99,303,309.9627,23.109957,35.100655,1394,758808,57.79,317.71,2738,358.39,202.97,0,0,110,90,-3,250,0.45,10.0,1.7,0
3,18.0,17.0,18.0,1,Tuesday,NaN,USE,2,0,3,0,422,46.4,269,295.5766,33.7476,22.462378,1389,479188,31.39,223.98,2636,236.21,136.3,0,0,110,90,-3,250,0.45,10.0,1.7,0
3,NaN,18.0,18.0,1,Tuesday,NaN,USE,3,0,5,0,487,53.47,298,323.29187,23.786242,24.145767,1383,449934,42.04,216.05,2526,211.1,140.22,0,3,110,90,-3,250,0.45,10.0,1.7,0
3,18.0,18.0,18.0,0,Tuesday,NaN,USE,0,0,0,0,48,50.27,310,359.9829,21.328142,35.461414,1472,303261,21.11,123.33,3022,128.89,93.31,0,0,110,90,-3,250,0.45,10.0,1.7,0
3,18.0,18.0,18.0,0,Monday,NaN,USE,0,2,2,0,216,51.92,383,406.07074,29.411379,23.453068,1524,451512,56.64,143.75,2666,196.08,109.7,0,0,110,90,-3,250,0.45,10.0,1.7,0
3,18.0,18.0,18.0,0,Monday,NaN,USE,1,0,1,0,144,38.97,358,377.7981,49.785503,15.414819,1494,191204,18.18,76.45,2555,94.26,51.72,0,0,110,90,-3,250,0.45,10.0,1.7,0
3,18.0,18.0,19.0,0,Sunday,NaN,USE,0,1,2,0,150,52.64,346,358.21176,27.528557,22.008068,1573,491244,70.4,150.07,2883,198.34,128.77,0,2,110,90,-3,250,0.45,10.0,1.7,0
3,19.0,18.0,19.0,0,Sunday,NaN,USE,0,1,4,1,260,54.57,291,316.00763,22.206179,25.921272,1388,723394,76.26,325.05,2902,353.3,193.84,2,2,110,90,-3,250,0.45,10.0,1.7,0
3,NaN,19.0,19.0,0,Sunday,NaN,USE,0,1,3,0,210,51.31,306,377.11038,29.551218,26.347998,1520,517072,52.2,191.26,2660,222.57,146.12,1,0,110,90,-3,250,0.45,10.0,1.7,0
3,19.0,18.0,19.0,0,Sunday,NaN,USW,0,0,1,0,120,48.17,336,376.114,26.885382,15.3969145,1485,476374,57.5,178.85,2864,220.07,124.73,1,2,110,90,-3,250,0.45,10.0,1.7,0
3,18.0,18.0,18.0,0,Saturday,NaN,USE,0,1,1,0,136,40.24,214,209.70874,27.685295,15.161981,1303,176957,10.82,98.45,2595,112.24,35.59,0,0,110,90,-3,250,0.45,10.0,1.7,0
3,19.0,18.0,19.0,0,Friday,NaN,USW,0,1,1,0,174,46.99,359,386.73178,30.916649,18.589499,1560,583710,79.22,190.55,2694,235.82,169.04,2,2,110,90,-3,250,0.45,10.0,1.7,0
3,19.0,19.0,19.0,0,Friday,NaN,USE,2,2,3,0,464,43.07,253,300.26324,32.948986,19.488457,1346,461926,34.39,241.84,2653,228.21,142.18,0,1,110,90,-3,250,0.45,10.0,1.7,0
3,19.0,19.0,19.0,0,Friday,NaN,USE,0,2,0,0,148,44.98,282,274.61435,30.498072,19.764996,1332,430688,41.94,223.22,3025,233.56,114.83,0,1,110,90,-3,250,0.45,10.0,1.7,0
3,18.0,18.0,19.0,0,Monday,NaN,USE,0,2,2,1,216,50.74,303,324.4251,28.679483,20.270967,1363,431236,30.64,204.25,2657,237.78,95.7,0,0,110,90,-3,250,0.45,10.0,1.7,0
3,18.0,18.0,19.0,0,Monday,NaN,USE,0,2,2,1,216,50.74,303,324.5562,28.739859,20.261934,1361,431229,30.92,204.14,2673,237.72,95.65,0,0,110,90,-3,250,0.45,10.0,1.7,0
3,18.0,18.0,19.0,0,Monday,NaN,USE,0,4,1,0,380,45.86,343,347.31934,51.59779,15.802149,1445,438720,42.04,173.79,2392,218.83,92.93,0,1,110,90,-3,250,0.45,10.0,1.7,0
3,18.0,18.0,18.0,1,Monday,NaN,USE,2,1,4,1,430,47.15,307,288.11438,28.027641,28.195965,1372,441988,43.55,212.96,3202,196.21,151.15,3,2,110,90,-3,250,0.45,10.0,1.7,0
3,NaN,18.0,19.0,0,Monday,NaN,USE,2,2,4,2,548,43.14,345,380.20905,36.53571,22.531914,1489,521792,49.21,208.27,2604,262.12,130.19,1,2,110,90,-3,250,0.45,10.0,1.7,0
3,NaN,18.0,18.0,1,Monday,NaN,USE,1,0,2,1,236,54.36,306,320.10815,23.916077,27.175322,1432,269162,25.69,113.88,2748,126.17,80.81,0,0,110,90,-3,250,0.45,10.0,1.7,0
3,18.0,18.0,18.0,0,Monday,NaN,USE,0,1,3,0,126,49.44,399,397.66034,27.867031,22.940521,1461,330098,41.26,130.99,2855,163.42,77.72,0,1,110,90,-3,250,0.45,10.0,1.7,0
3,18.0,18.0,19.0,1,Sunday,NaN,USE,0,2,1,2,335,54.44,283,291.77197,14.660257,27.825462,1314,410233,29.67,217.95,2829,182.54,142.76,0,0,110,90,-3,250,0.45,10.0,1.7,0
3,18.0,18.0,18.0,1,Saturday,NaN,USE,2,0,5,1,464,58.82,361,382.36026,16.414394,32.8628,1441,572260,62.91,242.17,2982,258.73,167.21,2,0,110,90,-3,250,0.45,10.0,1.7,0
3,18.0,18.0,18.0,1,Friday,NaN,USE,0,0,0,0,34,48.04,336,343.58023,35.192455,22.584866,1334,191732,16.03,99.67,3451,102.06,59.82,0,3,110,90,-3,250,0.45,10.0,1.7,0
3,18.0,17.0,18.0,1,Friday,NaN,USE,0,0,0,0,34,48.04,335,343.77795,35.24229,22.501375,1343,191604,16.18,99.42,3428,102.23,59.54,0,3,110,90,-3,250,0.45,10.0,1.7,0
3,18.0,18.0,18.0,1,Friday,NaN,USE,0,0,0,0,34,48.04,335,343.69006,35.2103,22.54423,1339,191703,15.98,99.39,3458,102.07,59.74,0,3,110,90,-3,250,0.45,10.0,1.7,0
3,18.0,18.0,18.0,1,Friday,NaN,USE,1,0,5,1,342,44.65,346,368.8905,36.670475,19.231785,1396,606481,46.09,260.4,2709,261.21,195.68,2,0,110,90,-3,250,0.45,10.0,1.7,0
3,18.0,18.0,18.0,0,Friday,NaN,USE,0,0,0,0,32,60.05,375,426.96423,17.570332,40.358055,1533,160416,20.41,64.54,2957,90.39,27.7,0,0,110,90,-3,250,0.45,10.0,1.7,0
3,18.0,17.0,18.0,0,Friday,NaN,USE,0,0,0,0,32,60.05,375,427.1205,17.504686,40.39543,1528,160449,20.41,64.52,2936,90.36,27.74,0,0,110,90,-3,250,0.45,10.0,1.7,0
3,18.0,18.0,18.0,0,Friday,NaN,USE,0,0,0,0,32,60.37,375,427.55084,17.598433,40.2676,1535,160363,20.51,64.49,2966,90.35,27.68,0,0,110,90,-3,250,0.45,10.0,1.7,0
3,18.0,18.0,18.0,0,Wednesday,NaN,USE,0,2,1,0,293,57.02,308,307.94952,23.812372,26.748362,1381,433783,41.71,186.97,2675,215.66,110.07,2,0,110,90,-3,250,0.45,10.0,1.7,0
3,18.0,18.0,19.0,1,Wednesday,NaN,USE,3,1,2,0,586,48.39,415,424.38968,40.452194,23.033817,1445,366577,44.29,144.74,2619,160.53,104.49,0,1,110,90,-3,250,0.45,10.0,1.7,0
3,18.0,18.0,18.0,0,Tuesday,NaN,USE,1,1,4,0,292,55.91,419,420.67307,25.163908,34.54701,1529,483862,65.98,161.06,2621,206.63,126.65,2,1,110,90,-3,250,0.45,10.0,1.7,0
3,18.0,18.0,19.0,0,Tuesday,NaN,USE,0,0,3,0,104,50.22,437,450.3054,29.791649,21.725145,1545,492882,84.2,162.21,2971,225.4,110.48,0,0,110,90,-3,250,0.45,10.0,1.7,0
3,NaN,18.0,18.0,0,Tuesday,NaN,USE,2,3,2,0,578,53.32,354,354.7772,25.94539,26.879171,1407,561148,51.57,240.53,2531,263.69,157.79,1,0,110,90,-3,250,0.45,10.0,1.7,0
3,NaN,18.0,19.0,1,Tuesday,NaN,USW,1,0,0,0,176,51.92,449,487.60733,26.486513,31.138157,1608,292349,52.47,92.39,3018,128.47,68.56,0,0,110,90,-3,250,0.45,10.0,1.7,0
3,NaN,17.0,19.0,0,Tuesday,NaN,USW,0,0,2,0,66,49.28,461,480.73254,38.099598,22.189283,1587,286235,49.56,87.75,2393,107.95,81.3,0,0,110,90,-3,250,0.45,10.0,1.7,0
3,18.0,18.0,19.0,0,Tuesday,NaN,USE,1,4,2,0,487,46.99,394,420.70584,32.485584,20.768585,1502,725595,106.55,254.42,2782,333.93,172.61,0,2,110,90,-3,250,0.45,10.0,1.7,0
3,18.0,18.0,19.0,0,Tuesday,NaN,USE,1,4,2,0,487,46.99,394,420.9015,32.52054,20.831497,1504,725405,106.54,253.99,2785,333.72,172.39,0,2,110,90,-3,250,0.45,10.0,1.7,0
3,18.0,17.0,19.0,0,Saturday,NaN,USE,0,1,2,1,226,43.9,439,432.98584,40.8703,17.83113,1584,499568,71.3,142.95,2724,179.5,150.67,0,1,110,90,-3,250,0.45,10.0,1.7,0
3,NaN,19.0,19.0,1,Friday,NaN,USE,1,2,5,0,413,47.05,420,434.97546,37.74211,23.977163,1576,716645,108.65,212.23,2547,289.78,180.29,0,2,110,90,-3,250,0.45,10.0,1.7,0
3,NaN,17.0,17.0,1,Friday,NaN,USE,1,2,5,0,413,47.05,421,435.35977,37.654972,23.98068,1573,716649,108.22,211.9,2559,289.59,180.11,0,2,110,90,-3,250,0.45,10.0,1.7,0
3,NaN,18.0,18.0,0,Friday,NaN,USE,1,2,4,0,359,56.03,307,329.6071,16.09678,27.019272,1483,480109,53.78,186.75,2688,214.48,127.75,2,2,110,90,-3,250,0.45,10.0,1.7,0
3,NaN,17.0,17.0,0,Friday,NaN,USE,1,2,4,0,359,56.0,307,330.14484,16.096676,27.018127,1478,480053,53.91,186.53,2697,214.5,127.74,2,2,110,90,-3,250,0.45,10.0,1.7,0
3,18.0,18.0,19.0,0,Friday,NaN,USE,2,1,4,1,450,53.99,366,401.95956,26.29029,29.469763,1495,583397,61.92,230.64,2924,286.7,141.71,1,1,110,90,-3,250,0.45,10.0,1.7,0
3,18.0,17.0,19.0,0,Friday,NaN,USE,2,1,4,1,450,53.99,366,402.1696,26.290405,29.503325,1497,583254,61.86,230.69,2921,286.44,141.7,1,1,110,90,-3,250,0.45,10.0,1.7,0
3,18.0,18.0,19.0,1,Friday,NaN,USE,3,1,4,1,545,47.73,308,356.9229,30.91342,22.493183,1475,513210,37.53,206.44,2871,258.79,127.18,0,0,110,90,-3,250,0.45,10.0,1.7,0
3,19.0,18.0,19.0,1,Thursday,NaN,USE,0,4,3,1,482,53.69,269,318.28668,23.516726,33.212215,1389,566913,56.72,263.37,2684,303.61,126.75,2,1,110,90,-3,250,0.45,10.0,1.7,0
3,NaN,18.0,19.0,1,Thursday,NaN,USE,1,0,2,0,220,46.94,299,321.5111,22.438484,27.117792,1362,394090,37.17,196.83,2875,177.14,128.31,2,1,110,90,-3,250,0.45,10.0,1.7,0
3,18.0,18.0,19.0,1,Thursday,NaN,USE,3,3,4,0,687,53.21,326,326.74777,17.943607,25.957293,1320,379201,32.11,188.52,2491,205.64,99.15,0,1,110,90,-3,250,0.45,10.0,1.7,0
3,NaN,NaN,NaN,1,Sunday,NaN,USE,0,1,0,0,132,46.31,371,372.0116,34.133625,23.63945,1423,470556,41.46,194.64,3015,246.53,90.62,0,0,95,120,-6,400,0.5,6.5,1.6,0
3,19.0,17.0,19.0,1,Wednesday,NaN,USE,3,4,4,2,794,49.72,248,288.97226,27.789352,20.974037,1341,439879,30.54,226.43,2705,215.7,141.14,1,2,110,90,-3,250,0.45,10.0,1.7,0
3,19.0,17.0,19.0,0,Wednesday,NaN,USE,0,0,1,0,42,55.79,342,345.81357,22.901197,31.73065,1399,214675,25.44,94.11,2852,112.27,49.49,0,0,110,90,-3,250,0.45,10.0,1.7,0
3,19.0,18.0,19.0,0,Wednesday,NaN,USE,0,1,3,0,170,49.37,354,362.4889,28.50478,26.899195,1489,450571,57.32,159.69,2826,191.85,123.13,1,3,110,90,-3,250,0.45,10.0,1.7,0
3,19.0,18.0,19.0,0,Wednesday,NaN,USE,0,1,3,0,170,48.71,356,364.23608,28.5089,26.88359,1483,450566,57.43,159.46,2823,192.08,123.03,1,3,110,90,-3,250,0.45,10.0,1.7,0
3,18.0,18.0,18.0,1,Wednesday,NaN,USE,4,4,4,0,903,48.12,348,368.4119,34.14367,29.605782,1457,318819,34.54,130.39,2982,140.68,94.91,2,2,110,90,-3,250,0.45,10.0,1.7,0
3,18.0,18.0,18.0,1,Wednesday,NaN,USE,0,0,0,1,70,57.94,346,425.6665,13.244551,27.215494,1573,238891,34.59,82.36,3303,95.8,70.76,0,0,110,90,-3,250,0.45,10.0,1.7,0
3,18.0,18.0,18.0,0,Wednesday,NaN,USW,0,0,0,0,8,43.73,331,370.2508,32.436825,27.295471,1561,114329,15.43,37.86,2580,64.6,18.11,0,1,110,90,-3,250,0.45,10.0,1.7,0
3,18.0,18.0,19.0,0,Wednesday,NaN,USW,0,1,1,0,205,60.62,381,410.32892,21.415138,36.58702,1500,477609,63.87,163.06,2568,243.05,84.02,0,0,110,90,-3,250,0.45,10.0,1.7,0
3,NaN,19.0,19.0,0,Wednesday,NaN,USW,0,0,2,1,158,57.33,324,339.73468,18.1761,39.24843,1479,461506,41.67,187.53,2593,203.84,128.4,1,1,110,90,-3,250,0.45,10.0,1.7,0
3,NaN,19.0,19.0,0,Wednesday,NaN,USE,1,3,3,1,490,48.45,334,336.39044,29.395054,20.444504,1451,529644,50.33,207.75,2765,276.0,114.63,0,1,110,90,-3,250,0.45,10.0,1.7,0
3,19.0,19.0,19.0,0,Tuesday,NaN,USE,1,1,2,1,334,40.92,314,338.17557,46.85231,15.291958,1412,476394,38.11,210.72,2611,243.92,126.15,0,1,110,90,-3,250,0.45,10.0,1.7,0
3,19.0,19.0,19.0,0,Monday,NaN,USW,2,2,2,0,477,48.94,327,352.86987,32.700382,27.47281,1439,481329,43.33,208.72,2450,272.27,85.86,1,2,110,90,-3,250,0.45,10.0,1.7,0
3,NaN,18.0,19.0,1,Tuesday,NaN,USE,1,1,3,1,302,39.27,345,338.12244,41.715485,15.410509,1450,312975,26.44,124.94,3036,147.03,85.52,0,1,110,90,-3,250,0.45,10.0,1.7,0
3,18.0,18.0,19.0,1,Monday,NaN,USE,3,3,4,2,842,47.56,376,427.36676,35.986122,17.98768,1417,497040,44.17,210.96,2576,260.84,115.15,1,0,110,90,-3,250,0.45,10.0,1.7,0
3,18.0,18.0,19.0,1,Monday,NaN,USE,3,3,4,2,842,47.54,374,411.03296,35.86482,17.948578,1415,495528,44.54,211.56,2569,261.38,114.55,1,0,110,90,-3,250,0.45,10.0,1.7,0
3,19.0,17.0,19.0,0,Sunday,NaN,USE,0,0,0,0,114,45.13,326,348.43372,34.551197,15.50532,1504,438284,54.93,160.24,2849,183.56,124.15,1,1,110,90,-3,250,0.45,10.0,1.7,0
3,19.0,18.0,19.0,0,Sunday,NaN,USE,0,0,0,0,0,34.05,414,359.447,39.89734,3.873075,1379,25943,2.92,14.32,3355,20.76,1.61,0,0,110,90,-3,250,0.45,10.0,1.7,0
3,19.0,19.0,19.0,1,Sunday,NaN,USE,0,3,2,1,458,42.17,320,320.25967,33.04921,14.6680975,1447,463115,42.65,190.14,2471,248.24,95.78,0,2,110,90,-3,250,0.45,10.0,1.7,0
3,NaN,19.0,19.0,1,Tuesday,NaN,USE,2,2,2,1,504,51.01,341,349.85794,24.277685,27.39295,1483,477605,57.72,185.51,2781,189.7,152.29,4,0,110,90,-3,250,0.45,10.0,1.7,0
3,19.0,19.0,20.0,0,Monday,NaN,USW,0,1,1,0,160,58.14,405,439.912,24.806763,35.049686,1557,517209,74.93,169.6,2822,231.56,116.5,0,0,110,90,-3,250,0.45,10.0,1.7,0
3,NaN,19.0,19.0,0,Monday,NaN,USE,0,1,3,1,256,50.52,321,337.3166,27.11532,21.114262,1462,455419,44.34,191.68,2785,243.02,84.63,0,2,110,90,-3,250,0.45,10.0,1.7,0
3,19.0,19.0,20.0,0,Monday,NaN,USE,1,2,2,0,334,55.43,386,391.78763,16.468193,30.560705,1528,483566,58.76,174.99,2842,228.03,115.41,0,2,110,90,-3,250,0.45,10.0,1.7,0
3,NaN,19.0,20.0,0,Monday,NaN,USE,0,0,2,0,126,50.0,318,308.66678,30.292707,25.968718,1444,461695,50.26,190.53,2794,189.04,146.31,0,0,110,90,-3,250,0.45,10.0,1.7,0
3,NaN,19.0,20.0,0,Monday,NaN,USE,0,0,2,0,126,50.0,318,308.63815,30.306316,25.973303,1450,461699,50.31,190.63,2813,188.97,146.36,0,0,110,90,-3,250,0.45,10.0,1.7,0
3,19.0,19.0,20.0,0,Monday,NaN,USE,0,0,2,0,126,50.0,318,308.64767,30.302279,25.994177,1444,461694,50.54,190.56,2809,188.89,146.43,0,0,110,90,-3,250,0.45,10.0,1.7,0
3,19.0,19.0,20.0,0,Monday,NaN,USE,0,0,2,0,126,50.0,318,308.47614,30.308659,25.983715,1447,461704,50.31,190.35,2805,188.82,146.64,0,0,110,90,-3,250,0.45,10.0,1.7,0
3,NaN,20.0,20.0,0,Monday,NaN,USE,0,1,1,0,84,56.56,299,330.475,9.63686,33.7378,1537,330918,39.0,116.16,2965,167.47,64.54,1,0,110,90,-3,250,0.45,10.0,1.7,0
3,19.0,19.0,20.0,1,Friday,NaN,USE,1,2,4,0,323,64.28,312,335.6974,15.721397,45.240265,1465,474545,48.59,190.49,3076,207.47,137.13,0,0,110,90,-3,250,0.45,10.0,1.7,0
3,19.0,18.0,19.0,1,Friday,NaN,USE,2,3,3,0,487,55.26,375,369.79404,21.046494,22.75894,1482,475057,60.3,178.6,2800,231.64,104.78,1,1,110,90,-3,250,0.45,10.0,1.7,0
3,19.0,17.0,19.0,0,Friday,NaN,USE,0,1,0,0,121,56.02,290,301.27783,24.762749,40.196236,1393,160183,14.35,83.99,2855,96.17,34.7,0,1,110,90,-3,250,0.45,10.0,1.7,0
3,NaN,19.0,19.0,1,Wednesday,NaN,USE,2,0,2,0,238,54.21,315,342.05896,27.297348,28.313019,1415,127803,11.18,63.48,2709,73.57,31.86,0,0,110,90,-3,250,0.45,10.0,1.7,0
3,19.0,16.0,20.0,0,Wednesday,NaN,USE,1,2,1,1,390,49.3,252,287.62973,25.719355,21.115076,1369,623726,45.29,304.78,2935,304.52,181.19,0,1,110,90,-3,250,0.45,10.0,1.7,0
3,19.0,19.0,20.0,1,Tuesday,NaN,USE,2,0,3,1,318,47.12,335,343.67935,27.384018,22.74468,1416,199532,19.57,96.46,3054,121.5,38.99,0,0,110,90,-3,250,0.45,10.0,1.7,0
3,19.0,19.0,19.0,1,Tuesday,NaN,USE,1,0,4,2,436,57.77,267,305.66547,11.629593,31.839806,1421,582186,37.99,262.51,2643,275.95,172.37,1,1,110,90,-3,250,0.45,10.0,1.7,0
3,NaN,NaN,NaN,0,Thursday,NaN,USE,0,1,0,0,108,53.53,219,275.83884,26.436295,51.739605,1293,253630,12.36,143.55,3571,163.35,50.12,0,1,90,120,-6,400,0.5,6.5,1.6,0
3,NaN,19.0,20.0,0,Sunday,NaN,USE,0,0,2,0,68,57.83,255,296.49265,15.4928255,39.55151,1355,278420,19.83,128.88,2705,132.22,90.55,1,0,110,90,-3,250,0.45,10.0,1.7,0
3,NaN,19.0,20.0,1,Sunday,NaN,USE,1,1,2,2,368,57.12,243,263.8767,19.141476,32.969463,1367,429693,35.34,206.02,2772,211.36,119.51,0,0,110,90,-3,250,0.45,10.0,1.7,0
3,19.0,19.0,19.0,0,Sunday,NaN,USE,1,1,4,1,376,51.49,329,346.8134,27.80182,25.115654,1506,691685,89.22,237.91,2839,292.08,189.35,0,1,110,90,-3,250,0.45,10.0,1.7,0
3,NaN,18.0,19.0,1,Thursday,NaN,USE,0,2,1,2,336,39.69,353,360.13672,36.04229,15.013506,1522,499483,67.73,175.38,2879,214.77,136.04,0,0,110,90,-3,250,0.45,10.0,1.7,0
3,19.0,18.0,19.0,1,Thursday,NaN,USE,1,0,1,2,300,45.53,330,366.35077,32.66893,17.903297,1405,476116,47.8,220.63,2808,209.63,160.79,1,1,110,90,-3,250,0.45,10.0,1.7,0
3,19.0,18.0,19.0,0,Tuesday,NaN,USE,0,2,2,0,213,50.97,393,407.84097,35.67961,24.590076,1541,273310,40.47,89.6,2696,135.06,57.31,0,0,110,90,-3,250,0.45,10.0,1.7,0
3,NaN,18.0,19.0,0,Sunday,NaN,USW,0,1,5,0,394,51.68,348,354.72482,25.512785,27.115816,1333,928955,59.91,424.24,2587,445.88,262.5,1,0,110,90,-3,250,0.45,10.0,1.7,0
3,NaN,NaN,NaN,0,Sunday,NaN,USW,0,2,2,0,248,42.4,307,319.09644,41.289898,20.975733,1422,441444,37.23,179.48,2776,197.63,124.25,0,1,110,90,-3,250,0.45,10.0,1.7,0
3,19.0,18.0,19.0,0,Sunday,NaN,USW,0,1,3,2,392,52.18,309,318.55093,30.063892,22.858599,1361,743160,52.09,357.91,2993,391.12,186.53,2,2,110,90,-3,250,0.45,10.0,1.7,0
3,19.0,18.0,19.0,1,Saturday,NaN,USE,1,0,1,0,238,56.15,252,259.12988,22.617477,32.95809,1365,416378,21.83,190.44,3026,190.79,123.87,0,2,110,110,-3,280,0.45,10.0,1.7,0
3,19.0,17.0,19.0,0,Saturday,NaN,USW,1,2,3,0,434,54.08,312,327.02637,22.161663,25.641262,1340,418451,27.31,199.51,2788,240.45,93.85,0,2,110,110,-3,280,0.45,10.0,1.7,0
3,19.0,18.0,19.0,1,Saturday,NaN,USE,2,2,4,0,516,49.72,331,363.9302,28.91128,31.546625,1487,470782,51.64,183.58,3075,230.07,112.26,0,1,110,110,-3,280,0.45,10.0,1.7,0
3,19.0,18.0,19.0,1,Thursday,NaN,USW,2,0,7,0,440,48.37,289,315.12277,34.275726,21.519995,1418,530213,43.54,240.88,2595,211.44,192.53,0,1,110,110,-3,280,0.45,10.0,1.7,0
3,NaN,19.0,19.0,1,Thursday,NaN,USE,3,1,6,1,595,50.26,290,298.3881,24.300695,26.477627,1443,463991,40.12,187.4,2931,231.01,111.0,0,0,110,110,-3,280,0.45,10.0,1.7,0
3,NaN,19.0,19.0,1,Sunday,NaN,USE,0,1,2,0,184,52.87,313,334.4762,24.068748,26.353125,1395,434442,38.94,189.24,2852,223.99,99.66,0,0,110,110,-3,280,0.45,10.0,1.7,0
3,19.0,19.0,19.0,1,Sunday,NaN,USE,0,1,2,0,184,52.87,312,334.37003,24.069218,26.436785,1395,434448,39.11,189.19,2859,224.08,99.71,0,0,110,110,-3,280,0.45,10.0,1.7,0
3,19.0,18.0,19.0,1,Sunday,NaN,USE,0,1,1,1,220,55.63,357,380.46704,19.649927,31.541073,1422,433505,42.42,181.53,2715,164.28,160.32,0,0,110,110,-3,280,0.45,10.0,1.7,0
3,19.0,19.0,19.0,0,Friday,NaN,USE,0,0,1,0,266,52.54,428,458.6972,31.97852,24.159988,1555,549452,80.25,172.09,3008,259.02,118.02,2,3,110,110,-3,280,0.45,10.0,1.7,0
3,19.0,19.0,19.0,1,Wednesday,NaN,USE,1,0,5,1,298,52.99,289,326.8642,19.362494,27.56718,1362,449373,36.35,214.08,2839,246.15,107.95,1,0,110,110,-3,280,0.45,10.0,1.7,0
3,NaN,18.0,19.0,0,Wednesday,NaN,USE,0,1,0,2,310,42.45,259,297.61197,32.274826,17.845634,1372,446768,28.29,223.9,2759,268.16,88.72,0,1,110,110,-3,280,0.45,10.0,1.7,0
3,NaN,19.0,19.0,0,Wednesday,NaN,USE,1,1,2,0,240,56.06,305,309.17062,15.084336,31.95444,1411,460510,31.79,196.49,2599,226.03,124.43,2,0,110,110,-3,280,0.45,10.0,1.7,0
3,19.0,18.0,19.0,1,Wednesday,NaN,USE,2,0,4,0,360,57.25,313,356.98715,18.385843,43.81384,1431,370044,43.2,160.56,3033,162.46,117.89,2,0,110,110,-3,280,0.45,10.0,1.7,0
3,19.0,19.0,19.0,1,Friday,NaN,USE,2,1,3,0,370,47.93,375,406.0663,35.27448,25.657808,1499,523195,62.05,200.03,3048,214.58,172.39,2,1,110,110,-3,280,0.45,10.0,1.7,0
3,NaN,18.0,18.0,1,Saturday,NaN,USE,2,1,3,1,428,58.14,341,367.87048,25.133192,27.171455,1443,339477,31.73,142.11,2787,152.25,103.01,0,0,110,110,-3,280,0.45,10.0,1.7,0
3,19.0,19.0,19.0,0,Monday,NaN,USE,2,2,5,1,520,56.91,299,328.61282,18.156681,32.237,1406,496793,39.99,236.65,2959,242.4,142.92,3,0,110,110,-3,280,0.45,10.0,1.7,0
3,19.0,18.0,19.0,0,Friday,NaN,USE,0,0,0,0,96,54.31,299,334.07367,28.454725,32.78473,1412,452494,44.95,199.97,3050,227.42,108.39,2,0,110,110,-3,280,0.45,10.0,1.7,0
3,19.0,19.0,19.0,1,Monday,NaN,USE,2,2,3,1,483,45.63,420,469.46667,37.890522,18.53271,1505,508310,70.13,176.88,3049,250.26,111.2,2,0,110,110,-3,280,0.45,10.0,1.7,0
3,NaN,20.0,20.0,0,Saturday,NaN,USE,2,1,3,1,452,51.34,302,316.655,25.297243,21.05574,1370,458532,38.82,216.83,2666,245.8,114.77,0,1,110,110,-3,280,0.45,10.0,1.7,0
3,19.0,19.0,20.0,0,Saturday,NaN,USE,2,1,3,1,452,50.7,302,303.90686,25.680801,20.128887,1374,455050,38.31,215.64,2668,243.02,114.75,0,1,110,110,-3,280,0.45,10.0,1.7,0
3,19.0,17.0,19.0,0,Wednesday,NaN,USW,0,2,2,0,295,53.88,298,291.7438,18.976408,25.247961,1375,442000,30.79,188.65,2714,226.66,103.32,0,0,110,110,-3,280,0.45,10.0,1.7,0
3,19.0,19.0,19.0,0,Thursday,NaN,USE,0,1,0,0,78,65.24,282,319.7306,12.462351,37.52824,1302,124891,10.31,74.43,3212,90.52,21.59,0,0,110,110,-3,280,0.45,10.0,1.7,0
3,19.0,19.0,20.0,0,Wednesday,NaN,USE,1,2,2,0,414,44.24,322,323.60373,36.369316,17.55394,1337,424790,26.33,209.09,2763,269.23,64.94,0,2,110,110,-3,280,0.45,10.0,1.7,0
3,NaN,19.0,19.0,0,Sunday,NaN,USE,0,2,4,0,288,51.91,295,305.54672,30.683352,17.53379,1369,427015,24.55,192.7,2826,194.21,126.41,1,0,110,110,-3,280,0.45,10.0,1.7,0
3,NaN,19.0,19.0,0,Sunday,NaN,USE,0,1,0,0,390,53.12,283,300.065,25.336538,26.737213,1295,754136,42.56,399.08,2539,438.03,161.31,0,4,110,110,-3,280,0.45,10.0,1.7,0
3,19.0,19.0,19.0,0,Sunday,NaN,USE,1,1,5,0,339,47.16,298,328.19403,32.602406,18.760124,1471,478102,48.27,189.25,2811,244.11,105.94,0,0,110,110,-3,280,0.45,10.0,1.7,0
3,19.0,19.0,20.0,0,Sunday,NaN,USW,0,0,3,0,110,50.43,350,354.87646,31.854925,30.61972,1388,444744,45.9,196.54,2853,172.41,163.85,0,0,110,110,-3,280,0.45,10.0,1.7,0
3,19.0,16.0,19.0,0,Sunday,NaN,USE,0,0,1,0,96,50.99,325,340.23502,25.5738,22.283495,1396,433822,42.6,193.05,2713,215.12,112.23,0,2,110,110,-3,280,0.45,10.0,1.7,0
3,19.0,19.0,19.0,1,Saturday,NaN,USE,1,1,2,0,304,46.2,320,348.21594,34.223637,20.023966,1421,449735,36.7,189.16,2820,230.63,101.5,1,1,110,110,-3,280,0.45,10.0,1.7,0
3,19.0,19.0,19.0,0,Thursday,NaN,USE,1,2,3,0,418,47.0,297,318.34122,37.341198,25.17664,1364,758445,41.6,350.37,2877,383.14,196.23,0,0,110,110,-3,280,0.45,10.0,1.7,0
3,19.0,18.0,19.0,0,Wednesday,NaN,USW,0,2,1,0,192,54.87,226,250.34021,27.131464,34.705452,1299,406363,10.37,227.99,2837,234.63,94.26,1,2,110,110,-3,280,0.45,10.0,1.7,0
3,NaN,19.0,19.0,1,Wednesday,NaN,USE,1,1,4,0,339,54.88,266,325.70862,21.229385,43.997738,1391,451208,29.25,207.97,2975,189.11,158.0,0,1,110,110,-3,280,0.45,10.0,1.7,0
3,19.0,19.0,20.0,0,Tuesday,NaN,USW,0,1,1,0,125,61.8,280,343.03336,14.351492,46.92607,1266,188289,8.76,110.36,2597,117.09,44.22,0,1,110,110,-3,280,0.45,10.0,1.7,0
3,19.0,19.0,19.0,1,Monday,NaN,USE,3,1,3,1,537,51.94,324,349.31213,22.492664,23.569824,1442,393302,34.27,158.2,2960,185.12,114.2,0,0,110,110,-3,280,0.45,10.0,1.7,0
3,19.0,19.0,19.0,1,Monday,NaN,USW,1,0,3,2,324,54.13,314,323.89117,20.912207,25.97968,1355,421974,31.73,201.54,2723,207.69,123.53,0,1,110,110,-3,280,0.45,10.0,1.7,0
3,19.0,17.0,19.0,1,Monday,NaN,USE,3,0,5,0,557,51.48,339,311.4841,27.803242,23.57329,1492,489011,47.5,182.35,3005,211.4,145.27,0,1,110,110,-3,280,0.45,10.0,1.7,0
3,19.0,17.0,19.0,1,Monday,NaN,USE,2,0,6,1,400,45.79,312,309.15384,39.53625,21.67457,1398,439560,30.75,180.53,2873,175.64,151.11,0,0,110,110,-3,280,0.45,10.0,1.7,0
3,NaN,NaN,19.0,0,Saturday,NaN,USE,0,0,1,0,126,49.81,354,341.70978,34.867676,23.78702,1431,452223,40.49,174.98,2537,195.33,130.08,0,1,110,110,-3,280,0.45,10.0,1.7,0
3,NaN,19.0,19.0,1,Saturday,NaN,USE,1,5,3,0,684,45.72,337,328.67493,40.525173,17.806913,1332,703472,39.45,325.67,2606,394.37,151.97,1,3,110,110,-3,280,0.45,10.0,1.7,0
3,NaN,18.0,19.0,0,Saturday,NaN,USE,0,1,1,0,180,50.01,340,328.39108,29.03463,27.871162,1445,490461,50.4,189.29,2538,236.99,116.66,0,4,110,110,-3,280,0.45,10.0,1.7,0
3,19.0,19.0,19.0,0,Saturday,NaN,USE,0,2,0,0,244,55.09,369,380.42767,26.416527,26.393185,1461,477276,41.39,184.38,2621,242.71,107.39,0,1,110,110,-3,280,0.45,10.0,1.7,0
3,18.0,18.0,19.0,1,Monday,NaN,USE,2,0,4,0,384,50.98,436,477.23862,37.84824,21.303595,1594,498966,70.26,133.97,2967,203.46,122.14,0,1,110,110,-3,280,0.45,10.0,1.7,0
3,18.0,18.0,19.0,0,Friday,NaN,USE,0,0,2,0,48,48.58,360,404.61746,32.236298,26.65075,1559,284905,39.36,88.34,2789,132.83,65.02,0,0,110,110,-3,280,0.45,10.0,1.7,0
3,19.0,18.0,19.0,0,Friday,NaN,USE,0,0,0,0,110,64.22,161,206.80635,12.002209,50.638153,1333,404641,12.81,220.53,2689,238.39,94.57,0,0,110,110,-3,280,0.45,10.0,1.7,0
3,19.0,18.0,19.0,0,Thursday,NaN,USE,0,1,1,0,102,61.45,275,391.5452,15.557665,45.087803,1578,308574,39.08,111.11,3199,151.76,74.27,0,1,110,110,-3,280,0.45,10.0,1.7,0
3,19.0,18.0,19.0,0,Thursday,NaN,USE,1,1,2,0,354,60.63,283,290.84576,21.82626,27.232063,1471,483431,56.31,189.94,2915,241.28,106.27,0,0,110,110,-3,280,0.45,10.0,1.7,0
3,19.0,19.0,19.0,0,Friday,NaN,USE,1,3,1,1,441,49.54,266,316.79153,24.67864,18.49504,1330,432817,27.97,228.99,2748,248.06,104.95,0,3,110,110,-3,280,0.45,10.0,1.7,0
3,19.0,18.0,19.0,1,Wednesday,NaN,USE,2,0,2,0,370,50.86,345,359.3958,24.83237,23.270731,1475,484689,44.06,193.77,2744,252.04,107.62,1,3,110,110,-3,280,0.45,10.0,1.7,0
3,19.0,19.0,19.0,1,Tuesday,NaN,USE,1,0,3,2,493,55.18,309,314.67282,17.75486,30.613358,1332,644752,39.33,317.51,2694,324.28,186.03,0,3,110,110,-3,280,0.45,10.0,1.7,0
3,NaN,19.0,19.0,0,Tuesday,NaN,USE,1,0,3,0,224,51.37,255,273.71863,18.972212,20.846958,1317,491001,27.5,265.21,3029,252.56,146.95,0,1,110,110,-3,280,0.45,10.0,1.7,0
3,19.0,19.0,19.0,1,Tuesday,NaN,USE,1,1,1,2,499,45.52,315,311.13266,37.024826,17.839127,1385,666633,57.14,306.97,2992,364.27,156.97,0,1,110,110,-3,280,0.45,10.0,1.7,0
3,NaN,19.0,19.0,1,Sunday,NaN,USE,1,1,5,0,353,45.7,385,403.46002,36.500523,17.97071,1562,484190,61.3,147.03,2792,211.57,110.87,2,1,110,110,-3,280,0.45,10.0,1.7,0
3,19.0,17.0,19.0,0,Sunday,NaN,USE,0,1,5,0,190,60.96,201,241.58453,11.578515,43.25843,1325,411147,11.02,206.65,2934,217.21,108.15,0,3,110,110,-3,280,0.45,10.0,1.7,0
3,19.0,19.0,19.0,1,Friday,NaN,USE,1,0,1,1,230,61.67,417,509.37552,23.475584,40.73204,1595,181196,29.36,55.91,3232,83.4,41.64,0,0,110,110,-3,280,0.45,10.0,1.7,0
3,19.0,19.0,19.0,1,Friday,NaN,USE,2,1,3,0,410,52.53,338,347.55807,23.997602,23.470772,1430,439301,42.24,168.66,3123,200.01,120.51,0,1,110,110,-3,280,0.45,10.0,1.7,0
3,19.0,18.0,19.0,0,Friday,NaN,USE,1,0,4,0,312,55.86,385,431.42252,25.467287,33.45502,1468,962200,133.71,372.64,3012,429.65,272.6,1,0,110,110,-3,280,0.45,10.0,1.7,0
3,19.0,19.0,19.0,0,Tuesday,NaN,USE,0,4,4,0,561,52.52,318,304.7028,26.557013,25.109753,1401,942651,70.32,372.22,2731,454.27,237.9,0,3,110,110,-3,280,0.45,10.0,1.7,0
3,19.0,19.0,19.0,1,Tuesday,NaN,USE,0,0,2,0,142,49.46,215,225.5193,26.784395,17.437132,1297,408962,26.4,219.88,2669,222.0,110.11,1,1,110,110,-3,280,0.45,10.0,1.7,0
3,NaN,18.0,19.0,1,Tuesday,NaN,USE,2,2,4,0,487,41.52,360,378.29755,43.836803,17.102095,1454,476975,46.27,192.19,2883,224.19,127.53,1,0,110,110,-3,280,0.45,10.0,1.7,0
3,19.0,18.0,19.0,1,Tuesday,NaN,USE,1,2,4,3,541,55.73,362,386.16962,21.802353,33.24,1429,586306,55.83,246.8,2700,285.79,155.94,1,1,110,110,-3,280,0.45,10.0,1.7,0
3,18.0,18.0,19.0,1,Tuesday,NaN,USE,1,0,1,0,140,69.65,291,357.82443,15.417705,57.459816,1452,113042,10.95,52.76,3199,60.8,28.44,0,1,110,110,-3,280,0.45,10.0,1.7,0
3,18.0,18.0,18.0,0,Saturday,NaN,USE,1,3,2,0,414,44.13,350,393.1814,44.86174,19.738317,1506,476850,45.77,183.64,2727,242.82,101.56,2,0,110,110,-3,280,0.45,10.0,1.7,0
3,19.0,18.0,19.0,0,Saturday,NaN,USE,1,0,3,2,372,54.69,404,406.60934,32.776833,28.997746,1571,547085,82.09,168.61,2727,278.37,99.9,1,1,110,110,-3,280,0.45,10.0,1.7,0
3,19.0,19.0,19.0,0,Monday,NaN,USE,1,1,2,1,374,47.79,318,313.47552,28.327116,23.557415,1384,444552,35.33,213.41,2882,213.87,130.13,0,3,110,110,-3,280,0.45,10.0,1.7,0
3,19.0,19.0,19.0,0,Monday,NaN,USE,1,1,2,1,374,47.79,318,313.4475,28.335356,23.574894,1382,444581,35.42,213.49,2881,214.03,130.02,0,3,110,110,-3,280,0.45,10.0,1.7,0
3,19.0,18.0,19.0,1,Friday,NaN,USE,1,1,3,1,364,45.3,421,459.24454,37.33562,16.542786,1548,532197,62.76,178.95,2849,212.1,165.96,0,0,110,110,-3,280,0.45,10.0,1.7,0
3,19.0,18.0,19.0,0,Thursday,NaN,USE,1,1,1,1,292,57.96,387,449.58392,20.445393,29.690565,1468,399505,41.88,155.53,2883,216.6,81.43,0,0,110,110,-3,280,0.45,10.0,1.7,0
3,19.0,17.0,19.0,0,Thursday,NaN,USW,1,4,1,0,493,46.07,255,283.79526,27.941833,20.202612,1366,371691,31.91,198.1,2995,242.65,56.08,0,1,110,110,-3,280,0.45,10.0,1.7,0
3,NaN,19.0,19.0,1,Monday,NaN,USE,1,1,4,0,276,50.96,344,338.5003,29.586771,27.013159,1447,490091,59.91,205.37,2959,206.22,162.98,0,1,110,110,-3,280,0.45,10.0,1.7,0
3,19.0,19.0,19.0,0,Monday,NaN,USE,0,1,3,0,208,53.91,276,279.95276,26.723146,29.629158,1386,415274,41.04,185.12,2747,216.76,97.04,0,0,110,110,-3,280,0.45,10.0,1.7,0
3,19.0,19.0,19.0,0,Friday,NaN,USE,0,3,0,0,317,53.6,307,302.93683,25.725843,30.866655,1331,414200,27.79,204.02,2497,230.86,95.72,1,0,110,110,-3,280,0.45,10.0,1.7,0
3,NaN,17.0,19.0,0,Friday,NaN,USE,1,1,4,0,334,53.04,319,335.6906,17.049406,24.527393,1447,538192,61.28,223.82,2888,254.47,143.09,0,1,110,110,-3,280,0.45,10.0,1.7,0
3,19.0,18.0,19.0,1,Friday,NaN,USE,1,0,2,0,250,53.8,412,436.93787,30.363142,33.077873,1644,535163,86.57,130.22,3221,203.47,137.63,0,1,110,110,-3,280,0.45,10.0,1.7,0
3,19.0,19.0,19.0,1,Saturday,NaN,USW,0,0,2,1,166,49.8,350,351.4698,20.29214,22.782173,1436,460145,39.76,198.06,3094,209.14,130.85,0,1,110,110,-3,280,0.45,10.0,1.7,0
3,NaN,18.0,19.0,0,Thursday,NaN,USE,1,4,1,0,471,51.36,345,345.8692,32.78805,26.120468,1379,577487,59.05,262.13,2840,319.32,124.99,0,1,110,110,-3,280,0.45,10.0,1.7,0
3,19.0,19.0,19.0,0,Thursday,NaN,USE,0,1,1,0,227,51.84,422,430.1477,28.636364,28.15323,1558,531246,82.46,172.86,2859,224.36,132.24,1,1,110,110,-3,280,0.45,10.0,1.7,0
3,18.0,18.0,19.0,1,Wednesday,NaN,USE,2,1,3,0,454,65.44,312,339.43338,13.272892,47.817974,1359,443575,28.49,220.93,2781,197.19,152.39,0,1,110,110,-3,280,0.45,10.0,1.7,0
3,NaN,18.0,19.0,1,Wednesday,NaN,USE,1,0,2,0,246,58.62,300,321.0804,18.957499,42.97645,1367,441372,33.94,212.34,2716,200.82,145.82,0,2,110,110,-3,280,0.45,10.0,1.7,0
3,NaN,18.0,19.0,1,Wednesday,NaN,USE,1,0,2,0,246,58.62,300,321.21448,18.939417,42.995113,1366,441764,33.89,212.34,2709,200.93,145.74,0,2,110,110,-3,280,0.45,10.0,1.7,0
3,19.0,18.0,19.0,0,Wednesday,NaN,USE,0,2,0,1,329,50.65,332,358.15543,32.731125,32.42173,1382,624930,44.42,278.86,2730,305.14,171.42,0,3,110,110,-3,280,0.45,10.0,1.7,0
3,19.0,18.0,19.0,0,Wednesday,NaN,USE,0,2,0,1,329,50.58,335,348.5691,32.326145,32.4616,1382,620190,43.14,279.39,2707,303.32,170.77,0,3,110,110,-3,280,0.45,10.0,1.7,0
3,19.0,18.0,19.0,1,Wednesday,NaN,USE,2,0,4,1,422,53.73,307,302.80206,18.906067,34.05305,1335,436918,32.69,220.87,2925,229.33,117.24,1,0,110,110,-3,280,0.45,10.0,1.7,0
3,19.0,18.0,19.0,1,Wednesday,NaN,USE,2,0,4,1,422,53.73,307,302.8933,18.896036,34.0733,1336,436735,32.45,220.94,2919,229.19,117.12,1,0,110,110,-3,280,0.45,10.0,1.7,0
3,18.0,18.0,18.0,1,Wednesday,NaN,USE,3,2,4,0,603,48.91,322,330.68362,31.846888,20.581507,1399,485068,45.73,231.57,2904,239.56,138.96,0,1,110,110,-3,280,0.45,10.0,1.7,0
3,19.0,18.0,19.0,0,Monday,NaN,USE,1,1,4,0,326,49.43,261,265.8508,26.325672,35.68888,1391,751086,46.42,340.81,2651,383.79,180.14,2,3,110,110,-3,280,0.45,10.0,1.7,0
3,NaN,19.0,19.0,0,Monday,NaN,USE,0,0,0,0,22,55.54,206,270.65985,19.654413,37.05886,1159,339038,22.85,276.28,3487,287.13,78.43,0,2,110,110,-3,280,0.45,10.0,1.7,0
3,19.0,19.0,19.0,0,Monday,NaN,USE,2,1,3,0,390,50.3,303,333.94623,23.8497,24.065975,1398,550366,46.65,255.56,2977,297.81,127.92,0,0,110,110,-3,280,0.45,10.0,1.7,0
3,NaN,19.0,19.0,1,Sunday,NaN,USE,1,2,7,1,429,47.23,310,302.46545,31.584915,19.93321,1411,453993,38.45,195.77,2853,207.41,142.88,2,1,110,110,-3,280,0.45,10.0,1.7,0
3,19.0,16.0,19.0,0,Sunday,NaN,USE,0,2,0,0,172,51.7,332,341.797,28.823784,33.73546,1386,470808,60.58,213.63,2941,246.2,126.59,4,2,110,110,-3,280,0.45,10.0,1.7,0
3,19.0,19.0,19.0,1,Friday,NaN,USE,0,1,0,1,223,54.54,237,271.22855,17.82856,31.59935,1387,433028,29.16,208.02,2824,223.03,104.58,0,2,110,110,-3,280,0.45,10.0,1.7,0
3,19.0,19.0,19.0,0,Friday,NaN,USE,0,8,3,0,802,52.8,337,359.4863,27.123873,22.96975,1323,701392,57.17,347.62,2746,426.94,120.63,0,2,110,110,-3,280,0.45,10.0,1.7,0
3,NaN,19.0,19.0,0,Sunday,NaN,USE,1,0,2,1,242,45.95,383,374.40997,30.946276,20.173244,1534,472456,65.73,157.02,3447,214.61,115.56,0,1,110,110,-3,280,0.45,10.0,1.7,0
3,19.0,19.0,19.0,0,Sunday,NaN,USE,0,4,2,0,414,50.69,430,464.01886,33.5097,23.30798,1526,522781,78.95,169.2,3184,235.42,130.0,1,0,110,110,-3,280,0.45,10.0,1.7,0
3,19.0,18.0,19.0,0,Sunday,NaN,USE,0,1,2,0,235,43.57,381,400.48138,40.713055,16.20288,1486,500062,57.18,193.34,2984,236.08,121.81,0,0,110,110,-3,280,0.45,10.0,1.7,0
3,19.0,18.0,20.0,1,Friday,NaN,USE,1,2,2,1,449,45.17,352,348.21426,30.494286,23.275705,1373,508600,52.33,241.28,2860,277.42,116.56,0,0,110,110,-3,280,0.45,10.0,1.7,0
3,19.0,19.0,20.0,0,Tuesday,NaN,USW,0,1,4,1,208,53.69,351,395.2431,28.001488,28.885836,1406,464828,42.89,201.2,3101,217.23,140.2,0,2,110,110,-3,280,0.45,10.0,1.7,0
3,NaN,19.0,19.0,0,Tuesday,NaN,USW,0,1,4,1,208,53.63,350,393.8413,28.027266,29.009623,1404,464856,42.95,201.27,3110,217.04,140.23,0,2,110,110,-3,280,0.45,10.0,1.7,0
3,19.0,19.0,20.0,0,Tuesday,NaN,USE,1,1,2,0,278,45.06,327,321.04514,41.71078,22.288757,1411,470630,41.69,215.48,2784,257.14,100.96,0,1,110,110,-3,280,0.45,10.0,1.7,0
3,NaN,19.0,19.0,1,Friday,NaN,USE,0,3,6,1,477,57.31,323,318.85413,27.160034,31.636768,1372,693486,59.71,301.16,2907,309.69,206.32,3,1,110,110,-3,280,0.45,10.0,1.7,0
3,19.0,19.0,19.0,1,Friday,NaN,USE,1,0,6,2,378,46.02,372,350.45883,39.711235,20.884342,1420,458550,49.96,185.84,2850,192.05,147.93,0,1,110,110,-3,280,0.45,10.0,1.7,0
3,NaN,19.0,19.0,1,Thursday,NaN,USE,2,3,3,0,568,46.85,327,337.77277,32.634552,16.643373,1444,454448,40.18,173.38,3061,178.33,147.94,1,0,110,110,-3,280,0.45,10.0,1.7,0
3,19.0,17.0,19.0,0,Thursday,NaN,USE,0,1,5,1,250,44.62,364,363.74634,35.17372,18.700705,1409,483421,51.25,199.24,2705,213.14,145.82,0,0,110,110,-3,280,0.45,10.0,1.7,0
3,NaN,19.0,19.0,1,Thursday,NaN,USE,2,1,5,0,381,54.46,266,264.28635,22.720943,31.071426,1270,425373,26.82,242.6,2537,209.6,135.7,0,3,110,110,-3,280,0.45,10.0,1.7,0
3,NaN,18.0,19.0,1,Thursday,NaN,USE,0,1,3,1,180,37.29,275,297.5107,46.54619,13.130109,1300,386855,28.64,204.73,2531,201.25,112.21,0,1,110,110,-3,280,0.45,10.0,1.7,0
3,18.0,18.0,19.0,1,Thursday,NaN,USE,0,1,1,2,228,49.78,398,428.5714,33.37439,21.326466,1499,386679,54.19,134.61,2614,182.55,88.56,0,0,110,110,-3,280,0.45,10.0,1.7,0
3,19.0,17.0,19.0,0,Tuesday,NaN,USE,0,2,3,0,202,54.44,228,242.24736,17.20339,31.504238,1269,512596,34.57,303.52,2783,293.89,134.74,0,0,110,110,-3,280,0.45,10.0,1.7,0
3,19.0,11.0,19.0,1,Tuesday,NaN,USE,2,0,3,0,254,57.39,286,288.13632,23.685772,30.735968,1517,344186,48.4,123.57,3239,137.54,104.99,1,1,110,110,-3,280,0.45,10.0,1.7,0
3,19.0,18.0,19.0,0,Monday,NaN,USE,0,1,0,0,89,62.86,251,280.109,12.591029,42.302284,1258,200736,9.45,118.33,2963,134.16,33.84,0,1,110,110,-3,280,0.45,10.0,1.7,0
3,19.0,17.0,19.0,0,Monday,NaN,USW,1,0,2,0,312,58.52,265,258.3665,18.31212,44.055546,1335,448042,28.53,232.76,2608,239.07,114.3,0,0,110,110,-3,280,0.45,10.0,1.7,0
3,19.0,19.0,19.0,0,Monday,NaN,USW,1,0,2,0,312,58.52,265,258.47992,18.294859,44.089127,1337,448052,28.45,232.36,2598,239.16,114.18,0,0,110,110,-3,280,0.45,10.0,1.7,0
3,19.0,19.0,19.0,0,Tuesday,NaN,USW,1,0,2,0,312,58.52,266,258.4572,18.31493,44.070114,1335,447972,28.51,232.79,2606,239.08,114.13,0,0,110,110,-3,280,0.45,10.0,1.7,0
3,19.0,18.0,19.0,1,Monday,NaN,USW,2,0,6,0,482,56.89,409,411.359,23.465664,33.940887,1504,506384,66.98,180.32,2673,189.53,169.95,0,1,110,110,-3,280,0.45,10.0,1.7,0
3,19.0,17.0,19.0,1,Monday,NaN,USE,3,1,6,0,522,51.58,305,319.2132,18.95205,23.897911,1415,358347,30.29,150.35,3181,160.92,111.87,0,0,110,110,-3,280,0.45,10.0,1.7,0
3,19.0,19.0,19.0,0,Sunday,NaN,USE,0,1,2,0,158,43.24,287,308.80255,34.37888,23.659315,1377,445385,36.24,216.1,2700,244.45,103.8,0,2,110,110,-3,280,0.45,10.0,1.7,0
3,19.0,18.0,19.0,1,Saturday,NaN,USE,1,0,4,1,280,44.77,349,361.4157,39.597042,17.962875,1438,468253,53.2,183.94,2859,217.34,130.62,1,1,110,110,-3,280,0.45,10.0,1.7,0
3,19.0,18.0,19.0,0,Saturday,NaN,USE,0,1,3,0,200,41.86,366,364.2314,47.45055,13.113408,1416,395104,34.06,175.1,2855,187.64,107.28,2,0,110,110,-3,280,0.45,10.0,1.7,0
3,19.0,19.0,19.0,0,Saturday,NaN,USE,0,1,3,0,200,41.77,365,362.99005,47.491447,13.364135,1414,395137,34.12,174.99,2853,187.7,107.31,2,0,110,110,-3,280,0.45,10.0,1.7,0
3,NaN,19.0,19.0,0,Wednesday,NaN,USE,0,3,1,1,282,40.73,246,248.66707,38.616783,15.454628,1341,425691,24.01,197.68,2704,240.86,93.56,1,0,110,110,-3,280,0.45,10.0,1.7,0
3,19.0,18.0,19.0,0,Wednesday,NaN,NaN,0,3,1,1,282,40.73,246,248.69792,38.632557,15.43475,1339,425695,23.94,197.67,2705,240.7,93.61,1,0,110,110,-3,280,0.45,10.0,1.7,0
3,19.0,17.0,19.0,1,Wednesday,NaN,USE,1,1,3,1,348,44.27,350,356.6585,37.01524,16.243382,1461,508450,47.04,203.28,2856,259.76,120.26,0,1,110,110,-3,280,0.45,10.0,1.7,0
3,19.0,18.0,19.0,1,Monday,NaN,USE,2,0,2,0,262,60.13,214,212.89037,21.088701,44.74084,1237,274845,12.94,165.88,3307,160.29,71.33,0,0,110,110,-3,280,0.45,10.0,1.7,0
3,19.0,18.0,19.0,0,Monday,NaN,USE,0,2,1,0,224,40.27,254,234.78844,38.180534,17.37404,1282,283001,20.14,146.34,2521,157.97,74.28,0,0,110,110,-3,280,0.45,10.0,1.7,0
3,19.0,19.0,19.0,0,Sunday,NaN,USE,1,0,5,0,218,56.93,308,373.17947,22.038267,25.851538,1451,397712,36.77,169.71,3025,205.43,99.07,0,1,110,110,-3,280,0.45,10.0,1.7,0
3,19.0,19.0,19.0,0,Sunday,NaN,USE,1,0,5,0,218,56.93,308,373.03513,22.043667,25.837402,1452,397695,36.58,169.85,3016,205.76,98.89,0,1,110,110,-3,280,0.45,10.0,1.7,0
3,19.0,19.0,19.0,0,Sunday,NaN,USE,1,2,1,0,369,56.64,296,311.33878,16.225447,33.20493,1311,464507,30.52,248.98,2665,236.36,142.32,0,0,110,110,-3,280,0.45,10.0,1.7,0
3,19.0,19.0,19.0,1,Saturday,NaN,USW,2,1,3,0,454,56.19,311,333.69012,20.454546,36.77686,1343,617921,35.5,311.87,3051,366.07,122.54,0,1,110,110,-3,280,0.45,10.0,1.7,0
3,19.0,19.0,19.0,1,Thursday,NaN,USE,0,2,0,1,287,49.14,384,406.99454,32.32409,26.33566,1338,362560,39.15,175.29,3258,189.27,96.86,1,0,110,110,-3,280,0.45,10.0,1.7,0
3,19.0,19.0,19.0,1,Wednesday,NaN,USE,2,1,3,1,465,48.59,367,410.38336,38.59192,23.672232,1476,475150,48.04,187.37,3025,251.11,103.73,0,0,110,110,-3,280,0.45,10.0,1.7,0
3,19.0,19.0,19.0,1,Wednesday,NaN,NaN,2,1,3,1,465,48.59,367,410.44528,38.57932,23.657022,1468,474687,48.03,187.36,3007,251.01,103.86,0,0,110,110,-3,280,0.45,10.0,1.7,0
3,19.0,18.0,19.0,1,Wednesday,NaN,USE,1,2,1,1,406,40.76,332,356.00986,41.938263,17.151472,1462,479440,55.87,192.96,2880,236.12,121.64,1,1,110,110,-3,280,0.45,10.0,1.7,0
3,19.0,18.0,19.0,1,Saturday,NaN,NaN,1,4,4,0,665,57.4,333,332.41263,19.883364,35.97309,1478,1014853,87.55,350.3,2894,421.71,276.26,1,1,110,110,-3,280,0.45,10.0,1.7,0
3,19.0,19.0,19.0,0,Saturday,NaN,USE,0,1,2,0,194,48.26,375,392.9544,33.84121,23.275965,1425,464686,36.58,186.38,2497,250.8,91.22,0,0,110,110,-3,280,0.45,10.0,1.7,0
3,NaN,18.0,19.0,1,Friday,NaN,USE,0,0,2,1,190,51.6,353,412.28488,37.364582,26.129099,1464,475267,46.47,179.84,3162,222.23,124.22,2,2,110,110,-3,280,0.45,10.0,1.7,0
3,19.0,18.0,19.0,1,Friday,NaN,USE,1,0,2,0,202,53.2,354,391.88135,27.663921,27.994932,1446,475183,47.0,197.13,3123,230.7,126.26,0,3,110,110,-3,280,0.45,10.0,1.7,0
3,19.0,18.0,19.0,0,Saturday,NaN,USE,0,1,3,0,176,48.79,426,421.53824,33.425503,23.728077,1529,381108,45.04,128.87,2770,174.57,93.16,2,1,110,110,-3,280,0.45,10.0,1.7,0
3,NaN,19.0,19.0,0,Saturday,NaN,USE,1,0,2,0,136,45.09,403,381.8312,37.118008,20.372984,1519,184353,26.21,67.88,2750,101.0,39.17,0,0,110,110,-3,280,0.45,10.0,1.7,0
3,19.0,18.0,19.0,0,Saturday,NaN,USE,2,0,7,0,358,52.85,446,480.06946,39.64299,28.101162,1622,491211,77.08,135.04,3196,186.57,138.96,1,1,110,110,-3,280,0.45,10.0,1.7,0
3,19.0,17.0,19.0,0,Friday,NaN,NaN,0,1,1,0,122,45.09,322,312.70294,36.730442,24.75133,1382,410239,37.29,181.62,2776,176.5,131.01,0,1,110,110,-3,280,0.45,10.0,1.7,0
3,NaN,19.0,19.0,1,Friday,NaN,USW,0,0,1,1,178,50.79,390,420.97678,40.9916,20.545866,1553,463512,50.76,142.48,2945,186.89,127.1,0,1,110,110,-3,280,0.45,10.0,1.7,0
3,18.0,18.0,19.0,1,Friday,NaN,USW,1,1,2,2,355,46.32,396,385.35724,34.47117,19.69028,1513,216287,23.23,86.35,2832,88.07,75.96,0,0,110,110,-3,280,0.45,10.0,1.7,0
3,18.0,18.0,18.0,1,Wednesday,NaN,USW,1,0,3,0,262,47.99,435,443.18076,33.645264,19.806046,1604,505190,75.88,145.13,2860,185.72,144.92,1,1,110,110,-3,280,0.45,10.0,1.7,0
3,18.0,18.0,19.0,0,Tuesday,NaN,USW,0,4,2,1,400,48.52,371,400.9221,33.217113,19.68893,1422,450559,40.67,173.22,2705,212.57,120.06,0,0,110,110,-3,280,0.45,10.0,1.7,0
3,19.0,14.0,19.0,1,Monday,NaN,USE,2,2,3,0,466,53.23,323,350.71118,27.554235,30.30276,1422,453095,37.85,184.29,2967,194.76,144.49,0,1,110,110,-3,280,0.45,10.0,1.7,0
3,NaN,19.0,19.0,1,Monday,NaN,USE,2,2,3,0,466,53.47,323,351.1632,27.572338,30.285748,1420,453648,37.61,184.3,2977,194.82,144.28,0,1,110,110,-3,280,0.45,10.0,1.7,0
3,19.0,19.0,19.0,0,Monday,NaN,NaN,0,1,3,2,250,46.48,333,319.2859,39.582573,22.205683,1363,468919,25.86,237.23,2773,256.62,116.46,0,0,110,110,-3,280,0.45,10.0,1.7,0
3,NaN,19.0,19.0,0,Monday,NaN,USE,0,1,3,0,203,43.0,337,345.54254,30.108475,16.153624,1449,279661,34.4,128.73,2806,162.16,64.25,0,0,110,110,-3,280,0.45,10.0,1.7,0
3,19.0,19.0,19.0,0,Monday,NaN,NaN,0,1,1,1,305,52.13,360,382.49142,35.435963,21.748781,1462,509106,54.94,197.62,3007,271.5,101.93,1,1,110,110,-3,280,0.45,10.0,1.7,0
3,19.0,18.0,19.0,1,Sunday,NaN,USE,1,3,3,1,504,51.59,347,361.05786,25.370235,24.620323,1500,538910,59.87,200.15,2727,235.7,147.02,0,0,110,110,-3,280,0.45,10.0,1.7,0
3,19.0,17.0,19.0,1,Sunday,NaN,USE,1,1,1,1,351,46.43,455,509.66364,39.666634,23.59806,1598,580102,92.07,179.65,3315,251.1,152.71,3,0,110,110,-3,280,0.45,10.0,1.7,0
3,19.0,18.0,19.0,0,Sunday,NaN,USE,0,1,2,1,237,47.8,408,427.69247,35.989624,20.883738,1523,510369,78.86,182.99,3073,234.4,124.71,1,0,110,110,-3,280,0.45,10.0,1.7,0
3,19.0,19.0,19.0,0,Sunday,NaN,NaN,1,2,2,0,300,44.91,388,380.79108,40.155785,20.285051,1457,499842,51.45,195.85,2824,269.17,105.1,3,1,110,110,-3,280,0.45,10.0,1.7,0
3,19.0,19.0,19.0,0,Wednesday,NaN,NaN,0,1,0,0,181,54.19,299,330.28882,19.51264,24.428732,1378,435062,46.68,196.69,3060,214.8,117.95,1,1,110,110,-3,280,0.45,10.0,1.7,0
3,18.0,18.0,18.0,1,Wednesday,NaN,USE,3,0,4,0,427,60.56,380,482.05362,18.205454,33.987938,1628,269572,41.41,76.55,2976,102.93,80.7,0,1,110,110,-3,280,0.45,10.0,1.7,0
3,19.0,18.0,19.0,1,Saturday,NaN,NaN,1,6,2,1,688,49.16,327,339.4579,23.351181,18.754562,1367,441956,34.19,211.64,2870,264.15,80.29,1,0,110,110,-3,280,0.45,10.0,1.7,0
3,19.0,17.0,19.0,0,Tuesday,NaN,NaN,1,1,2,1,327,48.12,220,255.87863,28.906668,19.275587,1296,451005,24.35,262.95,2756,272.68,109.68,0,0,110,110,-3,280,0.45,10.0,1.7,0
3,NaN,19.0,19.0,1,Tuesday,NaN,USE,2,0,4,0,402,55.23,301,344.15958,22.781593,30.699781,1387,450997,25.9,205.15,2936,213.67,131.4,1,0,110,110,-3,280,0.45,10.0,1.7,0
3,NaN,19.0,19.0,0,Tuesday,NaN,USE,0,2,0,0,262,53.93,312,337.2609,22.291138,28.013262,1393,458063,31.49,216.33,2732,271.17,87.82,0,1,110,110,-3,280,0.45,10.0,1.7,0
3,NaN,19.0,19.0,0,Tuesday,NaN,NaN,0,0,1,0,134,47.91,303,335.31467,37.397167,20.61418,1374,441593,44.75,207.25,2528,217.25,125.83,0,3,110,110,-3,280,0.45,10.0,1.7,0
3,19.0,19.0,19.0,0,Monday,NaN,NaN,0,0,0,0,126,49.36,366,366.43866,32.280537,23.09112,1446,459828,58.78,183.23,2932,236.91,103.53,0,1,110,110,-3,280,0.45,10.0,1.7,0
3,19.0,18.0,20.0,0,Monday,NaN,NaN,0,0,0,1,164,56.19,395,419.782,21.441135,34.084946,1467,492761,58.84,185.57,2819,227.2,134.6,1,0,110,110,-3,280,0.45,10.0,1.7,0
3,NaN,20.0,20.0,0,Sunday,NaN,NaN,0,0,0,0,2,42.92,314,373.97482,30.411964,27.945421,1395,48340,1.8,26.96,2745,37.64,4.82,0,0,110,110,-3,280,0.45,10.0,1.7,0
3,19.0,19.0,20.0,0,Sunday,NaN,NaN,1,1,3,0,266,48.46,364,358.74094,21.644974,20.786776,1445,474299,43.65,205.82,2944,254.76,98.13,0,0,110,110,-3,280,0.45,10.0,1.7,0
3,20.0,20.0,20.0,0,Saturday,NaN,NaN,0,1,2,0,122,53.42,357,359.23175,21.18636,32.74658,1455,441840,50.97,174.03,3062,193.79,122.92,0,0,110,110,-3,280,0.45,10.0,1.7,0
3,20.0,20.0,20.0,0,Saturday,NaN,NaN,0,1,2,0,122,53.42,356,358.96613,21.191551,32.743977,1450,441842,50.98,174.13,3056,193.9,123.03,0,0,110,110,-3,280,0.45,10.0,1.7,0
3,NaN,19.0,19.0,1,Thursday,NaN,NaN,1,2,0,0,304,38.68,344,328.55527,43.2813,18.70978,1407,440080,43.16,188.62,2534,222.24,104.54,1,0,110,110,-3,280,0.45,10.0,1.7,0
3,20.0,20.0,20.0,1,Thursday,NaN,NaN,1,2,0,0,304,38.68,345,328.79297,43.32483,18.683455,1406,440086,43.08,188.23,2538,222.04,104.59,1,0,110,110,-3,280,0.45,10.0,1.7,0
3,20.0,18.0,20.0,0,Thursday,NaN,NaN,1,0,2,1,278,43.51,395,419.36856,45.142105,18.289474,1515,538494,69.36,204.98,2941,272.52,118.06,3,4,110,110,-3,280,0.45,10.0,1.7,0
3,20.0,20.0,20.0,0,Wednesday,NaN,NaN,0,1,4,0,336,47.13,301,303.5199,40.93106,18.213306,1335,867325,68.08,423.43,2634,500.33,172.61,0,6,110,110,-3,280,0.45,10.0,1.7,0
3,NaN,20.0,20.0,0,Wednesday,NaN,USE,0,0,0,0,106,45.59,346,349.80096,35.946312,19.2492,1449,525364,57.71,209.27,2862,249.56,136.19,0,2,110,110,-3,280,0.45,10.0,1.7,0
3,NaN,20.0,20.0,0,Tuesday,NaN,NaN,0,1,0,0,104,51.69,393,417.03192,21.817093,21.116438,1433,292700,26.58,120.12,2424,160.49,58.74,0,0,110,110,-3,280,0.45,10.0,1.7,0
3,20.0,20.0,20.0,1,Tuesday,NaN,NaN,4,1,7,1,725,57.98,349,385.25137,23.26263,29.068045,1540,445967,58.28,161.04,2667,194.11,128.86,0,0,110,110,-3,280,0.45,10.0,1.7,0
3,NaN,20.0,20.0,0,Sunday,NaN,NaN,1,0,1,0,152,40.02,344,338.43896,48.20932,11.510396,1402,443971,44.23,191.9,2817,213.11,119.38,0,2,110,110,-3,280,0.45,10.0,1.7,0
3,20.0,20.0,20.0,0,Sunday,NaN,USE,1,1,4,0,266,42.45,362,345.1584,33.980835,20.322695,1418,467834,46.78,211.32,2798,253.7,108.48,0,1,110,110,-3,280,0.45,10.0,1.7,0
3,NaN,20.0,20.0,0,Sunday,NaN,NaN,1,1,1,0,309,43.51,363,366.6328,37.747913,14.694082,1455,491785,48.25,201.1,2789,259.28,108.93,0,0,110,110,-3,280,0.45,10.0,1.7,0
3,20.0,20.0,20.0,1,Sunday,NaN,NaN,1,1,6,1,332,44.14,345,346.48993,35.98592,21.241528,1485,430668,49.36,159.54,2837,167.78,145.37,0,1,110,110,-3,280,0.45,10.0,1.7,0
3,20.0,20.0,20.0,1,Sunday,NaN,NaN,1,1,6,1,332,44.14,345,345.72604,36.009212,21.204145,1492,428795,49.62,156.61,2860,167.95,145.93,0,1,110,110,-3,280,0.45,10.0,1.7,0
3,20.0,19.0,20.0,1,Thursday,NaN,NaN,1,3,3,0,404,45.56,309,342.82452,47.21006,10.290103,1427,434062,45.48,178.46,2595,218.77,98.9,0,2,110,110,-3,280,0.45,10.0,1.7,0
3,20.0,19.0,20.0,1,Thursday,NaN,USE,0,1,1,0,113,44.72,340,388.5551,41.872494,15.9241295,1452,288167,31.98,111.62,2655,156.26,61.16,0,0,110,110,-3,280,0.45,10.0,1.7,0
3,20.0,19.0,20.0,1,Thursday,NaN,NaN,0,1,0,0,108,49.74,311,333.2947,35.441536,26.370394,1428,374433,31.79,138.43,2720,149.65,114.96,0,0,110,110,-3,280,0.45,10.0,1.7,0
3,19.0,19.0,19.0,1,Wednesday,NaN,NaN,0,0,0,0,74,48.23,398,445.18347,39.966244,18.842922,1551,396928,57.39,135.58,3030,195.05,86.57,0,0,110,110,-3,280,0.45,10.0,1.7,0
3,19.0,19.0,19.0,1,Wednesday,NaN,NaN,0,0,0,0,74,48.45,399,445.74442,39.98061,18.843128,1554,397111,57.39,135.77,3040,195.27,86.56,0,0,110,110,-3,280,0.45,10.0,1.7,0
3,19.0,18.0,20.0,1,Wednesday,NaN,NaN,2,1,4,0,388,53.49,434,424.06113,31.609808,30.444208,1511,414752,55.87,137.59,2824,205.54,80.57,0,0,110,110,-3,280,0.45,10.0,1.7,0
3,19.0,19.0,19.0,1,Wednesday,NaN,USW,1,0,1,0,198,67.67,215,258.9761,13.655461,52.493996,1393,457643,20.15,212.03,3020,211.51,133.43,0,1,110,110,-3,280,0.45,10.0,1.7,0
3,NaN,19.0,20.0,0,Wednesday,NaN,USW,2,1,3,0,308,45.47,382,422.30923,34.206734,15.944251,1570,312591,34.8,114.29,3064,180.55,54.85,0,1,110,110,-3,280,0.45,10.0,1.7,0
3,NaN,18.0,19.0,0,Wednesday,NaN,USW,0,0,1,0,90,54.47,288,313.85834,16.543392,28.997911,1416,464275,38.13,202.18,2776,219.61,122.76,0,1,110,110,-3,280,0.45,10.0,1.7,0
3,NaN,19.0,20.0,0,Wednesday,NaN,USW,0,1,2,1,262,51.18,223,228.78807,23.188732,34.301277,1286,401198,13.19,205.49,2569,199.55,125.35,0,1,110,110,-3,280,0.45,10.0,1.7,0
3,19.0,19.0,19.0,0,Wednesday,NaN,USW,0,1,0,0,114,45.71,281,311.59744,28.254128,17.275951,1372,242878,17.33,116.48,2651,153.33,35.51,0,0,110,110,-3,280,0.45,10.0,1.7,0
3,19.0,19.0,20.0,0,Wednesday,NaN,USW,1,0,6,0,296,54.89,331,362.0545,25.226221,30.49609,1451,557274,37.43,229.61,2943,251.22,165.14,0,0,110,110,-3,280,0.45,10.0,1.7,0
3,19.0,19.0,20.0,1,Wednesday,NaN,NaN,1,0,3,0,248,55.81,343,358.749,27.513403,28.470602,1468,472631,42.94,177.59,2973,231.83,106.71,0,1,110,110,-3,280,0.45,10.0,1.7,0
3,NaN,19.0,19.0,0,Sunday,NaN,USE,1,0,3,1,306,57.3,264,292.92807,21.344751,33.04278,1445,459769,42.07,194.14,3035,207.11,135.6,0,1,110,110,-3,280,0.45,10.0,1.7,0
3,19.0,19.0,19.0,0,Sunday,NaN,NaN,1,1,4,0,366,45.94,311,300.99655,47.555088,14.411963,1386,468610,29.68,207.81,2856,253.63,106.75,1,4,110,110,-3,280,0.45,10.0,1.7,0
3,19.0,19.0,19.0,1,Saturday,NaN,USE,1,2,2,1,328,61.83,244,264.00638,13.1320505,44.273666,1364,349412,16.21,169.76,2951,157.4,126.53,0,0,110,110,-3,280,0.45,10.0,1.7,0
3,NaN,19.0,19.0,1,Saturday,NaN,USE,2,1,2,0,382,61.97,289,343.63132,16.511786,41.82586,1443,492253,41.96,207.3,3093,231.05,139.78,2,0,110,110,-3,280,0.45,10.0,1.7,0
3,19.0,19.0,19.0,1,Saturday,NaN,USE,1,1,1,0,254,53.78,209,218.21707,13.784144,38.714684,1306,353911,15.98,181.97,2813,178.25,103.06,1,1,110,110,-3,280,0.45,10.0,1.7,0
3,NaN,18.0,19.0,1,Saturday,NaN,USE,1,0,2,1,238,46.67,284,325.66586,33.235477,21.927248,1416,202109,14.92,95.42,3024,70.11,90.26,1,0,110,110,-3,280,0.45,10.0,1.7,0
3,19.0,18.0,19.0,1,Saturday,NaN,USE,1,0,2,1,238,46.67,284,325.5345,33.252502,21.957756,1416,202083,14.65,95.28,3016,70.08,90.21,1,0,110,110,-3,280,0.45,10.0,1.7,0
3,19.0,18.0,19.0,1,Saturday,NaN,USE,1,0,2,0,214,59.82,298,321.28873,14.0571,41.63579,1435,441612,32.29,180.5,2831,197.81,128.06,1,0,110,110,-3,280,0.45,10.0,1.7,0
3,19.0,17.0,19.0,0,Saturday,NaN,USE,1,1,3,0,292,49.17,274,265.444,30.700834,25.756256,1334,438772,20.2,241.5,3069,205.46,159.7,0,0,110,110,-3,280,0.45,10.0,1.7,0
3,19.0,19.0,19.0,0,Saturday,NaN,NaN,0,1,0,0,152,54.4,308,339.0908,17.980392,30.620832,1443,309045,21.78,124.33,2561,147.37,81.46,0,0,110,110,-3,280,0.45,10.0,1.7,0
3,19.0,19.0,19.0,0,Friday,NaN,NaN,0,1,0,1,270,50.63,309,367.88522,22.484272,29.027521,1473,500969,47.39,198.53,3155,253.64,116.01,1,2,110,110,-3,280,0.45,10.0,1.7,0
3,19.0,19.0,19.0,0,Friday,NaN,NaN,0,1,0,1,270,50.63,309,369.35168,22.468704,29.120972,1473,497900,47.47,198.74,3147,252.14,116.17,1,2,110,110,-3,280,0.45,10.0,1.7,0
3,NaN,17.0,17.0,0,Wednesday,NaN,USE,0,0,0,0,28,55.24,309,338.46457,30.513268,30.51798,1407,279343,24.7,134.35,2807,162.26,58.58,1,0,110,110,-3,280,0.45,10.0,1.7,0
3,19.0,18.0,19.0,1,Wednesday,NaN,NaN,0,1,1,0,165,61.22,218,260.1304,13.240167,31.880611,1330,429928,17.98,219.27,2787,173.14,166.77,0,0,110,110,-3,280,0.45,10.0,1.7,0
3,19.0,18.0,19.0,1,Wednesday,NaN,NaN,0,1,1,0,165,61.22,218,260.14624,13.235738,31.860355,1325,429987,17.91,219.45,2800,173.13,166.78,0,0,110,110,-3,280,0.45,10.0,1.7,0
3,19.0,19.0,19.0,0,Wednesday,NaN,USE,2,0,3,0,394,46.71,350,356.25943,30.438723,18.297138,1474,476816,57.14,195.37,2553,248.18,106.45,0,2,110,110,-3,280,0.45,10.0,1.7,0
3,19.0,19.0,19.0,0,Tuesday,NaN,USE,0,0,1,1,154,67.45,234,290.48764,7.521528,47.547764,1367,383891,18.01,184.31,2987,210.14,94.57,0,0,110,110,-3,280,0.45,10.0,1.7,0
3,19.0,19.0,19.0,0,Tuesday,NaN,USE,0,0,1,0,134,47.91,303,335.30466,37.403496,20.542822,1377,441569,44.88,207.3,2527,217.34,125.77,0,3,110,110,-3,280,0.45,10.0,1.7,0
3,19.0,19.0,19.0,1,Tuesday,NaN,USE,2,0,4,0,402,55.23,301,344.14917,22.747862,30.72203,1384,450984,25.56,205.32,2956,213.72,131.49,1,0,110,110,-3,280,0.45,10.0,1.7,0
3,19.0,18.0,19.0,0,Tuesday,NaN,USE,1,1,2,1,327,48.1,220,255.65598,28.86493,19.268318,1298,450963,24.17,263.11,2768,272.91,109.69,0,0,110,110,-3,280,0.45,10.0,1.7,0
3,NaN,19.0,19.0,0,Tuesday,NaN,NaN,0,2,1,1,247,50.0,320,345.62537,26.870033,27.168844,1396,406968,19.91,178.21,3246,191.51,116.16,0,1,110,110,-3,280,0.45,10.0,1.7,0
3,19.0,19.0,19.0,0,Tuesday,NaN,NaN,0,0,1,0,38,66.44,294,384.81747,14.034297,51.083035,1471,150595,16.29,66.32,3590,88.48,27.71,0,1,110,110,-3,280,0.45,10.0,1.7,0
3,19.0,19.0,19.0,1,Tuesday,NaN,USE,0,0,0,0,14,59.53,297,332.98862,18.854733,30.343582,1362,110697,6.2,50.09,2758,32.68,56.18,0,1,110,110,-3,280,0.45,10.0,1.7,0
3,19.0,18.0,19.0,1,Tuesday,NaN,USE,0,1,0,1,209,53.25,269,280.26163,24.000381,33.846695,1331,407689,20.18,199.3,2721,224.39,93.42,1,1,110,110,-3,280,0.45,10.0,1.7,0
3,19.0,19.0,19.0,1,Tuesday,NaN,USE,0,1,0,1,209,52.9,271,282.64667,23.974874,33.846695,1330,407620,20.24,199.35,2719,224.22,93.47,1,1,110,110,-3,280,0.45,10.0,1.7,0
3,19.0,19.0,19.0,1,Tuesday,NaN,USE,0,0,2,0,96,52.27,298,300.02774,21.578001,22.145845,1366,430176,36.88,210.53,3000,186.99,148.84,0,0,110,110,-3,280,0.45,10.0,1.7,0
3,19.0,17.0,19.0,1,Tuesday,NaN,USW,2,0,4,1,388,54.09,299,321.5483,27.395353,28.955679,1427,514215,50.16,226.55,2785,221.67,162.82,0,0,110,110,-3,280,0.45,10.0,1.7,0
3,NaN,17.0,19.0,0,Tuesday,NaN,NaN,0,1,1,0,132,42.82,257,255.55878,48.256836,18.809858,1285,443577,18.29,224.18,2792,222.55,129.61,1,0,110,110,-3,280,0.45,10.0,1.7,0
3,NaN,19.0,19.0,0,Tuesday,NaN,NaN,0,1,1,0,132,42.82,257,255.34494,48.290348,18.791574,1287,443439,18.51,224.24,2790,222.84,129.53,1,0,110,110,-3,280,0.45,10.0,1.7,0
3,19.0,17.0,19.0,0,Tuesday,NaN,NaN,0,1,1,0,132,42.82,257,255.52187,48.30274,18.785208,1291,443446,18.51,224.52,2787,222.64,129.54,1,0,110,110,-3,280,0.45,10.0,1.7,0
3,19.0,17.0,19.0,0,Tuesday,NaN,NaN,0,0,1,0,62,38.83,314,302.78125,44.51519,13.0789795,1470,301768,33.97,123.68,3239,160.87,63.16,0,0,110,110,-3,280,0.45,10.0,1.7,0
3,19.0,19.0,19.0,0,Tuesday,NaN,NaN,0,0,1,0,62,38.83,313,302.5788,44.56754,13.061223,1474,301765,33.95,123.67,3236,160.95,63.14,0,0,110,110,-3,280,0.45,10.0,1.7,0
3,NaN,19.0,19.0,1,Monday,NaN,NaN,1,1,2,0,341,48.97,310,317.5539,32.512363,20.550467,1410,453851,41.2,196.83,2948,240.36,96.96,1,0,110,110,-3,280,0.45,10.0,1.7,0
3,19.0,19.0,19.0,1,Tuesday,NaN,USE,1,0,5,0,286,54.05,303,292.0705,18.900387,35.017143,1371,430428,41.76,193.39,2851,195.32,131.18,1,0,110,110,-3,280,0.45,10.0,1.7,0
3,19.0,19.0,19.0,0,Sunday,NaN,USE,1,1,2,0,220,53.76,382,425.54333,27.70413,30.897217,1529,385010,56.74,132.2,2852,176.51,95.54,1,1,110,110,-3,280,0.45,10.0,1.7,0
3,19.0,19.0,19.0,0,Sunday,NaN,NaN,0,0,1,0,96,47.06,357,380.39413,31.648228,23.431591,1492,407614,37.92,148.9,2840,195.63,97.13,2,0,110,110,-3,280,0.45,10.0,1.7,0
3,19.0,19.0,19.0,1,Saturday,NaN,USE,0,0,1,0,112,47.52,388,404.53473,37.697258,23.99901,1498,464668,48.27,152.88,2587,194.65,128.83,1,0,110,110,-3,280,0.45,10.0,1.7,0
3,19.0,19.0,19.0,1,Saturday,NaN,USE,0,3,2,0,338,52.65,410,415.2657,31.410872,27.033184,1445,444801,41.33,158.84,2800,213.18,100.18,1,1,110,110,-3,280,0.45,10.0,1.7,0
3,19.0,19.0,19.0,1,Saturday,NaN,NaN,1,4,2,1,554,50.54,273,288.3132,22.20236,26.8694,1363,619927,43.89,294.16,2854,322.6,151.56,0,0,110,110,-3,280,0.45,10.0,1.7,0
3,19.0,18.0,19.0,1,Saturday,NaN,USE,3,0,4,0,508,49.62,328,332.1826,26.889936,27.900507,1468,557546,55.38,233.94,3093,279.2,146.5,0,0,110,110,-3,280,0.45,10.0,1.7,0
3,19.0,19.0,19.0,1,Saturday,NaN,USE,1,1,3,1,316,48.06,291,301.20337,38.897335,24.87797,1412,335137,35.23,143.59,3131,153.46,101.85,0,1,110,110,-3,280,0.45,10.0,1.7,0
3,NaN,19.0,19.0,1,Saturday,NaN,NaN,1,1,4,2,432,43.65,357,378.17514,39.477406,15.68079,1508,501616,50.77,178.66,3205,242.87,112.48,2,0,110,110,-3,280,0.45,10.0,1.7,0
3,19.0,19.0,19.0,0,Saturday,NaN,USE,1,0,1,0,190,48.53,304,322.37418,34.106937,22.77913,1368,411733,25.42,189.68,2827,181.77,136.16,1,1,110,110,-3,280,0.45,10.0,1.7,0
3,19.0,19.0,19.0,1,Saturday,NaN,USE,1,1,3,2,418,50.41,349,344.05615,26.895624,25.003584,1473,493947,53.28,188.33,2874,271.22,94.83,0,3,110,110,-3,280,0.45,10.0,1.7,0
3,19.0,18.0,19.0,1,Friday,NaN,USW,1,3,1,0,454,46.97,363,353.17688,39.321983,20.97365,1441,447277,45.11,169.93,2755,201.82,115.39,0,1,110,110,-3,280,0.45,10.0,1.7,0
3,18.0,18.0,19.0,1,Thursday,NaN,NaN,1,2,2,2,486,43.97,353,346.87558,40.917816,17.286106,1437,472449,49.73,197.89,2848,199.49,153.68,1,0,110,110,-3,280,0.45,10.0,1.7,0
3,NaN,18.0,18.0,0,Wednesday,NaN,USE,1,0,1,0,264,52.13,343,401.82648,23.53283,32.103428,1479,519026,59.56,211.28,3174,277.49,112.76,0,0,110,110,-3,280,0.45,10.0,1.7,0
3,19.0,18.0,19.0,0,Wednesday,NaN,USE,0,0,1,0,120,53.42,385,415.63342,29.45501,23.898779,1568,501709,68.07,163.75,3234,224.94,120.25,1,2,110,110,-3,280,0.45,10.0,1.7,0
3,18.0,13.0,18.0,1,Wednesday,NaN,USE,0,1,1,0,117,52.95,446,424.01944,28.227077,19.879477,1363,190295,17.1,88.07,3337,81.98,70.85,0,0,110,110,-3,280,0.45,10.0,1.7,0
3,18.0,18.0,19.0,0,Sunday,NaN,USW,0,1,4,0,254,53.05,428,429.9808,28.381468,24.245628,1526,440462,54.07,141.64,2731,179.18,124.52,0,0,110,110,-3,280,0.45,10.0,1.7,0
3,NaN,17.0,19.0,1,Saturday,NaN,USE,1,1,3,1,389,58.96,372,395.22394,23.741558,32.628025,1505,662891,75.02,224.87,3030,310.08,157.88,1,0,110,110,-3,280,0.45,10.0,1.7,0
3,19.0,16.0,19.0,0,Saturday,NaN,USE,0,1,2,2,357,47.48,301,338.44022,33.697803,17.660095,1474,480394,39.41,186.81,2540,226.41,123.34,0,0,110,110,-3,280,0.45,10.0,1.7,0
3,18.0,15.0,18.0,0,Saturday,NaN,USE,2,2,4,1,583,51.73,384,407.18765,33.190872,23.74002,1520,521020,65.61,191.95,2712,251.14,129.01,0,0,110,110,-3,280,0.45,10.0,1.7,0
3,18.0,18.0,18.0,1,Saturday,NaN,USE,1,0,3,0,196,55.72,315,309.0407,19.649847,28.412779,1438,472629,24.71,183.44,2798,210.35,131.5,0,0,110,110,-3,280,0.45,10.0,1.7,0
3,NaN,18.0,18.0,1,Saturday,NaN,USE,1,0,3,0,256,59.31,269,308.8249,17.37689,42.477848,1410,454115,28.86,198.03,2762,237.0,104.84,1,0,110,110,-3,280,0.45,10.0,1.7,0
3,18.0,18.0,18.0,0,Saturday,NaN,USE,1,0,2,1,369,47.96,278,317.33087,31.079363,27.837957,1382,465791,28.58,228.37,2789,237.68,134.01,0,0,110,110,-3,280,0.45,10.0,1.7,0
3,NaN,18.0,18.0,0,Saturday,NaN,USE,1,0,2,1,369,47.96,278,317.5862,31.030287,27.899323,1381,465609,28.4,228.28,2793,237.41,133.85,0,0,110,110,-3,280,0.45,10.0,1.7,0
3,18.0,18.0,18.0,1,Friday,NaN,NaN,2,1,2,2,462,54.49,332,381.62607,29.428867,33.007187,1505,498702,57.11,186.82,3312,204.1,162.56,1,1,110,110,-3,280,0.45,10.0,1.7,0
3,18.0,16.0,18.0,1,Friday,NaN,NaN,3,2,3,1,668,47.83,408,388.40292,44.83161,19.756884,1387,464381,42.06,218.53,2804,255.4,109.91,0,1,110,110,-3,280,0.45,10.0,1.7,0
3,18.0,18.0,18.0,1,Thursday,NaN,USE,1,1,3,1,379,51.62,351,353.55438,31.560787,31.67702,1557,417734,49.28,114.51,2413,163.01,113.47,1,0,110,110,-3,280,0.45,10.0,1.7,0
3,18.0,18.0,18.0,0,Thursday,NaN,USE,1,1,3,0,330,53.29,354,358.2667,28.327093,31.043026,1465,488077,46.08,192.9,2897,221.77,139.95,1,0,110,110,-3,280,0.45,10.0,1.7,0
3,18.0,16.0,18.0,0,Thursday,NaN,NaN,0,0,0,0,26,41.81,282,393.34125,60.12283,17.414425,1383,168184,13.91,86.75,2668,93.78,46.89,0,0,110,110,-3,280,0.45,10.0,1.7,0
3,18.0,17.0,19.0,1,Thursday,NaN,USE,1,1,2,1,268,43.58,338,342.88904,40.77467,20.390505,1446,456191,38.09,170.3,2995,233.75,97.21,0,1,110,110,-3,280,0.45,10.0,1.7,0
3,19.0,17.0,19.0,0,Thursday,NaN,USE,0,1,2,0,122,43.6,367,393.21588,47.769325,18.14177,1541,369910,37.87,117.26,2830,176.73,74.97,0,0,110,110,-3,280,0.45,10.0,1.7,0
3,NaN,18.0,18.0,1,Thursday,NaN,NaN,1,1,3,0,300,39.01,404,397.80658,45.314415,12.311249,1529,511013,63.37,177.53,2835,229.82,131.59,0,0,110,110,-3,280,0.45,10.0,1.7,0
3,18.0,18.0,19.0,1,Wednesday,NaN,USE,1,2,3,2,567,49.79,365,367.1562,34.897625,22.672781,1437,487001,47.49,208.33,2613,251.96,114.84,1,1,110,110,-3,280,0.45,10.0,1.7,0
3,18.0,18.0,18.0,1,Wednesday,NaN,USW,1,1,2,0,362,49.63,402,420.1435,42.711773,18.66501,1554,492139,58.39,150.33,3079,206.32,127.31,2,0,110,110,-3,280,0.45,10.0,1.7,0
3,19.0,16.0,19.0,0,Wednesday,NaN,NaN,0,1,1,0,186,47.24,399,409.70914,38.05998,18.678356,1499,475443,41.29,164.57,2404,195.94,137.01,2,1,110,110,-3,280,0.45,10.0,1.7,0
3,19.0,16.0,19.0,0,Wednesday,NaN,USE,0,1,1,0,186,47.24,399,409.44397,38.080936,18.64879,1498,475242,41.3,164.56,2391,196.1,136.91,2,1,110,110,-3,280,0.45,10.0,1.7,0
3,NaN,18.0,19.0,0,Wednesday,NaN,USE,1,0,4,0,308,54.11,355,374.71014,28.458954,23.56694,1412,438553,33.79,182.84,2210,199.58,126.39,0,3,110,110,-3,280,0.45,10.0,1.7,0
3,NaN,19.0,19.0,1,Wednesday,NaN,USE,2,0,5,0,408,44.76,462,457.25684,39.028984,30.863764,1607,496145,73.32,134.76,2781,173.62,151.15,0,0,110,110,-3,280,0.45,10.0,1.7,0
3,19.0,16.0,19.0,0,Wednesday,NaN,USE,0,1,1,0,206,48.92,397,400.4308,33.610294,25.133362,1573,481015,56.64,137.46,2840,198.89,119.42,0,2,110,110,-3,280,0.45,10.0,1.7,0
3,19.0,16.0,19.0,0,Wednesday,NaN,USE,1,0,3,0,308,54.52,421,443.7562,28.017124,28.0477,1603,505660,73.97,138.38,2425,189.71,141.87,0,1,110,110,-3,280,0.45,10.0,1.7,0
3,19.0,16.0,19.0,0,Wednesday,NaN,USE,1,0,3,0,308,54.52,421,444.19644,27.993021,28.017504,1607,505649,73.91,138.2,2434,189.57,141.69,0,1,110,110,-3,280,0.45,10.0,1.7,0
3,NaN,18.0,18.0,0,Wednesday,NaN,NaN,2,2,4,1,609,54.18,362,395.68512,30.009083,26.24832,1515,712924,74.41,258.04,2988,324.95,186.58,0,0,110,110,-3,280,0.45,10.0,1.7,0
3,18.0,18.0,19.0,0,Tuesday,NaN,USE,0,1,3,1,239,58.89,182,212.52286,14.290119,34.948845,1368,465212,21.27,248.07,2895,243.0,127.23,1,1,110,110,-3,280,0.45,10.0,1.7,0
3,19.0,17.0,19.0,0,Tuesday,NaN,USW,2,0,3,0,352,53.46,239,248.76146,23.296751,41.80763,1439,502800,22.9,219.87,2691,275.19,112.2,1,0,110,110,-3,280,0.45,10.0,1.7,0
3,19.0,18.0,19.0,0,Tuesday,NaN,USE,0,1,0,0,116,75.56,6,88.1748,0.0,80.395065,1331,434755,7.13,268.08,3055,243.23,106.63,0,1,110,110,-3,280,0.45,10.0,1.7,0
3,19.0,19.0,19.0,0,Tuesday,NaN,USE,0,0,3,0,108,55.71,377,413.82874,26.078783,30.615067,1530,517994,63.87,179.33,3042,267.28,101.25,1,1,110,110,-3,280,0.45,10.0,1.7,0
3,19.0,18.0,19.0,1,Monday,NaN,USE,1,0,4,0,268,43.23,347,334.422,37.65294,20.480091,1426,450687,37.02,181.35,2653,190.11,143.05,0,1,110,110,-3,280,0.45,10.0,1.7,0
3,19.0,18.0,19.0,0,Monday,NaN,NaN,1,0,2,0,250,50.22,359,362.2887,30.707653,27.453207,1403,474810,31.99,205.54,3168,207.32,154.9,0,2,110,110,-3,280,0.45,10.0,1.7,0
3,19.0,19.0,19.0,1,Monday,NaN,USE,0,0,4,1,168,52.8,383,391.89618,24.88155,20.444294,1481,495652,57.78,189.18,3303,229.03,131.41,0,1,110,110,-3,280,0.45,10.0,1.7,0
3,19.0,18.0,19.0,0,Monday,NaN,USE,0,1,1,0,112,45.55,328,333.82886,38.658688,22.037685,1369,317879,19.15,135.27,2644,157.49,83.89,0,0,110,110,-3,280,0.45,10.0,1.7,0
3,NaN,18.0,19.0,0,Thursday,NaN,USE,1,0,3,0,264,53.22,322,334.38058,21.561895,29.65789,1388,471317,24.95,227.57,2801,222.22,152.54,0,0,110,110,-3,280,0.45,10.0,1.7,0
3,19.0,19.0,19.0,0,Thursday,NaN,USE,0,1,0,0,172,40.09,294,313.06696,35.006893,19.948214,1358,380111,31.84,188.44,2524,190.34,110.99,0,0,110,110,-3,280,0.45,10.0,1.7,0
3,19.0,18.0,19.0,1,Wednesday,NaN,USE,2,1,4,4,714,48.09,487,512.60675,30.804087,22.640772,1593,588921,94.94,194.55,3096,258.61,163.1,0,1,110,110,-3,280,0.45,10.0,1.7,0
3,NaN,18.0,19.0,0,Wednesday,NaN,USE,1,0,2,0,278,44.68,417,418.80167,41.54969,22.047707,1502,440639,55.56,162.82,2787,228.42,80.77,0,0,110,110,-3,280,0.45,10.0,1.7,0
3,19.0,18.0,19.0,0,Wednesday,NaN,USE,0,2,1,0,195,52.95,495,518.70557,36.928066,30.827452,1596,266525,42.91,74.3,2688,121.42,57.6,0,0,110,110,-3,280,0.45,10.0,1.7,0
3,NaN,19.0,20.0,0,Wednesday,NaN,USE,0,1,0,0,245,43.63,467,448.76877,44.08197,15.297882,1605,478505,68.76,134.07,2740,227.15,91.6,1,0,110,110,-3,280,0.45,10.0,1.7,0
3,NaN,19.0,19.0,0,Wednesday,NaN,USW,1,2,2,0,374,43.8,466,467.2336,49.307556,16.145025,1621,572094,88.99,146.16,2808,236.24,132.2,1,1,110,110,-3,280,0.45,10.0,1.7,0
3,19.0,19.0,19.0,1,Wednesday,NaN,USW,1,2,4,2,444,46.65,438,481.27402,33.829777,20.758354,1548,515682,70.19,167.74,3113,246.29,115.34,1,0,110,110,-3,280,0.45,10.0,1.7,0
3,19.0,19.0,19.0,1,Wednesday,NaN,USE,0,3,0,1,385,44.4,364,359.87607,41.1068,19.354036,1426,536686,62.55,227.36,2917,264.47,143.0,0,1,110,110,-3,280,0.45,10.0,1.7,0
3,19.0,19.0,20.0,1,Tuesday,NaN,NaN,2,1,5,0,449,47.98,356,342.2642,29.823744,22.48507,1459,490639,50.37,194.0,2849,226.42,134.55,1,3,110,110,-3,280,0.45,10.0,1.7,0
3,19.0,19.0,19.0,0,Sunday,NaN,NaN,0,0,2,0,70,50.05,266,244.80754,33.776035,27.850645,1309,392708,13.78,202.35,2935,177.92,133.34,0,2,110,110,-3,280,0.45,10.0,1.7,0
3,19.0,19.0,20.0,1,Sunday,NaN,NaN,0,2,2,1,280,47.08,320,338.22238,35.27522,23.251093,1410,451225,30.57,186.39,3285,232.24,104.06,0,2,110,110,-3,280,0.45,10.0,1.7,0
3,19.0,19.0,19.0,0,Saturday,NaN,USE,0,0,0,0,28,42.22,275,286.5617,31.345444,11.934573,1375,174282,9.45,93.12,2920,103.19,39.96,0,0,110,110,-3,280,0.45,10.0,1.7,0
3,NaN,18.0,19.0,1,Saturday,NaN,USE,1,1,2,1,377,52.25,289,278.43573,32.0709,30.379206,1413,285116,15.14,130.54,2780,143.25,72.37,1,0,110,110,-3,280,0.45,10.0,1.7,0
3,19.0,18.0,19.0,0,Saturday,NaN,USE,1,1,1,0,269,57.73,307,346.07126,25.75465,32.153687,1409,385483,22.88,166.35,3231,174.85,119.13,0,0,110,110,-3,280,0.45,10.0,1.7,0
3,19.0,19.0,19.0,0,Saturday,NaN,USW,1,2,2,1,433,50.45,296,324.1193,35.001465,22.667707,1423,407405,22.92,173.2,2886,224.78,85.33,0,0,110,110,-3,280,0.45,10.0,1.7,0
3,19.0,19.0,19.0,0,Saturday,NaN,USE,0,1,1,0,184,48.93,326,351.91766,35.338184,24.987768,1374,434281,24.48,180.62,2569,221.43,108.15,0,0,110,110,-3,280,0.45,10.0,1.7,0
3,NaN,19.0,19.0,1,Saturday,NaN,USW,0,1,0,0,106,54.89,285,319.3249,22.198801,28.366035,1441,252604,22.11,108.74,3039,126.9,59.64,0,0,110,110,-3,280,0.45,10.0,1.7,0
3,19.0,19.0,19.0,1,Thursday,NaN,NaN,0,0,3,0,144,50.07,340,358.92383,38.982723,22.250517,1448,435040,40.48,169.66,3174,169.37,146.81,0,0,110,110,-3,280,0.45,10.0,1.7,0
3,NaN,20.0,20.0,1,Saturday,NaN,USW,0,1,2,0,233,48.08,370,398.61902,39.24369,18.790981,1421,458753,29.25,185.23,3144,213.12,125.58,0,2,110,110,-3,280,0.45,10.0,1.7,0
3,NaN,19.0,19.0,1,Saturday,NaN,USE,4,1,6,2,719,48.58,442,418.15933,31.075775,22.014036,1567,523454,77.1,170.53,2916,224.22,143.64,0,1,110,110,-3,280,0.45,10.0,1.7,0
3,19.0,17.0,19.0,1,Saturday,NaN,NaN,1,2,5,1,505,54.53,383,406.6754,29.557423,25.059292,1454,694031,94.72,272.14,2975,320.27,184.86,0,0,110,110,-3,280,0.45,10.0,1.7,0
3,19.0,19.0,19.0,1,Wednesday,NaN,NaN,1,1,3,1,368,62.34,202,244.9293,9.7676325,42.96182,1219,405681,12.61,264.84,2605,231.78,137.07,0,2,110,110,-3,280,0.45,10.0,1.7,0
3,NaN,19.0,19.0,0,Wednesday,NaN,NaN,0,2,0,1,252,46.75,273,270.12054,34.394066,21.22076,1304,423578,20.61,225.0,2674,230.17,110.21,1,0,110,110,-3,280,0.45,10.0,1.7,0
3,19.0,19.0,19.0,0,Wednesday,NaN,NaN,0,2,0,1,252,46.75,273,269.92334,34.32676,21.244795,1304,423585,20.29,225.44,2653,230.26,110.29,1,0,110,110,-3,280,0.45,10.0,1.7,0
3,19.0,18.0,19.0,1,Wednesday,NaN,NaN,0,0,1,0,68,62.06,213,231.39377,15.155143,42.417576,1241,379107,18.45,232.06,2832,225.23,88.06,0,1,110,110,-3,280,0.45,10.0,1.7,0
3,19.0,18.0,19.0,0,Wednesday,NaN,USE,0,1,1,0,146,52.43,387,416.20346,30.385872,29.864628,1424,364912,28.19,136.95,3206,162.23,106.13,0,1,110,110,-3,280,0.45,10.0,1.7,0
3,19.0,19.0,19.0,1,Tuesday,NaN,USE,1,2,2,2,443,50.83,362,405.4106,32.633152,22.578495,1392,421447,42.65,183.43,3187,232.06,86.3,0,1,110,110,-3,280,0.45,10.0,1.7,0
3,19.0,18.0,19.0,0,Tuesday,NaN,NaN,0,0,0,1,132,46.96,411,418.0675,35.87077,18.234306,1470,334356,33.77,133.63,3099,176.93,74.4,0,0,110,110,-3,280,0.45,10.0,1.7,0
3,19.0,16.0,19.0,0,Monday,NaN,NaN,2,1,3,0,412,45.07,323,343.62292,38.138115,18.599417,1377,464625,38.01,222.77,2765,260.78,108.87,0,1,110,110,-3,280,0.45,10.0,1.7,0
3,NaN,19.0,19.0,0,Friday,NaN,NaN,0,2,0,0,238,49.44,359,413.1783,28.48407,19.653925,1481,502251,55.29,190.54,2738,270.21,99.66,1,0,110,110,-3,280,0.45,10.0,1.7,0
3,19.0,19.0,19.0,0,Friday,NaN,NaN,0,2,0,0,238,49.44,359,413.6676,28.50634,19.649227,1488,502442,55.72,190.78,2746,269.96,99.67,1,0,110,110,-3,280,0.45,10.0,1.7,0
3,19.0,19.0,19.0,1,Friday,NaN,NaN,2,1,3,0,412,53.14,407,428.62372,26.833405,21.794239,1476,462857,47.29,168.74,3237,205.63,127.49,2,3,110,110,-3,280,0.45,10.0,1.7,0
3,19.0,19.0,19.0,1,Friday,NaN,USE,1,0,3,1,247,47.47,345,380.74094,36.922085,27.233292,1415,481537,31.11,214.32,3004,220.72,137.79,0,0,110,110,-3,280,0.45,10.0,1.7,0
3,19.0,19.0,19.0,1,Thursday,NaN,USE,0,3,2,0,311,49.34,394,407.80646,26.812035,30.63626,1493,474416,55.76,162.43,3093,195.76,134.87,1,1,110,110,-3,280,0.45,10.0,1.7,0
3,NaN,19.0,19.0,0,Thursday,NaN,USE,0,0,0,0,78,53.27,318,342.38196,21.548037,30.448313,1391,423150,34.06,193.94,3155,205.44,117.06,0,1,110,110,-3,280,0.45,10.0,1.7,0
3,19.0,17.0,19.0,0,Thursday,NaN,USE,0,2,0,0,177,42.4,346,349.98666,55.40449,14.098905,1457,269129,28.92,103.21,2758,139.28,57.0,0,0,110,110,-3,280,0.45,10.0,1.7,0
3,NaN,19.0,19.0,0,Wednesday,NaN,NaN,0,1,3,0,183,48.26,311,330.6225,33.42442,21.921553,1412,456611,36.1,216.48,3223,225.56,120.68,0,0,110,110,-3,280,0.45,10.0,1.7,0
3,19.0,19.0,19.0,1,Wednesday,NaN,NaN,1,0,3,0,196,53.96,262,289.62762,28.121664,37.70108,1288,360365,9.51,195.04,2965,178.98,113.48,0,0,110,110,-3,280,0.45,10.0,1.7,0
3,19.0,19.0,19.0,0,Friday,NaN,USW,0,1,1,0,70,50.35,400,407.63724,27.494905,25.72458,1437,86218,9.29,36.14,3103,53.69,11.82,0,0,110,110,-3,280,0.45,10.0,1.7,0
3,NaN,19.0,19.0,1,Friday,NaN,NaN,0,0,0,0,116,48.28,367,385.01248,44.135986,22.58558,1407,453618,38.77,195.53,2998,248.77,101.2,0,1,110,110,-3,280,0.45,10.0,1.7,0
3,19.0,19.0,19.0,0,Friday,NaN,USE,0,1,0,0,208,33.1,314,303.38135,50.685364,11.284666,1358,233182,23.68,122.65,2903,160.47,42.57,0,2,110,110,-3,280,0.45,10.0,1.7,0
3,NaN,18.0,19.0,1,Friday,NaN,USE,1,2,2,0,424,51.21,315,334.97562,30.71174,27.925865,1343,570165,28.52,279.06,3027,315.48,124.49,0,0,110,110,-3,280,0.45,10.0,1.7,0
3,19.0,19.0,19.0,0,Friday,NaN,USE,2,1,8,0,396,42.39,531,579.2431,47.01766,16.321028,1641,474521,77.9,132.92,2891,191.02,127.91,1,0,110,110,-3,280,0.45,10.0,1.7,0
3,19.0,19.0,20.0,1,Wednesday,NaN,USW,2,2,2,0,435,54.41,349,374.27075,24.286125,24.446674,1401,456860,35.92,208.25,3236,257.52,93.86,0,0,110,110,-3,280,0.45,10.0,1.7,0
3,19.0,19.0,19.0,1,Sunday,NaN,USE,0,3,1,0,301,51.78,337,367.79868,23.593487,26.473944,1436,402491,42.15,169.58,2965,218.23,77.4,0,2,110,110,-3,280,0.45,10.0,1.7,0
3,19.0,19.0,19.0,1,Sunday,NaN,USE,1,0,3,1,248,57.65,434,472.29095,24.148127,30.503616,1586,327806,37.69,94.01,2971,144.89,78.09,0,0,110,110,-3,280,0.45,10.0,1.7,0
3,19.0,19.0,20.0,0,Sunday,NaN,USW,0,1,3,1,180,51.3,356,373.1998,24.367249,25.230562,1477,479820,54.17,187.92,3081,219.31,126.56,2,2,110,110,-3,280,0.45,10.0,1.7,0
3,19.0,19.0,19.0,0,Sunday,NaN,USE,2,3,4,0,742,54.22,390,384.384,29.785257,25.767807,1472,890952,78.31,321.66,2925,472.06,166.46,1,0,110,110,-3,280,0.45,10.0,1.7,0
3,NaN,17.0,19.0,0,Thursday,NaN,USW,0,1,1,0,110,48.53,287,314.81238,31.532347,19.85017,1360,299254,17.42,146.14,2874,178.89,59.3,0,0,110,110,-3,280,0.45,10.0,1.7,0
3,19.0,19.0,19.0,0,Thursday,NaN,USW,0,0,0,0,8,56.28,163,194.31061,29.02918,39.576115,1265,260694,6.33,149.53,3559,189.12,26.46,0,2,110,110,-3,280,0.45,10.0,1.7,0
3,19.0,18.0,19.0,0,Wednesday,NaN,USW,0,0,1,0,54,48.05,351,367.26578,28.071121,19.375156,1407,385456,33.83,166.27,2969,199.13,86.87,0,3,110,110,-3,280,0.45,10.0,1.7,0
3,19.0,19.0,19.0,1,Tuesday,NaN,USE,3,0,5,1,509,51.3,460,482.29114,33.1467,24.693806,1646,390634,56.45,102.29,2993,156.63,109.11,0,2,110,110,-3,280,0.45,10.0,1.7,0
3,19.0,19.0,19.0,1,Tuesday,NaN,USE,1,2,3,0,417,50.63,389,384.88544,35.877335,25.030699,1461,452929,38.49,162.52,2719,216.23,102.96,0,0,110,110,-3,280,0.45,10.0,1.7,0
3,NaN,19.0,19.0,1,Tuesday,NaN,USE,1,2,1,0,308,42.31,386,393.30664,44.674107,15.966363,1449,492852,42.68,190.4,2883,237.3,118.27,0,1,110,110,-3,280,0.45,10.0,1.7,0
3,NaN,19.0,19.0,1,Tuesday,NaN,NaN,1,1,2,0,291,47.55,325,368.83344,29.574043,17.582989,1418,412173,36.95,172.76,3048,215.91,95.92,0,0,110,110,-3,280,0.45,10.0,1.7,0
3,19.0,19.0,19.0,1,Tuesday,NaN,USE,1,0,2,0,260,53.33,446,465.21158,32.604195,24.320206,1573,522830,67.78,150.38,3184,226.44,128.06,2,0,110,110,-3,280,0.45,10.0,1.7,0
3,19.0,17.0,20.0,0,Monday,NaN,NaN,0,1,1,0,122,49.26,343,372.73096,34.903385,26.798742,1447,456681,38.07,176.73,3185,220.75,110.16,0,1,110,110,-3,280,0.45,10.0,1.7,0
3,19.0,19.0,20.0,1,Monday,NaN,USE,1,1,2,2,377,51.16,325,321.27417,27.035807,27.457485,1412,191037,15.83,80.73,3130,100.26,50.1,0,0,110,110,-3,280,0.45,10.0,1.7,0
3,NaN,18.0,18.0,0,Sunday,NaN,USE,1,0,2,0,204,41.08,347,354.25128,46.97459,12.279613,1458,319136,22.85,132.12,2819,165.47,83.78,0,1,110,110,-3,280,0.45,10.0,1.7,0
3,19.0,19.0,19.0,1,Sunday,NaN,USE,2,3,3,0,613,45.36,369,384.6021,47.224365,18.775229,1433,481688,35.97,196.34,2834,255.36,103.5,0,2,110,110,-3,280,0.45,10.0,1.7,0
3,19.0,16.0,19.0,1,Sunday,NaN,NaN,1,2,1,0,325,53.03,376,381.2375,27.927437,23.147392,1380,439643,39.63,196.27,2729,237.06,98.68,2,0,110,110,-3,280,0.45,10.0,1.7,0
3,19.0,19.0,19.0,0,Sunday,NaN,NaN,0,0,1,0,64,56.78,348,362.84933,33.785194,28.293087,1350,297991,22.13,144.6,2801,165.45,76.29,2,1,110,110,-3,280,0.45,10.0,1.7,0
3,19.0,19.0,19.0,1,Sunday,NaN,USE,0,3,2,1,355,45.17,303,295.76804,33.003117,18.315577,1225,373105,9.89,220.71,2699,252.97,63.4,0,3,110,110,-3,280,0.45,10.0,1.7,0
3,19.0,19.0,19.0,1,Sunday,NaN,NaN,1,1,2,1,387,49.3,348,336.19583,29.923058,19.051044,1402,444909,40.09,217.99,3112,269.72,100.88,0,1,110,110,-3,280,0.45,10.0,1.7,0
3,NaN,19.0,19.0,0,Sunday,NaN,NaN,0,2,0,1,307,58.25,365,386.2236,28.298973,28.014408,1396,443965,34.2,197.84,3101,248.98,84.15,0,0,110,110,-3,280,0.45,10.0,1.7,0
3,19.0,17.0,19.0,1,Sunday,NaN,NaN,0,0,4,1,226,58.56,334,345.79208,21.283173,38.62377,1464,464395,37.69,175.99,3014,217.44,125.32,0,0,110,110,-3,280,0.45,10.0,1.7,0
3,19.0,19.0,19.0,1,Sunday,NaN,USE,0,0,4,1,226,58.2,334,345.65698,21.262714,38.647224,1464,464362,37.84,175.98,3012,217.08,125.41,0,0,110,110,-3,280,0.45,10.0,1.7,0
3,19.0,17.0,19.0,1,Sunday,NaN,USE,0,0,4,1,226,58.56,334,346.16452,21.226587,38.698128,1457,463183,37.17,176.28,3022,217.02,125.37,0,0,110,110,-3,280,0.45,10.0,1.7,0
3,18.0,18.0,19.0,1,Saturday,NaN,USE,2,0,4,1,400,51.25,437,456.9251,42.501194,23.737986,1573,524424,66.15,159.72,3087,212.46,148.89,1,0,110,110,-3,280,0.45,10.0,1.7,0
3,NaN,18.0,18.0,1,Saturday,NaN,NaN,1,3,2,0,477,48.35,376,397.98956,35.471012,27.030895,1501,472583,46.31,167.0,2859,214.43,116.38,0,1,110,110,-3,280,0.45,10.0,1.7,0
3,18.0,18.0,18.0,1,Saturday,NaN,NaN,1,3,2,0,477,48.37,376,397.97815,35.35317,27.149117,1500,472500,46.09,166.76,2872,214.85,116.18,0,1,110,110,-3,280,0.45,10.0,1.7,0
3,NaN,18.0,18.0,1,Saturday,NaN,NaN,4,0,6,0,575,53.61,397,403.48718,30.567823,26.592407,1492,445167,40.41,167.17,3083,186.6,136.27,2,1,110,110,-3,280,0.45,10.0,1.7,0
3,18.0,17.0,18.0,1,Saturday,NaN,USE,3,1,4,0,516,46.5,308,304.06345,28.966314,19.758873,1355,448959,29.34,223.65,2998,285.76,79.93,0,1,110,110,-3,280,0.45,10.0,1.7,0
3,18.0,18.0,19.0,1,Friday,NaN,USE,1,0,1,1,242,56.98,338,341.0829,24.589499,25.212648,1370,421014,30.14,195.72,2962,236.38,90.92,0,3,110,110,-3,280,0.45,10.0,1.7,0
3,NaN,19.0,19.0,0,Thursday,NaN,USE,1,0,4,0,276,51.89,478,484.23038,34.354572,28.239037,1618,525266,73.86,143.16,3201,223.44,116.83,1,0,110,110,-3,280,0.45,10.0,1.7,0
3,19.0,17.0,19.0,0,Wednesday,NaN,USE,0,0,2,1,190,61.68,256,282.73184,11.293515,35.60077,1312,430652,25.47,228.73,3085,258.79,96.05,2,0,110,110,-3,280,0.45,10.0,1.7,0
3,19.0,17.0,19.0,0,Tuesday,NaN,USE,1,1,3,0,254,44.21,275,270.27316,33.99435,20.259699,1505,269091,23.13,105.19,2842,154.14,50.96,0,1,110,110,-3,280,0.45,10.0,1.7,0
3,NaN,18.0,19.0,0,Tuesday,NaN,USE,0,0,2,0,96,49.74,272,293.31558,29.896872,19.488012,1259,365807,20.4,212.94,2902,228.7,74.85,0,1,110,110,-3,280,0.45,10.0,1.7,0
3,19.0,18.0,19.0,0,Tuesday,NaN,USE,0,0,2,0,96,50.05,273,293.82214,29.89154,19.546255,1259,365811,20.55,212.66,2909,228.58,74.85,0,1,110,110,-3,280,0.45,10.0,1.7,0
3,19.0,18.0,19.0,1,Tuesday,NaN,USE,0,0,0,1,150,49.85,279,295.49857,28.40556,27.59771,1488,430173,55.72,168.43,3072,205.57,109.95,0,3,110,110,-3,280,0.45,10.0,1.7,0
3,18.0,18.0,19.0,1,Monday,NaN,USE,0,2,1,2,312,49.84,441,453.44598,29.412647,21.1621,1538,493841,55.08,156.69,2804,233.37,107.16,2,1,110,110,-3,280,0.45,10.0,1.7,0
3,NaN,18.0,18.0,0,Monday,NaN,USE,0,2,2,0,188,49.92,429,497.69873,32.042946,36.386913,1545,266158,38.89,101.75,3209,137.6,67.49,1,0,110,110,-3,280,0.45,10.0,1.7,0
3,19.0,18.0,19.0,1,Monday,NaN,USE,0,1,0,1,255,39.85,370,377.9427,48.732758,14.911917,1486,343630,37.46,122.62,2806,171.76,71.43,0,0,110,110,-3,280,0.45,10.0,1.7,0
3,19.0,19.0,19.0,1,Sunday,NaN,USE,1,0,3,1,312,63.46,287,304.94217,19.972837,42.12748,1462,489650,34.14,194.42,2807,205.53,145.43,0,1,110,110,-3,280,0.45,10.0,1.7,0
3,19.0,18.0,19.0,0,Sunday,NaN,NaN,0,0,5,0,246,59.16,330,340.72025,15.528401,35.89828,1473,660336,33.13,228.78,2615,276.13,181.48,0,1,110,110,-3,280,0.45,10.0,1.7,0
3,18.0,18.0,19.0,1,Saturday,NaN,USW,0,1,0,0,191,60.15,302,318.4813,19.045732,43.493492,1363,429393,23.4,192.03,2700,202.29,129.52,0,0,110,110,-3,280,0.45,10.0,1.7,0
3,18.0,18.0,19.0,0,Saturday,NaN,USW,0,0,0,0,128,51.79,355,341.6995,37.920956,24.327644,1380,242551,17.53,113.16,2647,132.23,51.34,1,0,110,110,-3,280,0.45,10.0,1.7,0
3,NaN,18.0,18.0,0,Friday,NaN,NaN,0,1,1,1,315,51.05,309,329.67776,25.435764,20.492884,1332,457642,14.93,239.76,2617,268.41,98.89,0,2,110,110,-3,280,0.45,10.0,1.7,0
3,18.0,18.0,19.0,0,Friday,NaN,USE,1,2,2,0,368,45.68,290,288.32526,33.50856,18.646166,1363,473364,22.79,230.05,3121,259.01,111.11,0,1,110,110,-3,280,0.45,10.0,1.7,0
3,NaN,18.0,19.0,0,Thursday,NaN,USE,0,2,0,0,201,48.93,259,263.77634,18.383997,25.78895,1341,320113,16.31,178.26,2767,180.65,77.67,0,1,110,110,-3,280,0.45,10.0,1.7,0
3,19.0,19.0,19.0,0,Thursday,NaN,USE,0,0,0,0,94,59.41,311,330.8844,20.454128,39.320957,1462,461430,39.37,182.43,3182,229.48,101.88,2,0,110,110,-3,280,0.45,10.0,1.7,0
3,19.0,18.0,19.0,0,Thursday,NaN,USE,0,1,0,0,212,45.65,262,277.08936,32.490208,21.336994,1324,411029,21.75,219.07,2961,258.83,68.78,0,2,110,110,-3,280,0.45,10.0,1.7,0
3,19.0,19.0,19.0,1,Wednesday,NaN,NaN,0,0,1,1,150,51.37,325,357.8298,32.262962,25.458315,1428,465383,33.77,189.23,3082,220.01,125.22,1,0,110,110,-3,280,0.45,10.0,1.7,0
3,19.0,19.0,19.0,1,Wednesday,NaN,NaN,0,0,1,1,150,51.37,325,357.73242,32.25844,25.48224,1428,465495,33.73,188.92,3085,219.99,125.36,1,0,110,110,-3,280,0.45,10.0,1.7,0
3,19.0,19.0,19.0,1,Wednesday,NaN,USE,2,0,3,1,348,48.54,334,362.70953,32.261005,23.595232,1463,448520,42.2,182.87,3193,207.48,126.39,0,2,110,110,-3,280,0.45,10.0,1.7,0
3,19.0,19.0,19.0,1,Wednesday,NaN,USE,2,0,2,1,384,35.49,336,340.50146,51.704296,14.31828,1427,488208,39.5,213.27,2951,225.19,147.98,0,1,110,110,-3,280,0.45,10.0,1.7,0
3,19.0,18.0,19.0,1,Wednesday,NaN,NaN,2,0,2,1,384,35.49,336,340.60764,51.72769,14.348144,1428,488162,39.51,213.29,2944,225.53,147.62,0,1,110,110,-3,280,0.45,10.0,1.7,0
3,19.0,18.0,19.0,0,Tuesday,NaN,USE,0,0,0,0,88,49.21,327,327.18158,31.531532,20.324526,1343,522417,22.03,239.65,2993,264.17,133.62,1,1,110,110,-3,280,0.45,10.0,1.7,0
3,19.0,19.0,19.0,0,Tuesday,NaN,NaN,0,0,2,0,84,45.12,320,341.8256,35.735477,17.635876,1396,458542,38.45,203.31,2922,237.69,113.96,0,0,110,110,-3,280,0.45,10.0,1.7,0
3,19.0,19.0,20.0,0,Tuesday,NaN,USE,0,0,1,0,160,50.02,358,378.78104,40.640423,21.071863,1485,453625,35.02,158.61,2981,198.16,116.18,1,1,110,110,-3,280,0.45,10.0,1.7,0
3,18.0,18.0,19.0,1,Tuesday,NaN,USE,2,0,3,0,362,47.59,380,359.0523,34.268513,29.276962,1477,429109,43.61,165.48,2728,178.73,129.42,0,2,110,110,-3,280,0.45,10.0,1.7,0
3,18.0,18.0,18.0,1,Monday,NaN,USE,2,1,3,0,372,55.45,457,454.6713,30.190302,31.105158,1573,482351,59.35,131.54,3036,191.75,128.93,1,2,110,110,-3,280,0.45,10.0,1.7,0
3,18.0,18.0,19.0,1,Monday,NaN,NaN,1,3,2,0,473,47.49,401,414.44916,39.947983,16.52779,1463,580170,48.15,213.18,2896,283.45,137.75,1,2,110,110,-3,280,0.45,10.0,1.7,0
3,18.0,18.0,18.0,1,Monday,NaN,USE,1,1,4,1,341,42.0,387,370.77365,47.699833,15.772158,1509,505083,55.36,177.38,3178,234.04,123.14,1,0,110,110,-3,280,0.45,10.0,1.7,0
3,18.0,18.0,19.0,0,Monday,NaN,USE,0,1,3,0,198,43.4,407,418.0666,45.92869,18.933119,1535,504699,58.0,160.55,2848,235.34,116.52,1,0,110,110,-3,280,0.45,10.0,1.7,0
3,NaN,18.0,19.0,1,Sunday,NaN,USE,0,3,2,0,338,47.45,391,405.97153,38.553963,19.939528,1456,547603,52.55,205.6,3091,229.33,163.1,1,1,110,110,-3,280,0.45,10.0,1.7,0
3,19.0,18.0,19.0,0,Sunday,NaN,USE,1,2,1,0,307,56.49,407,414.61758,23.741642,29.975683,1483,470583,55.99,169.62,3083,225.23,110.21,1,0,110,110,-3,280,0.45,10.0,1.7,0
3,NaN,18.0,19.0,1,Saturday,NaN,USE,0,0,2,1,308,53.58,422,419.61673,32.076,25.729057,1469,565067,67.23,206.97,3156,299.43,102.33,0,1,110,110,-3,280,0.45,10.0,1.7,0
3,19.0,18.0,19.0,0,Saturday,NaN,USE,2,0,2,0,394,47.83,357,369.90152,33.337753,23.752071,1424,614872,50.96,237.49,2726,343.27,111.73,1,0,110,110,-3,280,0.45,10.0,1.7,0
3,NaN,19.0,19.0,1,Saturday,NaN,USW,0,0,1,2,298,48.61,421,433.65842,38.761143,23.818462,1568,684973,74.4,197.02,2964,323.07,129.53,1,1,110,110,-3,280,0.45,10.0,1.7,0
3,19.0,18.0,19.0,1,Saturday,NaN,USW,0,0,1,2,298,48.56,419,431.68674,38.807274,23.952847,1566,684971,74.43,197.45,2962,323.27,129.73,1,1,110,110,-3,280,0.45,10.0,1.7,0
3,19.0,18.0,19.0,0,Saturday,NaN,USW,2,0,3,0,460,51.06,349,338.64417,40.518013,16.70278,1403,529926,42.53,232.78,2950,295.64,106.16,0,0,110,110,-3,280,0.45,10.0,1.7,0
3,19.0,18.0,19.0,0,Saturday,NaN,USW,1,2,1,1,316,48.68,372,415.5706,27.377075,18.545866,1405,410019,37.33,184.2,3306,241.17,73.85,0,1,110,110,-3,280,0.45,10.0,1.7,0
3,19.0,19.0,19.0,0,Wednesday,NaN,USE,2,2,5,0,539,52.41,346,397.4385,26.998556,30.51201,1452,490542,40.97,195.55,2968,235.67,129.81,0,0,110,110,-3,280,0.45,10.0,1.7,0
3,19.0,18.0,19.0,0,Wednesday,NaN,USE,1,4,3,1,611,45.67,381,378.8167,42.023193,20.60375,1483,613228,58.99,225.46,2804,307.19,130.83,1,0,110,110,-3,280,0.45,10.0,1.7,0
3,19.0,18.0,19.0,1,Tuesday,NaN,USE,2,1,4,0,396,49.68,446,431.0674,36.852863,20.88556,1502,312869,34.91,109.71,2804,144.66,81.85,0,0,110,110,-3,280,0.45,10.0,1.7,0
3,19.0,19.0,19.0,0,Tuesday,NaN,USE,1,1,4,0,306,53.73,376,396.64386,27.379402,27.136425,1492,487602,55.28,188.93,2827,219.39,135.9,1,0,110,110,-3,280,0.45,10.0,1.7,0
3,19.0,15.0,19.0,0,Monday,NaN,NaN,0,0,2,2,216,45.18,423,451.5974,36.719975,21.481571,1602,519533,63.55,143.08,3169,215.45,132.18,3,1,110,110,-3,280,0.45,10.0,1.7,0
3,19.0,18.0,19.0,1,Friday,NaN,NaN,0,0,1,0,66,53.44,341,352.9412,36.305237,17.768372,1457,466750,43.14,175.34,3077,225.76,109.72,0,0,110,110,-3,280,0.45,10.0,1.7,0
3,19.0,19.0,19.0,0,Saturday,NaN,USE,0,1,2,0,102,50.29,355,325.13785,20.86821,26.899548,1398,251407,15.11,104.32,3089,146.9,72.27,0,1,110,110,-3,280,0.45,10.0,1.7,0
3,19.0,18.0,19.0,0,Saturday,NaN,USE,0,1,2,0,102,50.29,355,324.99097,20.873108,26.890486,1396,251407,15.01,104.54,3094,146.81,72.43,0,1,110,110,-3,280,0.45,10.0,1.7,0
3,19.0,19.0,19.0,0,Saturday,NaN,USE,0,1,2,0,102,50.29,356,325.25546,20.808287,26.894588,1394,251411,14.94,104.65,3088,146.8,72.37,0,1,110,110,-3,280,0.45,10.0,1.7,0
3,19.0,19.0,19.0,0,Thursday,NaN,USE,0,2,0,1,244,52.84,329,349.25458,32.438805,29.082737,1437,434582,35.99,181.34,2710,246.74,76.95,0,0,110,110,-3,280,0.45,10.0,1.7,0
3,19.0,19.0,19.0,1,Thursday,NaN,USE,1,0,4,0,204,54.95,341,373.00388,24.589632,27.91863,1483,518143,44.35,189.5,3104,262.06,112.41,0,0,110,110,-3,280,0.45,10.0,1.7,0
3,19.0,16.0,19.0,1,Friday,NaN,USW,3,0,4,0,497,55.0,330,341.10605,29.11661,25.414951,1407,324028,22.79,143.12,2771,165.59,84.6,1,1,110,110,-3,280,0.45,10.0,1.7,0
3,NaN,19.0,19.0,0,Thursday,NaN,USE,0,0,2,0,118,56.0,251,286.67505,15.066728,25.826687,1370,381079,20.06,176.88,3032,192.16,99.13,0,1,110,110,-3,280,0.45,10.0,1.7,0
3,NaN,19.0,19.0,0,Thursday,NaN,NaN,0,0,0,0,94,50.47,259,277.55377,27.403551,27.354248,1340,422283,25.56,215.57,3063,212.2,118.44,0,1,110,110,-3,280,0.45,10.0,1.7,0
3,19.0,19.0,19.0,0,Thursday,NaN,NaN,0,2,3,0,295,53.31,307,330.6723,26.715115,34.622402,1415,432673,34.04,169.31,2915,224.79,89.92,1,1,110,110,-3,280,0.45,10.0,1.7,0
3,19.0,19.0,19.0,1,Thursday,NaN,USE,0,1,0,0,122,55.75,350,390.84875,25.8135,38.63976,1436,477154,48.84,210.05,2980,259.5,98.36,1,1,110,110,-3,280,0.45,10.0,1.7,0
3,19.0,19.0,19.0,1,Thursday,NaN,USE,0,1,0,0,122,55.75,350,390.8715,25.801811,38.67395,1427,477164,48.89,210.01,2967,259.28,98.73,1,1,110,110,-3,280,0.45,10.0,1.7,0
3,19.0,19.0,19.0,1,Thursday,NaN,USW,0,2,3,0,266,51.85,313,327.93073,32.94637,24.73701,1364,464962,26.32,218.53,2899,277.17,81.32,1,1,110,110,-3,280,0.45,10.0,1.7,0
3,19.0,19.0,19.0,0,Tuesday,NaN,NaN,0,2,0,0,136,62.28,299,343.52115,20.051823,42.12355,1467,234257,20.1,100.33,3267,136.97,40.82,0,0,110,110,-3,280,0.45,10.0,1.7,0
3,19.0,19.0,19.0,1,Monday,NaN,USE,2,0,5,0,409,54.58,331,341.06958,23.806486,30.142307,1339,467465,31.21,236.36,2862,265.13,102.77,2,3,110,110,-3,280,0.45,10.0,1.7,0
3,NaN,19.0,19.0,0,Monday,NaN,USE,0,0,1,1,120,60.07,319,357.92447,17.896223,36.249294,1377,227559,16.07,114.36,2932,131.02,50.67,0,0,110,110,-3,280,0.45,10.0,1.7,0
3,19.0,19.0,19.0,0,Monday,NaN,USE,0,0,1,0,242,51.0,290,296.8342,26.392506,18.615013,1318,705161,26.01,358.93,2790,388.06,161.78,0,0,110,110,-3,280,0.45,10.0,1.7,0
3,NaN,18.0,19.0,0,Saturday,NaN,NaN,1,0,2,0,196,55.93,380,443.88507,21.845346,25.231462,1511,497446,54.26,192.37,3179,246.24,113.44,1,3,110,110,-3,280,0.45,10.0,1.7,0
3,19.0,18.0,19.0,0,Saturday,NaN,USE,0,2,1,0,223,54.55,144,190.4681,17.04346,57.447025,1359,463234,20.91,261.25,2825,287.94,91.25,1,0,110,110,-3,280,0.45,10.0,1.7,0
3,19.0,17.0,19.0,1,Saturday,NaN,USE,1,1,3,1,416,51.39,358,359.05264,33.865505,20.447695,1385,723119,66.01,323.18,2801,321.87,224.7,1,1,110,110,-3,280,0.45,10.0,1.7,0
3,19.0,17.0,19.0,0,Thursday,NaN,USE,0,2,1,0,261,48.24,436,479.08197,35.805115,23.873013,1535,505800,54.8,158.11,3048,243.16,108.93,1,0,110,110,-3,280,0.45,10.0,1.7,0
3,19.0,17.0,19.0,0,Thursday,NaN,USE,1,1,2,0,238,49.17,406,416.36014,43.993057,18.695967,1502,494080,41.26,181.47,2992,248.08,108.66,1,2,110,110,-3,280,0.45,10.0,1.7,0
3,19.0,17.0,19.0,0,Thursday,NaN,NaN,1,1,2,0,238,49.17,406,416.2872,43.97559,18.695047,1494,494119,41.16,181.6,2989,248.09,108.66,1,2,110,110,-3,280,0.45,10.0,1.7,0
3,NaN,19.0,19.0,0,Thursday,NaN,USE,0,0,1,0,42,44.44,349,392.02542,36.55616,16.121521,1467,241477,19.45,101.74,3009,140.77,43.93,0,0,110,110,-3,280,0.45,10.0,1.7,0
3,19.0,17.0,19.0,0,Thursday,NaN,USE,0,2,5,0,309,39.38,365,371.06247,48.499096,14.668018,1453,469275,24.37,182.78,2595,212.64,130.67,1,0,110,110,-3,280,0.45,10.0,1.7,0
3,19.0,18.0,19.0,0,Thursday,NaN,USE,2,0,3,0,404,58.31,371,422.98837,23.653862,29.529757,1509,493407,53.35,175.66,2847,251.65,103.85,0,2,110,110,-3,280,0.45,10.0,1.7,0
3,19.0,19.0,19.0,0,Thursday,NaN,NaN,1,2,2,0,312,46.69,334,350.13312,36.995693,21.734102,1403,459538,31.86,205.55,3195,252.54,99.48,0,0,110,110,-3,280,0.45,10.0,1.7,0
3,NaN,18.0,19.0,1,Wednesday,NaN,NaN,1,1,3,1,355,42.53,327,300.01837,40.20204,12.2345915,1437,443807,35.64,195.09,2850,218.55,116.84,0,3,110,110,-3,280,0.45,10.0,1.7,0
3,NaN,19.0,19.0,0,Wednesday,NaN,NaN,0,1,1,0,159,53.83,377,364.67624,33.764107,27.386026,1557,515684,50.96,163.65,2535,236.94,118.09,0,0,110,110,-3,280,0.45,10.0,1.7,0
3,19.0,18.0,20.0,1,Wednesday,NaN,USE,2,1,1,1,376,48.2,442,428.34442,39.79092,21.3809,1625,266122,34.87,76.61,3284,100.26,78.34,0,1,110,110,-3,280,0.45,10.0,1.7,0
3,19.0,17.0,19.0,1,Wednesday,NaN,NaN,1,0,3,3,435,54.52,317,364.1443,24.398312,27.667221,1410,501719,31.46,221.46,3067,229.64,161.88,0,0,110,110,-3,280,0.45,10.0,1.7,0
3,19.0,19.0,19.0,0,Tuesday,NaN,NaN,0,1,1,0,168,47.82,367,364.39792,27.081078,23.986998,1512,428504,35.47,126.67,2981,181.5,110.86,0,0,110,110,-3,280,0.45,10.0,1.7,0
3,19.0,18.0,19.0,1,Monday,NaN,NaN,0,0,2,1,238,53.45,343,350.16953,27.67898,20.988678,1345,457056,22.6,223.95,3086,259.38,97.43,0,0,110,110,-3,280,0.45,10.0,1.7,0
3,NaN,19.0,19.0,1,Monday,NaN,USE,2,1,4,0,427,49.74,358,381.5461,33.938953,22.150663,1426,552553,35.85,218.34,3139,260.17,144.6,0,0,110,110,-3,280,0.45,10.0,1.7,0
3,19.0,19.0,20.0,0,Monday,NaN,USW,1,0,2,0,206,46.67,385,435.70062,30.850885,18.468878,1375,383526,25.11,179.44,2745,194.08,108.27,0,1,110,110,-3,280,0.45,10.0,1.7,0
3,NaN,19.0,19.0,0,Friday,NaN,NaN,0,1,1,1,228,48.34,451,459.2822,36.7354,18.992626,1521,495263,46.48,182.98,2923,236.09,130.56,0,0,110,110,-3,280,0.45,10.0,1.7,0
3,NaN,19.0,19.0,1,Friday,NaN,NaN,1,3,3,2,551,48.18,357,373.5121,30.207602,16.701855,1465,475439,44.31,177.21,2859,242.75,103.59,0,1,110,110,-3,280,0.45,10.0,1.7,0
3,NaN,19.0,19.0,1,Friday,NaN,USE,1,3,2,0,406,42.28,301,300.53513,37.62828,10.6991,1394,469649,27.81,208.1,3002,262.94,101.88,0,1,110,110,-3,280,0.45,10.0,1.7,0
3,NaN,19.0,19.0,1,Friday,NaN,NaN,1,3,2,0,406,42.31,301,300.67352,37.682518,10.665986,1394,469676,27.82,208.12,2986,263.03,101.81,0,1,110,110,-3,280,0.45,10.0,1.7,0
3,NaN,19.0,19.0,1,Friday,NaN,NaN,1,3,2,0,406,42.37,302,301.07217,37.65684,10.685289,1397,469544,27.54,208.09,2996,262.58,101.76,0,1,110,110,-3,280,0.45,10.0,1.7,0
3,NaN,19.0,19.0,1,Friday,NaN,USE,0,0,3,0,102,46.85,359,397.80594,35.9196,23.575138,1471,476233,39.24,174.19,2772,213.23,137.82,0,0,110,110,-3,280,0.45,10.0,1.7,0
3,NaN,19.0,19.0,1,Friday,NaN,NaN,3,1,4,1,549,44.11,380,360.3532,49.760044,14.927456,1552,260951,24.81,92.73,2513,130.76,56.87,0,1,110,110,-3,280,0.45,10.0,1.7,0
3,NaN,19.0,19.0,0,Friday,NaN,NaN,0,0,4,0,158,39.79,335,357.33792,37.64286,10.683231,1404,437146,25.3,201.73,2756,202.75,125.61,2,3,110,110,-3,280,0.45,10.0,1.7,0
3,NaN,18.0,19.0,1,Friday,NaN,USE,1,1,3,1,322,41.35,346,341.21335,46.898113,13.98345,1523,495471,42.67,162.21,2890,210.57,135.58,1,0,110,110,-3,280,0.45,10.0,1.7,0
3,NaN,19.0,19.0,0,Friday,NaN,NaN,1,3,2,1,463,33.67,369,332.038,51.24796,14.304875,1458,487348,35.63,185.2,2681,208.54,153.95,0,0,110,110,-3,280,0.45,10.0,1.7,0
3,NaN,19.0,19.0,1,Friday,NaN,NaN,0,1,2,2,322,47.56,370,376.6158,32.380062,20.742193,1463,493426,44.47,191.92,3100,240.31,123.64,0,0,110,110,-3,280,0.45,10.0,1.7,0
3,NaN,19.0,19.0,1,Friday,NaN,NaN,3,0,5,0,552,40.01,416,403.3263,47.684486,14.578836,1580,555135,63.15,172.92,2908,187.03,195.94,1,0,110,110,-3,280,0.45,10.0,1.7,0
3,NaN,18.0,19.0,1,Friday,NaN,NaN,2,0,2,0,322,55.22,355,379.84128,23.567518,30.46407,1513,499472,41.95,185.48,2956,215.12,140.06,1,0,110,110,-3,280,0.45,10.0,1.7,0
3,NaN,18.0,19.0,0,Friday,NaN,USE,2,1,3,0,396,51.67,372,400.02316,27.896109,21.786224,1482,492534,41.65,189.16,2784,247.49,115.18,0,2,110,110,-3,280,0.45,10.0,1.7,0
3,NaN,19.0,19.0,0,Friday,NaN,NaN,1,1,3,2,403,46.05,360,418.98062,38.507565,18.69969,1429,490581,40.45,214.4,3104,241.59,134.23,0,0,110,110,-3,280,0.45,10.0,1.7,0
3,NaN,16.0,19.0,1,Friday,NaN,USE,2,0,3,1,404,46.83,400,449.84955,37.43259,22.414497,1424,553998,40.38,230.72,2947,306.49,115.73,0,0,110,110,-3,280,0.45,10.0,1.7,0
3,NaN,19.0,19.0,1,Friday,NaN,USE,2,0,3,1,404,47.09,400,450.38763,37.397144,22.391747,1420,553662,40.07,230.31,2953,305.9,115.67,0,0,110,110,-3,280,0.45,10.0,1.7,0
3,NaN,19.0,19.0,0,Friday,NaN,NaN,0,1,4,0,222,47.6,411,422.95386,36.030125,16.02952,1506,480853,34.74,166.07,2841,179.2,157.3,2,1,110,110,-3,280,0.45,10.0,1.7,0
3,19.0,19.0,19.0,0,Friday,NaN,USE,0,1,4,0,222,47.6,411,423.1231,36.03462,16.065485,1508,480841,34.73,165.84,2840,178.94,157.44,2,1,110,110,-3,280,0.45,10.0,1.7,0
3,NaN,19.0,19.0,1,Friday,NaN,NaN,2,1,4,1,484,44.49,388,388.8971,34.559097,19.263962,1419,461878,33.76,203.46,2716,237.04,117.97,2,0,110,110,-3,280,0.45,10.0,1.7,0
3,19.0,19.0,19.0,1,Friday,NaN,USE,3,0,4,1,497,42.68,394,399.24127,36.566345,17.530756,1464,383515,28.4,147.12,2915,164.02,117.61,0,0,110,110,-3,280,0.45,10.0,1.7,0
3,19.0,19.0,19.0,1,Friday,NaN,USE,1,0,6,1,380,50.96,326,328.5313,26.66101,23.570759,1391,443024,28.07,204.79,3137,231.32,106.93,1,1,110,110,-3,280,0.45,10.0,1.7,0
3,19.0,19.0,19.0,1,Thursday,NaN,NaN,2,1,8,0,450,50.11,383,340.79428,23.314362,30.17444,1460,460847,40.6,179.87,2865,194.14,138.05,0,2,110,110,-3,280,0.45,10.0,1.7,0
3,NaN,19.0,19.0,1,Wednesday,NaN,NaN,1,0,3,0,182,60.12,364,363.8252,21.653595,38.531307,1550,342142,37.57,109.84,2791,134.84,95.54,0,0,110,110,-3,280,0.45,10.0,1.7,0
3,19.0,18.0,19.0,0,Monday,NaN,USE,0,2,2,1,317,56.93,291,327.525,18.355951,30.206896,1323,561555,37.58,310.21,3298,291.76,162.36,1,1,110,110,-3,280,0.45,10.0,1.7,0
3,19.0,19.0,19.0,0,Monday,NaN,NaN,0,1,2,0,160,56.01,344,356.42758,14.322165,26.606354,1460,422315,36.32,167.32,3027,202.2,101.25,0,0,110,110,-3,280,0.45,10.0,1.7,0
3,NaN,19.0,19.0,1,Sunday,NaN,NaN,1,0,5,0,236,48.15,347,373.23178,27.696152,27.35114,1418,458383,34.46,191.53,2839,202.57,139.88,1,1,110,110,-3,280,0.45,10.0,1.7,0
3,18.0,18.0,19.0,0,Sunday,NaN,USW,0,0,1,0,110,54.1,330,322.176,31.597435,28.355516,1412,425206,34.98,175.55,2740,168.74,146.66,0,1,110,110,-3,280,0.45,10.0,1.7,0
3,19.0,18.0,19.0,0,Sunday,NaN,USE,0,2,0,0,180,55.14,262,269.26688,14.028635,36.118793,1332,424691,34.49,221.1,2875,239.15,96.82,0,2,110,110,-3,280,0.45,10.0,1.7,0
3,NaN,19.0,19.0,0,Sunday,NaN,USE,0,2,0,0,180,55.14,262,269.15277,14.051722,36.10478,1329,424662,34.47,220.97,2882,239.29,96.78,0,2,110,110,-3,280,0.45,10.0,1.7,0
3,NaN,19.0,19.0,0,Sunday,NaN,USW,0,4,1,0,441,52.12,365,355.3869,33.207726,21.732105,1444,450993,47.05,172.06,3070,206.97,117.7,1,1,110,110,-3,280,0.45,10.0,1.7,0
3,19.0,18.0,19.0,1,Sunday,NaN,NaN,1,0,3,1,280,47.02,406,423.33658,40.818336,21.483667,1529,473049,62.32,156.86,3230,217.24,104.11,1,2,110,110,-3,280,0.45,10.0,1.7,0
3,19.0,18.0,19.0,0,Sunday,NaN,USE,0,3,2,0,318,57.23,314,346.54337,16.067242,34.585987,1450,455500,36.33,193.7,2808,213.79,123.46,1,2,110,110,-3,280,0.45,10.0,1.7,0
3,19.0,19.0,19.0,0,Sunday,NaN,NaN,0,3,2,0,318,57.62,314,346.6626,16.044832,34.571922,1450,455497,36.33,193.72,2807,213.7,123.52,1,2,110,110,-3,280,0.45,10.0,1.7,0
3,19.0,18.0,19.0,1,Wednesday,NaN,NaN,1,2,3,0,363,46.69,419,416.34158,43.597687,20.175177,1512,485912,46.29,161.09,2859,200.14,136.99,0,0,110,110,-3,280,0.45,10.0,1.7,0
3,19.0,18.0,19.0,1,Wednesday,NaN,NaN,0,1,4,2,343,45.32,333,374.584,37.770054,25.01284,1456,463810,46.88,175.53,2733,211.62,124.7,0,0,110,110,-3,280,0.45,10.0,1.7,0
3,NaN,18.0,18.0,0,Tuesday,NaN,USE,0,0,3,0,158,52.83,299,323.6374,26.591177,26.08747,1461,379336,35.64,158.16,3051,188.66,89.49,0,6,110,110,-3,280,0.45,10.0,1.7,0
3,18.0,18.0,18.0,1,Monday,NaN,USW,0,2,0,2,292,44.7,281,306.29312,46.455215,24.471745,1330,286163,12.32,140.46,2920,160.93,66.67,0,0,110,110,-3,280,0.45,10.0,1.7,0
3,19.0,18.0,19.0,0,Monday,NaN,NaN,1,0,3,1,320,58.49,309,310.6449,17.656296,31.022223,1456,483617,35.75,208.94,3024,247.14,108.51,2,1,110,110,-3,280,0.45,10.0,1.7,0
3,19.0,18.0,19.0,0,Monday,NaN,USE,0,1,1,0,92,50.77,425,443.07812,37.775455,26.89893,1446,217565,20.25,89.95,3377,95.97,73.02,0,0,110,110,-3,280,0.45,10.0,1.7,0
3,NaN,19.0,19.0,0,Saturday,NaN,NaN,0,1,1,0,180,55.86,311,350.20706,23.560421,31.378366,1416,456893,44.18,215.52,3141,215.49,137.74,0,0,110,110,-3,280,0.45,10.0,1.7,0
3,NaN,18.0,18.0,0,Saturday,NaN,NaN,0,1,1,0,180,55.86,311,350.3323,23.515171,31.39967,1418,456897,44.31,215.45,3152,215.51,137.53,0,0,110,110,-3,280,0.45,10.0,1.7,0
3,18.0,18.0,19.0,1,Saturday,NaN,USE,0,1,1,1,206,45.7,305,311.5734,39.555763,18.230015,1420,356950,31.51,161.63,3130,186.72,79.79,0,0,110,110,-3,280,0.45,10.0,1.7,0
3,NaN,18.0,18.0,1,Saturday,NaN,USE,0,1,1,1,206,45.7,305,311.47668,39.572857,18.219454,1424,356964,31.5,161.5,3131,186.84,79.73,0,0,110,110,-3,280,0.45,10.0,1.7,0
3,19.0,16.0,19.0,0,Saturday,NaN,USE,0,0,1,0,238,56.1,358,365.89154,26.124748,27.26103,1507,598809,71.95,209.41,3132,269.94,144.25,2,1,110,110,-3,280,0.45,10.0,1.7,0
3,18.0,18.0,18.0,0,Tuesday,NaN,USE,0,0,3,0,158,54.79,283,297.94803,15.620497,30.03588,1350,424292,24.25,211.55,3016,215.95,118.61,0,1,110,110,-3,280,0.45,10.0,1.7,0
3,18.0,17.0,18.0,0,Tuesday,NaN,USE,0,0,3,0,158,54.79,282,297.04605,15.559019,30.250254,1344,424292,24.4,212.6,3025,216.3,119.49,0,1,110,110,-3,280,0.45,10.0,1.7,0
3,18.0,18.0,18.0,1,Monday,NaN,USW,1,1,3,2,423,52.91,346,348.27408,30.300535,27.37757,1396,484635,53.26,231.39,2945,281.87,107.02,0,1,110,110,-3,280,0.45,10.0,1.7,0
3,18.0,16.0,18.0,0,Monday,NaN,USW,0,0,1,0,106,51.7,288,339.699,26.202059,30.624098,1432,470264,44.87,183.2,2994,230.67,118.72,0,2,110,110,-3,280,0.45,10.0,1.7,0
3,18.0,18.0,18.0,0,Monday,NaN,USW,0,0,1,0,106,51.65,288,340.13446,26.16238,30.685038,1434,470259,44.85,183.47,3013,230.49,118.63,0,2,110,110,-3,280,0.45,10.0,1.7,0
3,18.0,18.0,18.0,0,Monday,NaN,NaN,0,0,1,0,106,51.65,289,340.4243,26.17206,30.662495,1438,470268,44.77,183.31,3018,230.17,118.67,0,2,110,110,-3,280,0.45,10.0,1.7,0
3,18.0,18.0,18.0,0,Monday,NaN,USE,0,3,2,0,284,56.73,380,374.9066,24.927105,24.353247,1423,446662,46.06,188.97,3027,229.6,97.35,0,1,110,110,-3,280,0.45,10.0,1.7,0
3,18.0,18.0,18.0,0,Monday,NaN,USE,0,1,0,1,118,45.58,304,332.9466,38.318573,23.775864,1433,348464,34.26,148.94,2942,170.72,90.91,0,0,110,110,-3,280,0.45,10.0,1.7,0
3,18.0,18.0,18.0,1,Saturday,NaN,USE,2,1,2,1,412,51.28,405,363.37283,25.562864,26.61614,1398,249432,28.18,130.27,3103,156.51,51.24,0,0,110,110,-3,280,0.45,10.0,1.7,0
3,18.0,18.0,18.0,0,Thursday,NaN,NaN,0,0,2,0,82,54.19,262,312.92123,24.538454,45.16516,1411,321073,27.97,153.95,3093,172.77,78.89,0,2,110,110,-3,280,0.45,10.0,1.7,0
3,18.0,17.0,18.0,0,Thursday,NaN,USE,1,2,1,0,376,55.56,358,396.0253,28.980513,28.820658,1451,488229,52.74,204.54,3249,264.58,104.67,1,0,110,110,-3,280,0.45,10.0,1.7,0
3,18.0,18.0,18.0,1,Wednesday,NaN,USE,0,2,2,0,269,52.71,339,357.10236,27.447784,31.965633,1397,457054,50.02,201.92,3195,211.0,141.27,0,0,110,110,-3,280,0.45,10.0,1.7,0
3,NaN,18.0,18.0,1,Wednesday,NaN,USE,1,1,2,0,274,48.04,378,370.1025,29.925144,20.716278,1461,479667,39.76,190.69,3066,240.12,112.15,0,0,110,110,-3,280,0.45,10.0,1.7,0
3,18.0,18.0,18.0,0,Tuesday,NaN,USE,2,0,3,0,410,45.31,370,378.19275,34.060818,15.164179,1475,502236,60.81,205.58,3051,224.91,139.03,0,0,110,110,-3,280,0.45,10.0,1.7,0
3,18.0,18.0,18.0,0,Tuesday,NaN,USE,2,0,3,0,410,45.31,370,378.3019,34.04027,15.215611,1472,502230,60.84,205.31,3057,224.85,138.83,0,0,110,110,-3,280,0.45,10.0,1.7,0
3,18.0,18.0,18.0,0,Wednesday,NaN,USW,0,1,1,0,150,56.49,239,288.99902,23.764942,40.616444,1413,477388,30.1,227.97,3119,265.59,108.0,0,2,110,110,-3,280,0.45,10.0,1.7,0
3,NaN,18.0,18.0,0,Tuesday,NaN,NaN,1,2,5,0,412,48.67,409,417.51712,33.15972,19.298391,1578,552519,61.11,163.62,2662,201.41,166.92,0,0,110,110,-3,280,0.45,10.0,1.7,0
3,18.0,18.0,18.0,0,Friday,NaN,NaN,0,1,2,2,307,54.84,321,388.4692,23.49481,32.575882,1475,501048,51.97,200.64,3028,197.23,171.77,0,0,110,110,-3,280,0.45,10.0,1.7,0
3,18.0,18.0,18.0,0,Thursday,NaN,USE,0,3,1,0,265,51.23,290,320.8413,30.932102,21.840097,1262,302950,15.31,178.56,2733,206.79,48.22,0,0,110,110,-3,280,0.45,10.0,1.7,0
3,18.0,18.0,19.0,1,Thursday,NaN,NaN,2,5,3,1,756,52.34,440,449.5867,25.439928,25.889946,1518,469478,51.94,153.75,3279,226.6,101.07,0,2,110,110,-3,280,0.45,10.0,1.7,0
3,NaN,18.0,18.0,0,Thursday,NaN,USE,1,1,1,1,366,53.27,334,355.53888,27.90795,30.211994,1448,494347,35.74,203.55,2852,259.41,101.46,2,0,110,110,-3,280,0.45,10.0,1.7,0
3,18.0,17.0,18.0,1,Thursday,NaN,USE,1,0,2,1,282,59.16,361,387.4861,23.47292,37.97658,1445,473591,45.43,195.62,3104,217.79,129.76,5,0,110,110,-3,280,0.45,10.0,1.7,0
3,18.0,18.0,18.0,0,Thursday,NaN,NaN,0,3,3,0,335,49.58,365,379.81305,35.549393,25.016575,1508,492219,59.02,168.13,3156,225.07,116.2,1,1,110,110,-3,280,0.45,10.0,1.7,0
3,18.0,17.0,18.0,1,Saturday,NaN,USE,0,3,2,0,353,38.55,247,239.18684,47.46719,18.002851,1297,416799,18.78,227.0,2744,237.36,101.84,0,0,110,110,-3,280,0.45,10.0,1.7,0
3,18.0,16.0,18.0,0,Saturday,NaN,USE,2,0,4,0,370,48.54,339,358.18723,41.7748,23.059729,1402,562347,63.44,244.0,3059,297.11,129.21,2,1,110,110,-3,280,0.45,10.0,1.7,0
3,18.0,18.0,18.0,0,Friday,NaN,NaN,1,1,3,1,352,51.6,348,416.2575,31.147852,30.85069,1393,489065,46.34,226.2,2705,280.04,101.46,1,0,110,110,-3,280,0.45,10.0,1.7,0
3,19.0,17.0,19.0,1,Monday,NaN,USE,1,3,2,0,391,37.83,318,309.29166,39.75272,11.787587,1428,391475,17.74,154.44,2820,183.75,106.94,0,0,110,110,-3,280,0.45,10.0,1.7,0
3,19.0,18.0,19.0,0,Sunday,NaN,NaN,0,0,1,0,84,51.25,376,383.24237,41.387344,24.548971,1423,283284,38.25,120.72,2851,154.53,63.22,0,0,110,110,-3,280,0.45,10.0,1.7,0
3,NaN,18.0,19.0,1,Sunday,NaN,USE,1,1,1,1,240,41.89,290,294.6588,38.42505,14.265384,1367,190001,13.81,105.28,3331,85.07,72.34,1,2,110,110,-3,280,0.45,10.0,1.7,0
3,18.0,18.0,19.0,1,Sunday,NaN,NaN,2,1,2,0,400,52.54,319,304.3001,24.767242,31.179935,1380,442644,26.31,197.73,2969,229.17,113.26,1,0,110,110,-3,280,0.45,10.0,1.7,0
3,NaN,18.0,19.0,1,Sunday,NaN,NaN,2,1,2,0,400,52.54,319,304.0775,24.725431,31.166323,1381,442518,26.09,197.96,2969,229.37,113.2,1,0,110,110,-3,280,0.45,10.0,1.7,0
3,18.0,18.0,18.0,1,Sunday,NaN,USE,0,1,2,1,200,47.2,340,350.4438,36.897476,28.5654,1423,454113,36.68,190.48,3191,185.87,153.46,1,1,110,110,-3,280,0.45,10.0,1.7,0
3,18.0,18.0,18.0,1,Friday,NaN,USE,0,1,3,1,282,53.19,311,321.1104,30.54495,30.654974,1426,428769,47.95,173.07,3429,191.64,121.07,0,1,110,110,-3,280,0.45,10.0,1.7,0
3,18.0,16.0,18.0,0,Thursday,NaN,USE,0,3,3,1,433,52.92,394,412.29486,31.900507,32.644726,1493,661475,72.78,226.48,3014,289.22,170.94,0,1,110,110,-3,280,0.45,10.0,1.7,0
3,18.0,18.0,18.0,0,Tuesday,NaN,USE,0,1,2,0,148,47.9,373,385.77777,37.39897,21.034533,1501,494210,51.22,174.47,2811,226.27,122.9,0,1,110,110,-3,280,0.45,10.0,1.7,0
3,18.0,18.0,18.0,0,Tuesday,NaN,USE,0,0,1,0,24,49.55,276,266.66016,30.405113,35.311646,1284,257288,16.46,143.19,3269,136.84,76.4,0,0,110,110,-3,280,0.45,10.0,1.7,0
3,19.0,18.0,19.0,0,Sunday,NaN,USE,0,4,1,0,345,58.42,266,271.11102,19.398008,42.940098,1303,560842,25.94,308.96,2925,324.37,133.64,1,0,110,110,-3,280,0.45,10.0,1.7,0
3,19.0,19.0,19.0,1,Saturday,NaN,NaN,3,0,3,0,469,51.0,375,354.38403,38.779118,22.321815,1516,450939,46.56,151.11,3100,187.75,129.48,0,1,110,110,-3,280,0.45,10.0,1.7,0
3,19.0,18.0,19.0,1,Thursday,NaN,NaN,0,0,0,0,134,60.51,262,283.75613,15.808259,37.743824,1266,389183,16.03,234.59,2861,244.86,83.27,0,2,110,110,-3,280,0.45,10.0,1.7,0
3,NaN,18.0,18.0,0,Wednesday,NaN,USE,0,0,1,1,234,51.31,309,317.33395,27.421446,29.5807,1362,626235,41.77,277.66,2980,347.42,130.47,0,2,110,110,-3,280,0.45,10.0,1.7,0
3,19.0,19.0,19.0,1,Wednesday,NaN,USE,0,3,3,2,428,44.84,336,365.4766,35.95602,14.984059,1407,661050,48.44,298.97,3125,331.07,176.87,0,2,110,110,-3,280,0.45,10.0,1.7,0
3,NaN,18.0,18.0,0,Wednesday,NaN,USE,0,1,2,1,212,55.99,318,344.14636,26.179344,27.177309,1389,455550,37.27,215.43,3299,251.75,100.82,0,0,110,110,-3,280,0.45,10.0,1.7,0
3,NaN,19.0,19.0,1,Wednesday,NaN,NaN,2,1,2,1,384,47.08,311,319.33124,32.438667,22.578382,1372,385325,29.4,178.98,3365,195.11,106.66,0,0,110,110,-3,280,0.45,10.0,1.7,0
3,NaN,19.0,19.0,1,Tuesday,NaN,USE,1,0,1,1,331,52.26,296,312.58032,30.07985,36.739887,1337,440641,23.88,216.41,3101,225.07,121.1,0,0,110,110,-3,280,0.45,10.0,1.7,0
3,19.0,18.0,19.0,1,Tuesday,NaN,USE,2,1,3,0,400,53.34,304,305.04575,28.577225,28.46168,1348,407834,29.78,197.34,2885,217.83,106.39,0,1,110,110,-3,280,0.45,10.0,1.7,0
3,NaN,19.0,19.0,1,Monday,NaN,NaN,1,4,5,0,779,51.26,306,319.84097,34.098236,26.32327,1302,1103182,58.76,540.43,2945,605.78,267.76,0,3,110,110,-3,280,0.45,10.0,1.7,0
3,19.0,19.0,19.0,1,Monday,NaN,NaN,0,1,3,0,170,51.28,364,366.20312,29.803001,22.537514,1321,550626,38.73,280.66,2886,299.87,142.63,1,0,110,110,-3,280,0.45,10.0,1.7,0
3,NaN,19.0,19.0,1,Monday,NaN,USE,0,1,2,0,182,58.58,298,328.79205,21.884226,35.480324,1350,565832,36.8,279.89,2974,258.99,184.09,1,1,110,110,-3,280,0.45,10.0,1.7,0
3,NaN,19.0,19.0,1,Sunday,NaN,USE,0,1,1,0,240,49.52,306,309.89713,31.306458,25.398752,1363,510638,26.82,222.74,2768,274.55,119.92,0,1,110,110,-3,280,0.45,10.0,1.7,0
3,NaN,19.0,19.0,1,Sunday,NaN,USE,1,0,3,2,276,44.43,463,480.28348,36.88149,24.272753,1528,159296,23.57,57.34,2455,65.28,50.49,1,1,110,110,-3,280,0.45,10.0,1.7,0
3,18.0,16.0,18.0,1,Saturday,NaN,USE,2,3,5,1,654,52.09,309,323.75543,28.666138,27.957033,1469,666722,56.88,264.55,3348,310.81,174.06,0,1,110,110,-3,280,0.45,10.0,1.7,0
3,18.0,18.0,18.0,0,Friday,NaN,USE,0,2,0,0,276,58.09,274,297.3562,24.709953,41.62874,1307,397907,20.71,215.66,2644,213.85,104.6,1,1,110,110,-3,280,0.45,10.0,1.7,0
3,NaN,18.0,18.0,0,Friday,NaN,USE,1,2,2,0,398,57.33,342,337.93436,22.084501,34.507282,1412,685976,53.58,284.31,2820,357.49,149.76,0,0,110,110,-3,280,0.45,10.0,1.7,0
3,NaN,18.0,18.0,0,Friday,NaN,NaN,1,0,3,0,250,48.86,327,351.11905,28.808943,21.33112,1426,514550,53.44,219.77,3095,293.45,100.14,1,0,110,110,-3,280,0.45,10.0,1.7,0
3,NaN,18.0,18.0,1,Friday,NaN,NaN,2,1,3,1,443,55.18,318,348.98398,20.637316,32.278732,1450,476551,48.13,203.07,3467,254.47,104.12,0,4,110,110,-3,280,0.45,10.0,1.7,0
3,18.0,18.0,18.0,0,Friday,NaN,USE,1,2,1,0,364,57.91,333,350.0123,23.473524,32.689865,1364,435177,41.23,201.07,2915,225.72,108.23,3,1,110,110,-3,280,0.45,10.0,1.7,0
3,18.0,18.0,18.0,0,Thursday,NaN,NaN,0,0,1,0,38,55.87,283,326.83093,27.863472,29.872004,1314,188276,6.81,95.08,2517,120.38,36.46,0,0,110,110,-3,280,0.45,10.0,1.7,0
3,NaN,17.0,18.0,1,Wednesday,NaN,NaN,0,0,1,1,130,47.87,291,327.0258,23.876379,23.23302,1362,421679,27.53,214.02,3051,222.47,114.82,0,2,110,110,-3,280,0.45,10.0,1.7,0
3,18.0,18.0,18.0,1,Wednesday,NaN,USE,1,0,2,1,236,53.54,358,355.5702,28.886774,30.930803,1417,461544,44.81,212.04,3176,214.26,136.08,0,0,110,110,-3,280,0.45,10.0,1.7,0
3,18.0,18.0,18.0,1,Saturday,NaN,USE,0,0,2,0,206,47.52,342,355.36124,37.518105,22.677265,1506,470660,52.07,159.91,3275,205.59,121.12,0,0,110,110,-3,280,0.45,10.0,1.7,0
3,18.0,18.0,18.0,1,Saturday,NaN,USE,0,0,0,0,2,55.36,386,557.95984,53.606663,28.743696,1743,61264,6.01,20.12,4342,36.49,11.04,0,0,110,110,-3,280,0.45,10.0,1.7,0
3,18.0,16.0,18.0,0,Saturday,NaN,USE,0,0,2,0,92,56.19,363,353.34528,32.280384,30.088913,1453,459132,40.91,176.53,3079,239.55,92.26,1,1,110,110,-3,280,0.45,10.0,1.7,0
3,18.0,17.0,18.0,1,Saturday,NaN,USE,0,1,1,1,229,49.85,324,336.779,32.392506,16.782434,1289,368943,16.93,198.57,3144,217.44,81.63,0,0,110,110,-3,280,0.45,10.0,1.7,0
3,18.0,17.0,18.0,0,Thursday,NaN,NaN,2,0,3,0,352,48.7,394,408.9273,35.17475,20.675415,1411,446913,40.26,209.22,2943,236.86,107.7,0,2,110,110,-3,280,0.45,10.0,1.7,0
3,18.0,18.0,18.0,1,Saturday,NaN,NaN,1,0,3,1,348,53.44,299,309.15775,33.998318,24.874538,1323,402770,26.36,214.79,2970,201.11,123.51,0,0,110,110,-3,280,0.45,10.0,1.7,0
3,18.0,17.0,18.0,1,Friday,NaN,USE,2,1,2,1,436,45.99,304,344.55746,43.67113,21.91863,1394,376709,26.6,166.66,2979,196.49,90.41,0,1,110,110,-3,280,0.45,10.0,1.7,0
3,NaN,18.0,18.0,1,Sunday,NaN,NaN,0,1,1,1,294,47.02,346,346.9837,38.83524,26.2967,1368,591779,40.42,269.23,2743,286.11,157.51,2,1,110,110,-3,280,0.45,10.0,1.7,0
3,18.0,18.0,18.0,1,Saturday,NaN,USW,2,0,5,1,477,46.1,334,327.63788,31.967566,20.772573,1447,648186,53.21,253.32,2814,325.01,155.63,0,0,110,110,-3,280,0.45,10.0,1.7,0
3,18.0,18.0,18.0,0,Saturday,NaN,USW,1,4,2,1,521,53.98,313,338.9549,26.462881,33.725006,1315,420887,28.87,215.55,3030,272.46,79.34,1,1,110,110,-3,280,0.45,10.0,1.7,0
3,18.0,18.0,18.0,1,Friday,NaN,USE,1,1,2,1,315,50.98,333,379.51627,26.384283,28.555325,1385,400791,21.86,192.66,2661,206.75,107.86,0,0,110,110,-3,280,0.45,10.0,1.7,0
3,NaN,NaN,NaN,0,Thursday,NaN,USE,0,3,1,0,255,51.32,324,389.15833,29.76947,36.10692,1484,482435,44.88,188.94,3029,244.03,109.54,0,0,110,110,-3,280,0.45,10.0,1.7,0
3,NaN,NaN,NaN,1,Thursday,NaN,NaN,0,0,1,1,100,58.54,346,364.23666,26.440802,36.861504,1387,359456,26.72,157.8,3124,166.15,106.03,1,1,110,110,-3,280,0.45,10.0,1.7,0
3,19.0,19.0,19.0,0,Monday,NaN,USE,0,0,1,1,160,55.49,304,305.00226,19.93103,31.927374,1449,474292,40.31,185.85,2668,224.14,120.38,1,0,110,110,-3,280,0.45,10.0,1.7,0
3,19.0,17.0,19.0,0,Sunday,NaN,USE,0,0,1,1,192,49.73,351,392.5677,30.598604,24.279713,1401,478568,38.49,216.99,2823,249.25,124.74,0,1,110,110,-3,280,0.45,10.0,1.7,0
3,19.0,17.0,19.0,0,Sunday,NaN,USE,0,5,2,0,557,50.1,368,365.38538,33.27409,25.28999,1453,735523,66.56,275.01,2923,388.52,138.84,0,3,110,110,-3,280,0.45,10.0,1.7,0
3,19.0,18.0,19.0,0,Saturday,NaN,NaN,1,3,5,1,607,49.89,352,368.98926,38.593487,26.019743,1437,715176,62.82,289.11,2801,352.84,179.48,0,1,110,110,-3,280,0.45,10.0,1.7,0
3,19.0,18.0,19.0,0,Saturday,NaN,NaN,1,1,1,0,335,50.25,367,370.16495,39.811935,22.385471,1480,510702,50.31,179.47,2828,260.52,101.1,2,0,110,110,-3,280,0.45,10.0,1.7,0
3,19.0,19.0,19.0,0,Friday,NaN,USE,0,2,2,0,275,46.19,333,350.0119,43.182667,25.17404,1377,386513,33.95,178.08,3003,229.87,72.9,0,1,110,110,-3,280,0.45,10.0,1.7,0
3,19.0,19.0,19.0,0,Friday,NaN,USE,1,2,5,0,442,47.71,342,368.43985,32.774406,35.99306,1451,434951,32.28,179.9,3041,219.78,96.73,0,1,110,110,-3,280,0.45,10.0,1.7,0
3,19.0,19.0,19.0,0,Friday,NaN,USW,1,2,1,0,312,52.29,411,475.27493,42.72169,20.45689,1494,566148,51.38,216.01,2960,269.41,146.47,0,1,110,110,-3,280,0.45,10.0,1.7,0
3,18.0,18.0,18.0,0,Thursday,NaN,USW,1,0,1,0,206,52.48,307,353.02283,32.69986,31.016396,1367,462399,26.31,223.34,3088,257.77,109.97,0,0,110,110,-3,280,0.45,10.0,1.7,0
3,NaN,19.0,19.0,0,Tuesday,NaN,USE,0,1,1,0,158,50.72,368,362.6596,30.811937,26.677095,1453,454934,44.55,178.89,2757,220.31,108.27,2,2,110,110,-3,280,0.45,10.0,1.7,0
3,NaN,19.0,19.0,0,Tuesday,NaN,USE,0,1,1,0,158,50.72,369,362.73758,30.85776,26.68406,1456,454935,44.48,179.0,2765,220.36,108.08,2,2,110,110,-3,280,0.45,10.0,1.7,0
3,19.0,NaN,19.0,0,Tuesday,NaN,NaN,0,1,2,0,168,48.22,409,421.8112,34.39564,25.047941,1511,476463,49.2,153.3,2702,206.04,126.0,1,1,110,110,-3,280,0.45,10.0,1.7,0
3,NaN,19.0,19.0,0,Tuesday,NaN,NaN,0,1,2,0,168,48.22,409,421.98087,34.40346,25.089092,1512,476452,49.21,152.89,2701,205.84,125.96,1,1,110,110,-3,280,0.45,10.0,1.7,0
2,NaN,18.0,19.0,0,Tuesday,NaN,USW,0,2,1,1,408,47.49,414,424.99326,36.142292,20.06161,1468,480295,40.27,171.81,2291,215.76,130.24,1,1,110,110,-3,280,0.45,10.0,1.7,0
2,NaN,18.0,19.0,1,Tuesday,NaN,USE,2,2,4,3,639,52.26,472,476.98828,39.149265,25.787283,1544,446922,45.39,143.46,2921,179.9,136.27,1,1,110,110,-3,280,0.45,10.0,1.7,0
3,NaN,18.0,19.0,0,Tuesday,NaN,USW,2,2,5,0,445,41.75,360,363.35773,43.80093,16.67222,1385,438840,31.74,193.9,2695,226.01,111.83,0,1,110,110,-3,280,0.45,10.0,1.7,0
3,NaN,19.0,19.0,0,Tuesday,NaN,NaN,0,2,1,0,239,56.14,409,467.0684,25.020182,35.757534,1493,417660,41.18,149.21,2935,185.37,116.24,1,1,110,110,-3,280,0.45,10.0,1.7,0
3,NaN,19.0,20.0,0,Tuesday,NaN,USW,1,0,3,1,276,44.26,368,348.70993,40.576603,22.300055,1482,494717,57.44,181.71,2930,193.41,172.39,1,1,110,110,-3,280,0.45,10.0,1.7,0
3,NaN,19.0,19.0,1,Tuesday,NaN,USW,1,0,4,1,320,50.13,405,409.33575,31.140814,26.269815,1501,469613,49.84,157.85,3281,200.47,125.83,1,0,110,110,-3,280,0.45,10.0,1.7,0
3,19.0,16.0,19.0,0,Tuesday,NaN,USW,0,2,2,0,208,53.93,395,406.68433,23.94758,30.490652,1444,442086,36.14,158.23,2769,197.87,117.34,0,0,110,110,-3,280,0.45,10.0,1.7,0
3,19.0,15.0,19.0,0,Tuesday,NaN,NaN,0,0,1,0,64,48.9,335,358.75275,31.193653,31.754759,1483,382786,37.45,142.76,2753,190.19,86.98,0,1,110,110,-3,280,0.45,10.0,1.7,0
3,NaN,19.0,19.0,1,Thursday,NaN,USW,0,1,4,0,234,55.73,321,312.966,25.300081,32.46678,1391,426360,24.11,190.12,3042,219.09,96.55,0,0,110,110,-3,280,0.45,10.0,1.7,0
3,19.0,17.0,19.0,0,Thursday,NaN,NaN,0,1,3,0,260,52.14,308,310.68854,30.756432,31.49435,1393,498899,30.05,226.75,2868,242.79,141.83,1,1,110,110,-3,280,0.45,10.0,1.7,0
3,19.0,19.0,19.0,0,Wednesday,NaN,USE,0,0,2,0,122,42.71,478,470.1383,41.02109,20.44594,1515,485261,56.85,152.1,3082,226.16,109.51,0,1,110,110,-3,280,0.45,10.0,1.7,0
3,NaN,19.0,19.0,0,Wednesday,NaN,USE,1,1,1,0,313,45.68,390,421.72943,35.545555,25.782822,1555,548548,93.98,185.74,3228,277.55,109.71,3,1,110,110,-3,280,0.45,10.0,1.7,0
3,19.0,19.0,19.0,1,Wednesday,NaN,USE,0,1,3,3,353,52.56,373,425.51205,34.86665,30.144892,1491,439172,46.82,165.6,2983,189.19,128.23,0,0,110,110,-3,280,0.45,10.0,1.7,0
3,19.0,19.0,19.0,1,Tuesday,NaN,USW,1,0,2,0,258,52.89,364,384.3736,33.399643,22.72675,1340,441488,30.01,221.64,3030,225.19,132.96,0,1,110,110,-3,280,0.45,10.0,1.7,0
3,NaN,19.0,19.0,0,Wednesday,NaN,USE,1,0,3,1,368,49.31,490,536.88837,36.720707,26.777437,1548,512887,78.03,164.9,2937,234.05,124.44,1,1,110,110,-3,280,0.45,10.0,1.7,0
3,18.0,18.0,18.0,0,Friday,NaN,NaN,0,2,2,0,325,52.1,361,369.03888,33.8729,25.540117,1382,407511,44.12,175.94,2755,202.02,104.47,0,3,110,110,-3,280,0.45,10.0,1.7,0
3,NaN,NaN,NaN,0,Saturday,NaN,USE,0,2,2,0,239,51.24,387,394.38342,33.42733,29.347998,1463,441041,45.91,169.62,3086,214.12,110.88,0,0,110,150,-1,290,0.4,10.0,1.7,0
3,NaN,20.0,20.0,0,Monday,NaN,USW,0,0,0,0,124,46.72,403,422.79898,48.968513,16.763817,1498,500502,55.93,180.64,3089,256.14,104.34,1,1,110,110,-3,280,0.45,10.0,1.7,0
3,19.0,19.0,20.0,0,Monday,NaN,USW,0,0,0,0,124,46.72,403,422.83566,48.97977,16.709534,1497,500324,55.8,180.7,3086,256.09,104.27,1,1,110,110,-3,280,0.45,10.0,1.7,0
2,NaN,18.0,18.0,0,Sunday,NaN,USW,3,1,5,0,620,42.16,393,392.85406,41.339302,18.792116,1522,516091,55.66,174.09,2385,213.47,156.07,0,1,110,110,-3,280,0.45,10.0,1.7,0
2,18.0,18.0,18.0,0,Sunday,NaN,USW,1,1,3,1,469,49.04,400,458.6934,39.852654,20.899656,1497,512131,59.32,189.21,2355,220.54,157.94,2,1,110,110,-3,280,0.45,10.0,1.7,0
3,NaN,NaN,NaN,1,Wednesday,NaN,USE,1,0,1,2,224,46.17,234,238.62868,22.46088,28.742249,1328,170168,6.18,90.58,2905,81.69,58.26,0,0,90,150,-1,350,0.4,10.0,1.7,0
3,NaN,19.0,19.0,0,Saturday,NaN,NaN,0,1,2,0,190,55.53,457,488.3443,26.727833,28.304998,1552,494517,74.18,146.6,3232,215.5,119.53,1,1,110,110,-3,280,0.45,10.0,1.7,0
3,NaN,NaN,NaN,1,Saturday,NaN,NaN,1,0,1,1,280,52.98,356,391.0418,39.538525,23.032816,1419,489131,40.13,203.9,2930,271.74,98.51,0,0,110,110,-3,280,0.45,10.0,1.7,0
3,19.0,18.0,19.0,0,Thursday,NaN,NaN,0,0,2,0,36,49.01,391,396.59128,38.34516,22.941814,1545,276366,39.46,100.64,3092,134.52,60.17,0,0,110,110,-3,280,0.45,10.0,1.7,0
3,19.0,19.0,19.0,1,Thursday,NaN,USE,2,1,2,0,392,58.36,456,472.271,31.21195,27.261345,1485,329875,26.83,117.27,3193,116.56,120.77,1,1,110,110,-3,280,0.45,10.0,1.7,0
3,NaN,NaN,NaN,1,Friday,NaN,USE,1,0,4,0,234,64.09,304,324.8291,15.529142,46.01522,1451,469333,32.58,184.14,3228,215.41,127.02,0,0,95,120,-6,400,0.5,6.5,1.6,0
3,19.0,17.0,19.0,0,Monday,NaN,USE,0,0,1,1,174,51.75,377,396.46146,28.485695,24.165897,1432,456499,44.31,192.32,2919,200.08,140.95,1,1,110,110,-3,280,0.45,10.0,1.7,0
3,NaN,19.0,19.0,1,Sunday,NaN,USE,0,2,1,0,245,49.59,405,404.7039,30.112562,27.789284,1380,445813,38.61,202.1,3181,215.47,124.6,2,0,110,110,-3,280,0.45,10.0,1.7,0
3,NaN,19.0,19.0,1,Sunday,NaN,USE,0,2,1,0,245,49.72,405,404.9753,30.114695,27.775776,1379,445645,38.33,201.76,3175,215.13,124.74,2,0,110,110,-3,280,0.45,10.0,1.7,0
3,19.0,19.0,19.0,1,Sunday,NaN,USE,1,0,2,1,212,53.32,380,378.31702,29.500927,23.11948,1452,350862,43.98,146.64,3427,166.52,103.62,1,0,110,110,-3,280,0.45,10.0,1.7,0
3,19.0,18.0,19.0,1,Thursday,NaN,USE,1,3,1,0,416,48.64,372,361.49927,40.312393,22.122765,1430,468751,49.06,185.36,3067,239.53,109.75,2,1,110,110,-3,280,0.45,10.0,1.7,0
3,19.0,16.0,19.0,1,Wednesday,NaN,USE,1,3,4,1,581,55.43,352,333.8996,32.67554,27.760986,1395,462799,42.97,209.27,3197,226.21,132.67,0,0,110,110,-3,280,0.45,10.0,1.7,0
3,19.0,18.0,19.0,0,Tuesday,NaN,USW,1,0,10,0,490,49.06,390,394.52777,33.13008,24.341673,1500,868459,90.63,289.8,3144,337.53,260.85,1,2,110,110,-3,280,0.45,10.0,1.7,0
3,19.0,18.0,19.0,1,Tuesday,NaN,USW,0,0,0,0,148,53.94,342,358.12238,23.69182,35.45836,1403,464314,36.96,205.74,2958,262.64,96.21,0,0,110,110,-3,280,0.45,10.0,1.7,0
3,19.0,17.0,19.0,1,Tuesday,NaN,USW,0,0,0,0,148,53.94,341,357.80786,23.674002,35.499676,1402,464321,37.01,205.47,2947,263.01,96.11,0,0,110,110,-3,280,0.45,10.0,1.7,0
3,18.0,18.0,18.0,1,Monday,NaN,USE,0,3,3,2,593,49.17,400,406.0412,36.944088,27.986132,1446,804105,65.03,308.32,2920,365.51,208.95,1,2,110,110,-3,280,0.45,10.0,1.7,0
3,18.0,18.0,18.0,1,Monday,NaN,USE,2,0,4,0,328,44.02,375,396.06265,42.882225,22.631624,1487,475188,42.97,169.9,3284,207.55,135.73,0,3,110,110,-3,280,0.45,10.0,1.7,0
3,18.0,17.0,19.0,0,Sunday,NaN,USE,0,0,1,1,82,52.58,300,352.05994,36.017757,36.89847,1466,193237,13.68,79.93,3049,98.93,51.66,1,0,110,110,-3,280,0.45,10.0,1.7,0
3,18.0,17.0,18.0,0,Sunday,NaN,NaN,1,1,3,0,300,43.37,368,373.37527,43.019768,18.238623,1523,463684,44.9,153.68,3157,227.31,98.95,1,0,110,110,-3,280,0.45,10.0,1.7,0
3,18.0,17.0,18.0,0,Sunday,NaN,NaN,0,1,2,1,273,51.32,413,456.37302,36.772957,30.157253,1497,487369,49.02,161.74,3285,210.53,140.12,0,0,110,110,-3,280,0.45,10.0,1.7,0
3,18.0,17.0,18.0,0,Sunday,NaN,NaN,0,0,3,0,144,58.56,348,354.6798,22.980068,35.92704,1403,550112,61.97,231.23,3223,262.16,148.71,0,3,110,110,-3,280,0.45,10.0,1.7,0
3,18.0,NaN,18.0,1,Saturday,NaN,USE,0,2,1,2,347,57.88,356,376.73938,25.946365,48.854443,1434,435292,27.6,173.55,2836,237.3,89.42,1,2,110,110,-3,280,0.45,10.0,1.7,0
3,18.0,18.0,18.0,0,Saturday,NaN,USE,1,0,2,0,240,57.45,363,385.06912,15.244992,32.185963,1457,444555,41.37,166.08,3215,215.16,104.94,0,1,110,110,-3,280,0.45,10.0,1.7,0
3,18.0,18.0,19.0,0,Friday,NaN,NaN,0,1,2,0,186,58.23,396,412.32544,19.170425,38.305916,1547,472267,64.18,159.39,2757,195.81,128.75,1,0,110,110,-3,280,0.45,10.0,1.7,0
3,18.0,18.0,19.0,0,Thursday,NaN,NaN,0,1,2,0,186,58.23,395,412.03836,19.130573,38.32778,1549,472243,64.18,159.9,2756,195.88,128.85,1,0,110,110,-3,280,0.45,10.0,1.7,0
3,NaN,18.0,18.0,0,Thursday,NaN,NaN,0,1,2,0,186,58.23,396,412.29932,19.185566,38.279015,1544,472266,64.0,159.49,2760,195.92,128.6,1,0,110,110,-3,280,0.45,10.0,1.7,0
3,19.0,17.0,19.0,0,Thursday,NaN,NaN,0,2,1,0,218,51.54,419,422.9851,25.871796,29.766014,1514,620878,78.51,206.1,3133,250.45,177.04,0,1,110,110,-3,280,0.45,10.0,1.7,0
3,19.0,18.0,19.0,1,Wednesday,NaN,NaN,1,1,2,0,259,54.22,307,312.3469,32.60254,27.51774,1367,424697,34.4,191.36,3074,223.4,105.2,1,3,110,110,-3,280,0.45,10.0,1.7,0
3,19.0,18.0,19.0,1,Wednesday,NaN,NaN,1,1,2,0,259,54.32,307,312.16104,32.646694,27.504856,1363,424660,34.33,191.17,3068,222.99,105.46,1,3,110,110,-3,280,0.45,10.0,1.7,0
3,18.0,18.0,19.0,1,Sunday,NaN,USE,1,1,1,1,368,51.81,405,423.23306,30.909885,26.204058,1568,659414,95.82,207.04,3095,270.98,174.46,1,1,110,110,-3,280,0.45,10.0,1.7,0
3,18.0,18.0,18.0,1,Monday,NaN,USW,1,0,2,0,218,54.21,389,418.70316,26.090754,30.270681,1486,494255,66.45,201.38,3169,254.56,106.0,0,0,110,110,-3,280,0.45,10.0,1.7,0
3,18.0,18.0,18.0,0,Sunday,NaN,USE,1,3,5,1,608,58.07,447,452.5597,22.751368,37.5228,1496,499205,56.58,181.39,2827,231.94,131.94,4,3,110,110,-3,280,0.45,10.0,1.7,0
3,NaN,NaN,NaN,0,Tuesday,NaN,USE,0,0,2,0,78,52.04,391,252.12465,24.027685,23.673368,1143,158524,20.0,136.58,3075,154.86,44.62,0,0,110,110,-3,280,0.45,10.0,1.7,0
3,18.0,18.0,18.0,1,Monday,NaN,NaN,1,0,3,1,242,55.06,476,500.1559,33.914642,31.574501,1576,298071,36.61,89.9,3295,109.63,94.65,0,0,110,110,-3,280,0.45,10.0,1.7,0
3,18.0,17.0,18.0,1,Sunday,NaN,USE,0,0,2,1,162,55.91,382,406.81583,24.675575,31.679964,1460,445843,46.75,169.56,3075,181.91,133.19,2,0,110,110,-3,280,0.45,10.0,1.7,0
2,17.0,17.0,19.0,1,Saturday,NaN,NaN,2,2,5,1,528,53.43,518,548.33594,28.735071,25.950054,1495,525788,54.95,174.22,2555,224.51,152.28,1,2,110,110,-3,280,0.45,10.0,1.7,0
3,18.0,17.0,18.0,0,Friday,NaN,NaN,1,1,2,0,274,52.02,426,455.33926,31.777342,29.725132,1533,531733,63.81,198.86,2845,238.18,150.62,1,0,110,110,-3,280,0.45,10.0,1.7,0
3,NaN,18.0,18.0,1,Wednesday,NaN,NaN,0,2,1,1,302,43.84,453,428.3238,41.116154,19.197989,1478,452531,48.77,162.27,2619,233.23,81.06,0,1,110,110,-3,280,0.45,10.0,1.7,0
3,18.0,17.0,18.0,0,Wednesday,NaN,USE,1,2,3,0,425,52.95,398,421.9604,31.091347,28.865011,1463,504589,48.96,194.19,2898,249.67,113.47,0,0,110,110,-3,280,0.45,10.0,1.7,0
3,18.0,18.0,18.0,1,Wednesday,NaN,USE,0,1,1,0,152,47.42,392,428.79675,34.249413,24.177692,1416,440304,28.86,181.85,3325,220.68,108.05,1,2,110,110,-3,280,0.45,10.0,1.7,0
3,NaN,18.0,18.0,0,Wednesday,NaN,USE,0,2,4,0,501,51.93,445,442.58762,27.337801,29.593369,1456,931357,100.34,322.55,2947,383.21,268.26,0,3,110,110,-3,280,0.45,10.0,1.7,0
3,18.0,18.0,18.0,0,Tuesday,NaN,USE,2,1,10,1,688,48.55,407,415.2693,36.34516,17.33714,1488,922977,108.26,330.47,2943,453.22,206.18,0,2,110,110,-3,280,0.45,10.0,1.7,0
3,18.0,17.0,18.0,0,Wednesday,NaN,NaN,2,1,10,1,688,48.55,406,415.29538,36.394154,17.402859,1489,922764,107.87,330.3,2939,453.19,206.13,0,2,110,110,-3,280,0.45,10.0,1.7,0
3,18.0,18.0,18.0,0,Tuesday,NaN,NaN,0,1,1,0,251,49.2,387,420.79486,22.96766,23.90615,1486,450801,42.44,172.65,3147,219.22,101.73,1,2,110,110,-3,280,0.45,10.0,1.7,0
3,18.0,17.0,18.0,0,Wednesday,NaN,USE,0,1,1,0,200,51.2,277,305.7764,34.71097,29.201437,1333,412788,13.44,212.28,2825,214.55,116.07,0,1,110,110,-3,280,0.45,10.0,1.7,0
3,18.0,16.0,18.0,0,Wednesday,NaN,NaN,1,1,2,0,264,52.1,336,347.55884,41.38519,31.993065,1434,486421,41.3,182.84,3094,220.08,142.25,1,0,110,110,-3,280,0.45,10.0,1.7,0
3,18.0,18.0,18.0,1,Wednesday,NaN,USE,0,1,2,0,188,43.15,345,354.72256,51.801003,16.966833,1396,429072,30.52,172.54,3223,204.69,112.22,0,0,110,110,-3,280,0.45,10.0,1.7,0
3,18.0,16.0,18.0,1,Tuesday,NaN,USE,1,1,1,0,261,51.27,413,449.7235,29.798538,29.455994,1473,487655,46.63,183.5,2930,205.86,147.78,0,0,110,110,-3,280,0.45,10.0,1.7,0
3,NaN,17.0,17.0,1,Wednesday,NaN,USW,0,1,3,0,259,55.27,345,362.03867,29.416815,27.973358,1438,597488,40.17,241.46,3046,265.65,175.52,0,1,110,110,-3,280,0.45,10.0,1.7,0
3,NaN,17.0,17.0,0,Wednesday,NaN,USW,0,2,2,0,314,49.29,346,347.00183,31.403759,32.890347,1479,479110,54.33,170.28,2737,205.09,133.99,0,2,110,110,-3,280,0.45,10.0,1.7,0
3,18.0,18.0,18.0,1,Sunday,NaN,USE,0,0,2,0,106,52.38,393,399.77048,37.284176,30.763988,1374,419392,35.98,181.8,2700,202.32,111.21,0,2,110,110,-3,280,0.45,10.0,1.7,0
3,18.0,18.0,18.0,1,Sunday,NaN,USE,2,1,2,1,402,60.13,422,491.31985,16.319288,41.866787,1572,192808,32.52,59.55,2945,72.97,61.87,1,0,110,110,-3,280,0.45,10.0,1.7,0
3,18.0,18.0,18.0,0,Sunday,NaN,USE,0,2,1,0,196,44.74,393,393.66257,57.36572,14.4200535,1514,463652,47.88,172.59,2947,241.55,85.36,1,1,110,110,-3,280,0.45,10.0,1.7,0
3,18.0,17.0,18.0,1,Friday,NaN,USE,2,0,3,2,450,52.43,368,441.70993,36.941547,29.686365,1542,494953,52.94,166.07,2691,218.13,126.62,1,0,110,110,-3,280,0.45,10.0,1.7,0
3,18.0,17.0,18.0,1,Friday,NaN,USE,2,4,3,1,657,51.78,438,441.01505,28.390614,24.326859,1376,459755,40.82,195.63,2534,189.45,169.94,0,0,110,110,-3,280,0.45,10.0,1.7,0
3,18.0,18.0,18.0,1,Thursday,NaN,NaN,0,1,1,1,166,56.13,181,205.54985,21.823963,41.638107,1349,413470,23.79,220.58,2960,233.69,95.7,0,0,110,110,-3,280,0.45,10.0,1.7,0
3,18.0,18.0,18.0,1,Thursday,NaN,USE,2,3,2,2,631,51.4,402,431.52103,27.254824,23.05256,1435,504917,59.21,215.56,3069,262.48,125.54,0,1,110,110,-3,280,0.45,10.0,1.7,0
3,18.0,18.0,18.0,0,Saturday,NaN,NaN,0,1,0,0,235,43.53,438,384.9944,43.046196,19.080198,1455,428938,59.96,209.62,3313,245.76,115.25,0,3,110,110,-3,280,0.45,10.0,1.7,0
3,18.0,18.0,18.0,0,Monday,NaN,NaN,1,1,3,0,262,52.94,422,423.5745,35.894753,27.914648,1555,564882,74.11,179.74,3199,242.75,147.37,1,1,110,110,-3,280,0.45,10.0,1.7,0
3,18.0,16.0,18.0,0,Monday,NaN,NaN,0,1,0,1,259,52.75,483,473.44464,37.846687,30.389246,1614,469787,78.21,127.27,3210,189.25,115.69,0,1,110,110,-3,280,0.45,10.0,1.7,0
3,18.0,16.0,19.0,0,Friday,NaN,USW,0,1,1,0,165,55.55,420,408.49857,30.808315,30.116274,1477,461720,58.76,178.34,2753,184.19,142.2,1,0,110,110,-3,280,0.45,10.0,1.7,0
3,18.0,18.0,19.0,1,Thursday,NaN,NaN,0,0,2,0,126,52.91,447,442.97083,30.753551,26.723124,1466,490093,58.17,191.79,2759,187.83,168.78,0,0,110,110,-3,280,0.45,10.0,1.7,0
3,18.0,15.0,19.0,1,Thursday,NaN,NaN,0,0,2,0,126,52.91,447,443.65076,30.782497,26.772263,1469,490089,57.85,191.18,2769,187.76,168.34,0,0,110,110,-3,280,0.45,10.0,1.7,0
3,18.0,18.0,18.0,0,Friday,NaN,USE,0,1,2,1,304,44.21,427,429.4509,43.343166,21.875286,1595,505382,67.22,134.5,2891,180.68,152.77,0,0,110,110,-3,280,0.45,10.0,1.7,0
3,18.0,18.0,18.0,1,Thursday,NaN,USE,0,0,1,0,128,60.07,403,445.0446,17.551231,35.148514,1402,460359,38.23,201.16,3159,244.3,106.42,0,0,110,110,-3,280,0.45,10.0,1.7,0
3,18.0,18.0,19.0,0,Wednesday,NaN,USE,0,0,3,1,204,48.42,420,431.268,32.478092,22.642817,1554,495624,48.11,151.7,2815,233.2,101.08,1,0,110,110,-3,280,0.45,10.0,1.7,0
3,18.0,18.0,18.0,0,Tuesday,NaN,NaN,0,3,1,0,318,57.03,354,398.29477,34.770695,30.855667,1361,329303,21.25,154.01,3243,182.47,72.55,0,0,110,110,-3,280,0.45,10.0,1.7,0
3,18.0,18.0,19.0,1,Tuesday,NaN,NaN,3,2,3,0,650,45.16,393,386.21445,45.9998,17.86288,1474,554965,69.14,207.72,3026,263.48,138.01,0,0,110,110,-3,280,0.45,10.0,1.7,0
3,18.0,17.0,18.0,0,Sunday,NaN,USE,0,4,2,0,336,44.45,441,460.4419,41.412594,16.9105,1494,468256,53.79,158.13,3046,207.73,121.8,1,2,110,110,-3,280,0.45,10.0,1.7,0
3,NaN,18.0,18.0,1,Thursday,NaN,NaN,0,0,3,2,304,48.86,574,615.6793,35.526352,26.990576,1680,552392,100.37,132.93,2995,186.49,164.94,1,0,110,110,-3,280,0.45,10.0,1.7,0
3,NaN,18.0,18.0,0,Thursday,NaN,USE,1,1,3,1,333,50.23,432,458.94775,33.803116,29.305328,1638,516886,89.72,148.61,3011,233.84,118.44,1,3,110,110,-3,280,0.45,10.0,1.7,0
3,18.0,18.0,18.0,0,Thursday,NaN,USE,0,1,2,0,112,47.98,513,544.6019,40.824818,18.699606,1761,320507,55.82,65.71,2898,125.14,72.07,0,0,110,110,-3,280,0.45,10.0,1.7,0
3,NaN,18.0,18.0,0,Thursday,NaN,USE,1,1,3,0,305,47.97,474,453.73373,39.513195,21.952812,1568,501472,60.27,140.92,2914,232.66,106.21,0,1,110,110,-3,280,0.45,10.0,1.7,0
3,18.0,18.0,19.0,1,Thursday,NaN,USE,1,1,6,0,331,55.22,503,528.2395,26.742,28.294687,1593,518562,80.38,148.66,2856,223.56,126.61,2,2,110,110,-3,280,0.45,10.0,1.7,0
3,NaN,18.0,18.0,0,Thursday,NaN,USE,0,3,2,1,428,52.97,446,471.74777,29.35789,30.345371,1499,585149,56.86,215.0,2888,260.78,152.33,0,1,110,110,-3,280,0.45,10.0,1.7,0
3,18.0,18.0,19.0,1,Thursday,NaN,USE,1,0,1,0,198,53.78,485,497.10675,36.890835,28.288404,1591,420165,53.48,117.65,3024,161.64,113.73,1,0,110,110,-3,280,0.45,10.0,1.7,0
3,NaN,18.0,18.0,1,Tuesday,NaN,USE,2,0,6,0,375,48.8,442,468.59027,35.42073,21.08383,1496,537451,59.48,185.34,3147,225.2,156.07,1,0,110,110,-3,280,0.45,10.0,1.7,0
3,19.0,19.0,19.0,0,Tuesday,NaN,USW,0,0,0,0,78,46.67,403,447.6905,36.999916,19.994862,1462,326735,27.09,120.99,3012,184.91,54.74,0,0,110,110,-3,280,0.45,10.0,1.7,0
3,19.0,18.0,19.0,1,Tuesday,NaN,NaN,1,0,3,1,298,52.63,411,410.36047,39.91038,24.37809,1405,342479,32.77,141.56,3113,173.97,88.86,0,1,110,110,-3,280,0.45,10.0,1.7,0
3,18.0,17.0,19.0,1,Sunday,NaN,USE,0,1,2,0,180,49.36,435,436.82596,43.328175,21.86687,1546,483365,59.16,140.84,2981,214.83,110.17,0,0,110,110,-3,280,0.45,10.0,1.7,0
3,18.0,18.0,18.0,1,Thursday,NaN,NaN,2,1,3,0,380,56.55,457,481.58472,23.835827,34.472347,1604,478060,70.68,135.36,3306,213.2,99.81,1,0,110,110,-3,280,0.45,10.0,1.7,0
3,18.0,18.0,19.0,1,Wednesday,NaN,NaN,0,3,1,0,356,49.45,442,440.7309,28.00067,27.072887,1498,530836,52.19,167.73,3198,218.55,151.54,0,0,110,110,-3,280,0.45,10.0,1.7,0
3,NaN,19.0,19.0,0,Tuesday,NaN,USE,1,6,1,0,567,49.8,561,583.8674,40.784714,24.943195,1678,492352,84.32,126.02,2845,225.37,92.5,0,0,110,110,-3,280,0.45,10.0,1.7,0
3,19.0,19.0,19.0,0,Friday,NaN,USE,0,1,0,0,176,46.62,368,354.50482,35.02319,22.387579,1473,363804,41.98,127.44,2924,161.0,93.94,0,2,110,110,-3,280,0.45,10.0,1.7,0
3,19.0,19.0,19.0,0,Friday,NaN,USE,0,1,3,0,164,55.38,313,313.23557,20.544134,31.82007,1351,420659,27.53,196.17,2800,185.89,133.22,0,1,110,110,-3,280,0.45,10.0,1.7,0
3,18.0,18.0,18.0,1,Saturday,NaN,NaN,0,0,3,0,196,56.04,394,432.0767,21.01738,29.425266,1512,620468,60.02,214.71,3172,232.45,201.22,0,1,110,110,-3,280,0.45,10.0,1.7,0
3,18.0,17.0,18.0,1,Saturday,NaN,NaN,0,0,3,0,196,56.05,391,434.4178,21.123907,29.605028,1504,616038,59.15,214.74,3193,232.66,198.85,0,1,110,110,-3,280,0.45,10.0,1.7,0
3,18.0,18.0,18.0,1,Friday,NaN,USE,1,0,3,1,332,52.35,392,414.48508,26.942682,24.909607,1392,446530,37.2,193.62,2661,212.02,128.52,0,1,110,110,-3,280,0.45,10.0,1.7,0
3,18.0,17.0,18.0,1,Friday,NaN,USE,1,0,3,0,256,42.71,381,407.63385,47.864456,22.021793,1385,441264,31.19,191.24,3020,198.74,143.11,0,4,110,110,-3,280,0.45,10.0,1.7,0
3,18.0,16.0,18.0,0,Wednesday,NaN,NaN,1,0,2,0,250,52.17,408,391.83304,29.541079,23.123528,1396,628784,45.55,267.74,2982,279.62,196.16,0,1,110,110,-3,280,0.45,10.0,1.7,0
3,18.0,18.0,18.0,1,Thursday,NaN,NaN,1,1,3,1,384,51.71,412,439.069,29.027561,26.837175,1518,439840,50.54,138.08,2866,176.5,128.44,0,0,110,110,-3,280,0.45,10.0,1.7,0
3,18.0,18.0,19.0,1,Monday,NaN,NaN,2,1,4,1,515,46.21,363,342.64142,37.79249,23.16422,1425,463883,30.76,186.14,2754,207.91,134.52,0,1,110,110,-3,280,0.45,10.0,1.7,0
3,18.0,18.0,19.0,1,Monday,NaN,USW,2,2,3,2,524,51.93,469,477.7965,40.3489,24.662912,1518,397784,39.18,143.05,3091,176.68,104.89,0,0,110,110,-3,280,0.45,10.0,1.7,0
3,18.0,18.0,18.0,0,Thursday,NaN,NaN,0,0,3,0,202,50.65,406,434.24094,28.595581,25.344162,1510,483472,56.29,163.7,2831,163.79,169.23,1,0,110,110,-3,280,0.45,10.0,1.7,0
3,18.0,18.0,18.0,1,Tuesday,NaN,NaN,0,1,1,1,225,53.39,389,402.1152,35.94034,34.017963,1550,526010,63.88,175.12,3015,248.97,120.58,1,0,110,110,-3,280,0.45,10.0,1.7,0
3,18.0,16.0,18.0,1,Tuesday,NaN,USE,1,1,4,0,268,51.63,428,430.02094,40.601456,24.924057,1642,518493,84.87,132.52,3180,159.89,174.26,1,1,110,110,-3,280,0.45,10.0,1.7,0
3,NaN,NaN,NaN,1,Tuesday,NaN,USE,0,3,0,1,418,53.52,362,388.15005,33.356068,32.49014,1388,447450,32.82,192.6,2639,216.33,122.41,0,0,110,150,-1,290,0.4,10.0,1.7,0
3,NaN,NaN,NaN,1,Tuesday,NaN,USE,0,1,5,0,203,42.27,377,385.2844,43.848938,22.110708,1430,400053,49.96,162.42,2949,139.68,152.31,0,0,110,150,-1,290,0.4,10.0,1.7,0
3,NaN,NaN,NaN,1,Tuesday,NaN,USE,1,0,3,2,414,47.51,407,440.56143,38.380997,25.69464,1536,471471,60.73,163.06,2564,227.81,97.62,1,2,110,150,-1,290,0.4,10.0,1.7,0
3,18.0,18.0,18.0,0,Wednesday,NaN,USE,1,0,2,0,156,53.26,343,364.7989,26.86856,34.02588,1509,494666,44.49,171.48,3092,233.65,117.41,0,1,110,110,-3,280,0.45,10.0,1.7,0
3,18.0,16.0,18.0,0,Wednesday,NaN,NaN,0,2,0,1,272,41.27,340,354.14868,50.898872,16.687313,1543,452866,44.77,173.16,2842,221.81,114.22,0,0,110,110,-3,280,0.45,10.0,1.7,0
3,NaN,18.0,18.0,1,Tuesday,NaN,NaN,1,2,2,1,390,48.41,440,473.81204,42.86287,20.689655,1501,603026,55.92,215.14,3002,273.84,154.39,1,0,110,110,-3,280,0.45,10.0,1.7,0
3,18.0,18.0,18.0,1,Tuesday,NaN,USW,1,0,4,0,310,57.42,389,409.1433,23.664362,32.88865,1423,439206,39.69,178.23,2835,189.98,128.28,2,0,110,110,-3,280,0.45,10.0,1.7,0
3,19.0,18.0,19.0,0,Saturday,NaN,USE,0,3,4,0,414,52.4,381,378.8954,30.618729,29.434698,1424,581825,57.39,226.65,2746,271.67,147.19,0,0,110,110,-3,280,0.45,10.0,1.7,0
3,18.0,17.0,18.0,1,Tuesday,NaN,NaN,1,2,1,0,346,54.17,442,464.9496,34.09544,24.338463,1560,540951,66.84,176.89,3180,228.59,140.17,0,2,110,110,-3,280,0.45,10.0,1.7,0
3,18.0,18.0,18.0,0,Monday,NaN,USE,0,2,3,0,242,53.46,371,409.8931,31.753822,33.26411,1488,468477,34.7,165.23,2953,201.57,128.78,0,2,110,110,-3,280,0.45,10.0,1.7,0
3,18.0,18.0,18.0,0,Monday,NaN,USE,0,2,3,0,242,53.46,371,410.0826,31.752481,33.267204,1486,468476,34.77,165.44,2951,201.52,128.62,0,2,110,110,-3,280,0.45,10.0,1.7,0
3,18.0,18.0,18.0,0,Monday,NaN,USE,0,4,2,0,379,57.73,399,404.15063,28.62198,28.173748,1471,484653,41.62,180.4,2794,218.04,133.86,0,0,110,110,-3,280,0.45,10.0,1.7,0
3,18.0,18.0,18.0,1,Monday,NaN,NaN,3,4,4,0,730,53.12,406,414.94174,23.598856,30.138561,1441,463379,28.98,182.24,2647,231.62,111.31,0,1,110,110,-3,280,0.45,10.0,1.7,0
3,18.0,18.0,18.0,0,Monday,NaN,USE,1,2,6,0,469,59.11,369,393.631,27.219555,39.98438,1427,724418,57.9,283.56,3056,332.16,199.53,0,1,110,110,-3,280,0.45,10.0,1.7,0
3,18.0,18.0,18.0,0,Thursday,NaN,USE,0,0,0,0,74,44.88,367,369.7001,47.635025,18.403852,1515,516963,49.55,188.31,2945,272.48,98.81,0,0,110,110,-3,280,0.45,10.0,1.7,0
3,NaN,18.0,18.0,1,Thursday,NaN,USE,1,3,2,1,548,47.82,340,347.52243,36.317276,23.3835,1382,760515,55.6,329.53,2816,329.22,238.0,0,0,110,110,-3,280,0.45,10.0,1.7,0
3,NaN,18.0,18.0,0,Thursday,NaN,USE,0,1,2,1,211,49.48,398,427.75247,37.566456,21.288517,1547,515950,70.78,173.87,3159,197.01,163.62,0,0,110,110,-3,280,0.45,10.0,1.7,0
3,NaN,18.0,18.0,1,Thursday,NaN,USE,1,2,4,1,385,50.2,414,422.61905,32.762215,22.154049,1469,360961,35.95,130.62,2808,165.98,97.65,1,0,110,110,-3,280,0.45,10.0,1.7,0
3,18.0,18.0,18.0,0,Thursday,NaN,USE,0,0,0,0,74,44.88,368,369.902,47.63025,18.401423,1515,516956,49.39,188.65,2938,272.34,98.75,0,0,110,110,-3,280,0.45,10.0,1.7,0
2,NaN,16.0,17.0,1,Wednesday,NaN,NaN,3,3,6,0,713,47.63,436,448.6062,40.06059,21.272894,1502,511677,41.85,171.0,2504,210.78,156.01,0,0,110,110,-3,280,0.45,10.0,1.7,0
2,17.0,16.0,17.0,0,Wednesday,NaN,USE,2,3,4,0,625,54.5,414,436.23654,36.09588,29.70427,1417,570124,39.99,232.5,2608,283.5,146.06,0,0,110,110,-3,280,0.45,10.0,1.7,0
3,18.0,18.0,18.0,1,Wednesday,NaN,USE,0,1,0,0,248,55.7,439,480.16345,33.01065,29.565472,1508,588129,72.44,197.69,3109,256.43,163.4,1,0,110,110,-3,280,0.45,10.0,1.7,0
3,NaN,18.0,18.0,0,Tuesday,NaN,NaN,0,0,2,0,70,50.25,313,368.75223,36.886543,31.543238,1400,348205,24.42,159.53,2923,158.47,105.74,1,0,110,110,-3,280,0.45,10.0,1.7,0
3,18.0,17.0,19.0,0,Sunday,NaN,USE,0,2,3,2,368,51.48,355,363.44006,37.392574,32.601578,1414,463280,36.67,192.36,2639,240.74,110.06,0,0,110,110,-3,280,0.45,10.0,1.7,0
3,18.0,18.0,18.0,0,Sunday,NaN,USE,0,1,1,0,247,54.91,448,470.57452,34.17074,27.926186,1513,382358,41.58,136.1,2764,189.86,82.18,0,0,110,110,-3,280,0.45,10.0,1.7,0
3,18.0,18.0,18.0,0,Tuesday,NaN,NaN,0,1,2,0,212,45.31,431,439.42712,41.50874,19.42271,1495,516562,57.86,181.93,2836,206.16,162.78,1,1,110,110,-3,280,0.45,10.0,1.7,0
3,NaN,18.0,18.0,0,Tuesday,NaN,USE,1,2,5,0,412,48.67,409,417.51712,33.15972,19.298391,1578,552519,61.11,163.62,2662,201.41,166.92,0,0,110,110,-3,280,0.45,10.0,1.7,0
3,18.0,16.0,18.0,1,Tuesday,NaN,NaN,2,3,6,1,688,57.42,413,429.28854,28.547798,31.17595,1465,679282,60.68,251.0,2923,278.86,210.78,0,0,110,110,-3,280,0.45,10.0,1.7,0
3,18.0,17.0,18.0,1,Monday,NaN,USE,2,3,6,1,688,57.42,413,429.3613,28.577337,31.180727,1462,679235,60.53,250.83,2915,279.03,210.55,0,0,110,110,-3,280,0.45,10.0,1.7,0
2,17.0,17.0,17.0,0,Sunday,NaN,USE,1,1,4,0,390,44.21,493,543.24994,44.293503,21.115055,1673,595297,91.5,151.85,2563,240.06,155.3,0,0,110,110,-3,280,0.45,10.0,1.7,0
3,17.0,17.0,17.0,0,Sunday,NaN,USE,2,1,3,0,404,45.4,453,446.01956,47.235355,22.963345,1480,412536,49.58,156.24,2669,203.73,105.9,0,0,110,110,-3,280,0.45,10.0,1.7,0
3,17.0,14.0,18.0,0,Saturday,NaN,USE,0,2,1,1,287,51.52,488,518.579,30.386934,26.879505,1593,519039,81.24,135.93,3049,198.02,147.59,0,0,110,110,-3,280,0.45,10.0,1.7,0
3,17.0,14.0,18.0,0,Saturday,NaN,NaN,0,2,1,1,287,51.52,488,518.626,30.419304,26.920702,1591,519029,81.29,135.98,3049,198.03,147.59,0,0,110,110,-3,280,0.45,10.0,1.7,0
3,NaN,NaN,NaN,1,Friday,NaN,NaN,2,0,3,1,354,49.93,459,468.5626,40.6069,20.33453,1545,506354,77.1,165.73,3091,234.72,123.6,1,0,110,110,-3,280,0.45,10.0,1.7,0
3,17.0,17.0,17.0,1,Friday,NaN,NaN,2,0,3,1,354,49.93,459,468.18533,40.567932,20.354534,1547,506325,77.19,166.1,3099,235.28,123.44,1,0,110,110,-3,280,0.45,10.0,1.7,0
3,NaN,18.0,18.0,0,Wednesday,NaN,USE,0,1,0,0,134,46.08,327,353.18936,41.328304,20.605183,1377,395224,19.32,185.6,3020,210.7,93.55,0,2,110,110,-3,280,0.45,10.0,1.7,0
3,17.0,17.0,17.0,1,Thursday,NaN,NaN,0,1,4,0,242,54.37,453,499.5246,31.636827,29.469286,1427,468117,45.08,181.0,2612,214.76,136.52,3,1,110,110,-3,280,0.45,10.0,1.7,0
3,17.0,17.0,17.0,1,Thursday,NaN,NaN,2,0,4,1,422,42.98,425,421.50507,50.185528,19.12899,1527,595056,72.49,209.4,3046,255.66,165.36,1,0,110,110,-3,280,0.45,10.0,1.7,0
3,17.0,17.0,17.0,1,Thursday,NaN,USE,2,0,4,1,422,42.98,425,424.0095,50.119602,19.15792,1524,589634,70.3,209.63,3044,254.68,163.99,1,0,110,110,-3,280,0.45,10.0,1.7,0
3,NaN,17.0,17.0,0,Thursday,NaN,USE,0,1,0,0,112,50.24,417,446.65762,35.873886,27.302986,1460,458092,45.39,160.78,3083,224.27,101.88,0,0,110,110,-3,280,0.45,10.0,1.7,0
3,18.0,18.0,18.0,0,Wednesday,NaN,NaN,0,0,1,0,82,49.42,523,570.9655,35.27001,21.860487,1700,357074,55.29,74.86,3083,140.04,81.54,2,1,110,110,-3,280,0.45,10.0,1.7,0
3,18.0,18.0,18.0,0,Wednesday,NaN,USE,0,1,4,0,152,47.26,427,415.40665,37.16203,20.785435,1431,435754,46.95,168.03,2804,198.96,118.05,0,1,110,110,-3,280,0.45,10.0,1.7,0
3,18.0,17.0,18.0,0,Tuesday,NaN,USE,0,1,1,0,147,48.23,459,433.91916,40.998886,17.694538,1560,338347,40.96,103.83,3300,151.83,81.51,0,2,110,110,-3,280,0.45,10.0,1.7,0
3,18.0,18.0,18.0,1,Saturday,NaN,USE,1,0,1,0,188,51.11,344,342.6865,29.884544,29.779587,1295,401960,30.23,213.44,2856,211.84,114.8,3,3,110,110,-3,280,0.45,10.0,1.7,0
3,18.0,18.0,18.0,1,Saturday,NaN,USE,1,0,1,0,188,50.91,344,342.8358,29.917902,29.800165,1298,402141,30.34,213.33,2859,211.69,114.92,3,3,110,110,-3,280,0.45,10.0,1.7,0
3,18.0,15.0,18.0,1,Saturday,NaN,NaN,2,0,3,0,394,54.7,384,405.14252,30.835226,28.502937,1532,404124,50.54,130.35,2490,172.15,108.02,1,0,110,110,-3,280,0.45,10.0,1.7,0
3,18.0,15.0,18.0,0,Monday,NaN,NaN,2,1,3,0,456,53.57,526,522.0621,30.615993,24.911041,1631,540257,87.13,141.1,3115,231.82,119.14,0,1,110,110,-3,280,0.45,10.0,1.7,0
3,18.0,18.0,18.0,0,Monday,NaN,USE,1,2,5,0,416,49.68,430,427.4396,38.818066,24.771587,1565,717435,92.75,202.17,2955,285.36,192.0,1,0,110,110,-3,280,0.45,10.0,1.7,0
3,18.0,18.0,18.0,0,Monday,NaN,USE,1,2,5,0,416,49.68,430,426.97208,38.841286,24.769695,1566,717447,92.39,202.75,2958,285.64,192.23,1,0,110,110,-3,280,0.45,10.0,1.7,0
3,18.0,16.0,18.0,1,Tuesday,NaN,USE,3,0,6,0,495,50.17,391,388.22037,37.639793,25.736814,1444,465720,43.11,183.58,3515,236.88,108.25,0,1,110,110,-3,280,0.45,10.0,1.7,0
3,18.0,18.0,19.0,0,Wednesday,NaN,USE,0,2,1,0,198,54.17,360,403.96222,33.45892,27.168247,1454,364923,39.35,143.04,2538,205.54,64.48,0,0,110,110,-3,280,0.45,10.0,1.7,0
3,NaN,17.0,18.0,1,Wednesday,NaN,NaN,1,1,3,0,272,48.16,340,326.87192,39.354248,23.419708,1381,430675,42.65,181.45,2893,206.23,115.28,0,0,110,110,-3,280,0.45,10.0,1.7,0
3,NaN,18.0,18.0,1,Wednesday,NaN,NaN,1,1,3,0,272,48.38,340,326.9962,39.38019,23.40925,1379,430544,42.63,181.24,2899,205.99,115.42,0,0,110,110,-3,280,0.45,10.0,1.7,0
3,18.0,18.0,19.0,1,Wednesday,NaN,NaN,2,2,2,1,517,40.92,341,323.1441,39.576515,27.843895,1460,293108,20.71,109.58,3054,141.01,70.94,1,1,110,110,-3,280,0.45,10.0,1.7,0
3,18.0,18.0,18.0,1,Tuesday,NaN,USE,1,0,1,1,290,54.15,383,415.75006,35.115753,29.510237,1459,462017,50.83,183.11,3083,221.72,114.49,1,1,110,110,-3,280,0.45,10.0,1.7,0
3,18.0,16.0,18.0,1,Tuesday,NaN,USE,3,0,6,0,495,50.17,391,388.22037,37.639793,25.736814,1444,465720,43.11,183.58,3515,236.88,108.25,0,1,110,110,-3,280,0.45,10.0,1.7,0
3,18.0,17.0,18.0,1,Tuesday,NaN,NaN,3,0,6,0,495,50.17,390,388.0561,37.691364,25.731749,1443,465716,43.22,183.65,3510,237.22,108.02,0,1,110,110,-3,280,0.45,10.0,1.7,0
3,18.0,17.0,18.0,0,Saturday,NaN,NaN,1,2,3,1,436,54.43,422,445.0,37.063522,29.085548,1561,566516,64.64,179.24,3117,264.73,132.84,1,0,110,110,-3,280,0.45,10.0,1.7,0
3,18.0,18.0,18.0,1,Sunday,NaN,USE,1,2,1,1,369,46.55,363,357.77234,35.809376,17.471874,1361,428531,35.3,191.41,2905,248.84,76.88,1,1,110,110,-3,280,0.45,10.0,1.7,0
3,18.0,18.0,18.0,1,Thursday,NaN,USE,2,1,3,1,485,53.25,375,398.39563,29.85055,29.252743,1459,422416,34.37,163.16,2833,196.0,109.3,0,1,110,110,-3,280,0.45,10.0,1.7,0
3,17.0,16.0,18.0,1,Sunday,NaN,USE,0,2,0,0,174,51.51,363,380.89612,29.036777,26.267097,1460,502064,52.88,190.53,2639,233.65,124.77,1,1,110,110,-3,280,0.45,10.0,1.7,0
3,17.0,16.0,18.0,1,Sunday,NaN,USE,1,0,4,1,342,55.42,381,403.2466,26.136139,28.831047,1459,563457,45.66,220.35,2846,234.69,182.83,1,0,110,110,-3,280,0.45,10.0,1.7,0
3,16.0,16.0,16.0,1,Saturday,NaN,NaN,1,2,4,1,386,55.03,391,409.60098,28.608963,26.456722,1399,350534,28.23,155.53,2835,197.02,71.14,0,0,110,110,-3,280,0.45,10.0,1.7,0
3,16.0,16.0,16.0,1,Saturday,NaN,NaN,1,2,4,1,386,54.76,395,409.74472,28.846672,26.411312,1401,350900,28.31,155.71,2829,196.92,71.37,0,0,110,110,-3,280,0.45,10.0,1.7,0
3,NaN,15.0,16.0,0,Thursday,NaN,USE,1,1,3,0,292,49.68,281,325.4503,32.49368,26.686007,1476,484552,30.67,199.75,3106,229.55,122.01,0,1,110,110,-3,280,0.45,10.0,1.7,0
3,NaN,15.0,16.0,1,Thursday,NaN,NaN,0,1,2,1,289,47.62,337,360.28882,30.716837,25.58871,1375,435183,24.62,197.32,2832,212.28,116.37,0,0,110,110,-3,280,0.45,10.0,1.7,0
3,NaN,15.0,16.0,1,Thursday,NaN,NaN,0,0,0,1,116,56.53,335,418.35834,21.471354,38.4436,1456,301691,20.89,129.09,3137,158.14,74.39,0,1,110,110,-3,280,0.45,10.0,1.7,0
3,16.0,14.0,16.0,1,Thursday,NaN,NaN,2,1,2,0,419,41.23,310,307.11102,42.180367,16.357164,1375,453749,19.73,200.7,2900,247.29,105.8,0,1,110,110,-3,280,0.45,10.0,1.7,0
3,NaN,12.0,16.0,1,Thursday,NaN,NaN,2,1,2,0,419,41.23,310,306.99323,42.2097,16.342875,1373,453758,19.76,200.79,2915,247.2,105.93,0,1,110,110,-3,280,0.45,10.0,1.7,0
3,NaN,15.0,16.0,0,Thursday,NaN,USE,2,3,3,0,562,47.89,371,395.25583,36.922955,24.908274,1389,500103,32.58,227.33,2703,261.75,120.7,0,2,110,110,-3,280,0.45,10.0,1.7,0
3,NaN,15.0,16.0,0,Thursday,NaN,USE,0,1,1,0,106,58.13,358,402.2464,19.696371,35.370663,1506,371825,39.43,124.96,3023,163.62,98.13,0,2,110,110,-3,280,0.45,10.0,1.7,0
3,16.0,15.0,16.0,1,Thursday,NaN,NaN,0,3,0,1,301,55.25,373,388.22446,28.649824,37.137432,1417,454120,37.14,192.07,2724,239.12,97.01,0,0,110,110,-3,280,0.45,10.0,1.7,0
3,17.0,16.0,17.0,0,Wednesday,NaN,NaN,2,1,1,1,476,54.64,337,384.16336,30.372566,30.321762,1381,464733,30.32,214.57,2869,251.61,112.35,1,0,110,110,-3,280,0.45,10.0,1.7,0
2,NaN,17.0,17.0,0,Tuesday,NaN,NaN,1,2,3,0,367,51.53,454,493.9551,33.842667,23.110899,1515,359931,41.75,118.45,2491,173.84,86.7,1,0,110,110,-3,280,0.45,10.0,1.7,0
2,NaN,17.0,17.0,1,Tuesday,NaN,USE,2,1,5,3,714,50.05,434,485.76755,28.880077,22.119513,1481,500763,47.11,202.24,2492,241.58,132.66,2,2,110,110,-3,280,0.45,10.0,1.7,0
2,NaN,16.0,17.0,1,Tuesday,NaN,USE,2,2,6,1,588,52.07,462,457.45355,41.35964,24.49275,1517,377271,40.57,120.55,2274,120.96,139.82,0,0,110,110,-3,280,0.45,10.0,1.7,0
2,NaN,17.0,17.0,1,Tuesday,NaN,USW,5,1,9,1,865,50.51,340,363.7891,38.467514,31.993181,1425,523677,38.3,240.98,2738,255.52,163.07,0,0,110,110,-3,280,0.45,10.0,1.7,0
2,NaN,15.0,17.0,1,Tuesday,NaN,USW,3,1,5,0,536,54.3,430,459.76596,27.770142,29.685627,1570,343751,39.48,105.12,2138,108.49,121.69,0,0,110,110,-3,280,0.45,10.0,1.7,0
2,16.0,16.0,17.0,0,Tuesday,NaN,USE,3,2,8,0,612,51.49,413,467.60916,31.202621,26.976347,1553,505590,56.29,163.24,2695,203.55,151.78,0,1,110,110,-3,280,0.45,10.0,1.7,0
2,NaN,17.0,17.0,0,Tuesday,NaN,USW,3,3,5,0,785,53.49,375,431.67743,35.15816,28.123074,1494,555230,48.2,209.85,2761,245.68,163.11,1,0,110,110,-3,280,0.45,10.0,1.7,0
3,NaN,15.0,17.0,1,Tuesday,NaN,USE,0,0,3,1,230,52.22,373,395.20398,31.743967,25.262571,1460,459204,38.88,172.15,2793,169.98,159.87,0,1,110,110,-3,280,0.45,10.0,1.7,0
2,NaN,17.0,17.0,1,Tuesday,NaN,USE,4,0,6,1,799,48.49,370,393.16238,32.010014,27.33538,1420,520809,42.67,235.13,2175,214.96,199.51,0,0,110,110,-3,280,0.45,10.0,1.7,0
2,NaN,17.0,17.0,0,Tuesday,NaN,USE,0,1,0,2,270,56.25,414,462.32187,30.27433,29.131035,1476,453459,33.63,162.73,2533,225.95,103.69,2,0,110,110,-3,280,0.45,10.0,1.7,0
2,NaN,15.0,17.0,1,Tuesday,NaN,NaN,2,2,6,0,701,51.32,442,462.39352,29.062468,27.832664,1488,563952,56.85,196.69,2621,219.5,174.73,2,2,110,110,-3,280,0.45,10.0,1.7,0
2,NaN,16.0,17.0,1,Tuesday,NaN,USW,0,3,5,2,503,55.07,444,454.24146,27.918238,24.193888,1495,546955,56.02,186.02,2481,241.85,145.66,1,1,110,110,-3,280,0.45,10.0,1.7,0
2,NaN,17.0,17.0,0,Tuesday,NaN,USE,1,3,3,1,621,45.53,471,483.98178,42.222275,17.401047,1513,579688,59.14,202.97,2508,235.0,178.15,2,1,110,110,-3,280,0.45,10.0,1.7,0
3,NaN,15.0,16.0,1,Tuesday,NaN,USE,0,1,2,0,194,48.29,368,375.744,40.072365,24.621214,1484,499582,35.69,177.47,2580,215.84,144.36,0,1,110,110,-3,280,0.45,10.0,1.7,0
2,NaN,17.0,17.0,1,Tuesday,NaN,USE,4,2,8,0,837,56.19,421,474.35342,24.992916,26.28066,1609,469635,46.19,138.71,2848,168.19,153.43,0,1,110,110,-3,280,0.45,10.0,1.7,0
2,NaN,15.0,17.0,1,Tuesday,NaN,USE,3,2,5,2,836,50.8,463,481.1425,33.415813,31.283432,1516,399411,36.63,139.23,2646,161.81,123.37,0,1,110,110,-3,280,0.45,10.0,1.7,0
2,NaN,15.0,17.0,1,Tuesday,NaN,USW,5,1,6,2,909,50.85,426,478.8967,31.361425,28.232342,1480,526894,49.75,202.58,2716,242.47,156.83,2,2,110,110,-3,280,0.45,10.0,1.7,0
3,17.0,15.0,17.0,0,Tuesday,NaN,USE,0,1,1,0,194,55.33,386,393.27505,34.052834,25.361605,1414,437846,28.14,176.02,2443,174.25,142.72,2,0,110,110,-3,280,0.45,10.0,1.7,0
3,17.0,17.0,17.0,1,Friday,NaN,NaN,1,0,3,1,260,47.29,357,372.32578,42.557728,21.115215,1434,466472,40.76,186.95,3131,221.1,126.51,1,1,110,110,-3,280,0.45,10.0,1.7,0
3,17.0,17.0,17.0,0,Tuesday,NaN,NaN,0,1,1,0,172,53.04,380,394.15634,22.904636,34.61075,1417,438287,40.16,176.52,2647,175.47,142.01,0,0,110,110,-3,280,0.45,10.0,1.7,0
3,17.0,1.0,17.0,1,Friday,NaN,NaN,0,1,3,1,328,44.64,421,433.58237,46.282337,22.959293,1647,677222,100.41,153.61,2978,255.84,171.58,1,2,110,110,-3,280,0.45,10.0,1.7,0
3,NaN,NaN,NaN,1,Sunday,NaN,USE,2,0,2,0,308,50.62,376,375.10086,33.727043,21.065126,1336,438212,31.16,208.99,3117,245.86,106.19,1,0,90,150,-1,400,0.4,10.0,1.7,0
3,NaN,NaN,NaN,0,Tuesday,NaN,USW,0,1,3,0,218,58.01,408,420.00568,17.883461,36.153942,1448,451715,40.3,167.67,2915,205.06,118.29,1,1,90,150,-1,350,0.4,10.0,1.7,0
3,NaN,NaN,NaN,0,Monday,NaN,USE,0,4,2,0,349,48.27,346,361.70013,38.713497,24.573814,1454,453010,43.15,166.84,2969,220.2,103.75,1,1,90,150,-1,350,0.4,10.0,1.7,0
3,NaN,NaN,NaN,0,Tuesday,NaN,NaN,1,3,2,1,551,52.22,386,407.87408,32.23582,27.457304,1552,737819,93.76,232.91,3234,319.58,178.93,0,1,90,150,-1,350,0.4,10.0,1.7,0
3,NaN,NaN,NaN,0,Friday,NaN,USE,0,1,2,0,224,54.74,459,472.77325,29.498093,33.778793,1557,499775,48.28,141.46,2897,194.65,138.16,1,0,90,150,-1,350,0.4,10.0,1.7,0
3,NaN,NaN,NaN,1,Thursday,NaN,USE,0,0,2,1,212,50.07,292,294.32977,34.577404,21.221848,1300,411366,26.32,215.85,2788,230.42,102.82,0,0,90,150,-1,350,0.4,10.0,1.7,0
3,NaN,NaN,NaN,1,Monday,NaN,USE,1,0,4,0,234,51.6,322,336.45895,26.215614,20.061129,1305,273837,15.35,151.47,3144,111.28,110.94,0,1,90,150,-1,350,0.4,10.0,1.7,0
3,NaN,NaN,NaN,1,Monday,NaN,USE,1,0,4,0,234,51.6,322,336.39682,26.2015,20.052784,1308,273839,15.3,151.69,3141,111.31,110.91,0,1,90,150,-1,350,0.4,10.0,1.7,0
3,NaN,NaN,NaN,1,Monday,NaN,NaN,1,0,2,0,260,45.78,304,291.78934,37.945236,19.012838,1328,411985,21.04,205.65,2846,224.57,94.72,0,3,90,150,-1,350,0.4,10.0,1.7,0
3,NaN,NaN,NaN,0,Saturday,NaN,USE,0,1,1,0,188,48.72,249,261.96832,31.740314,26.724064,1334,442188,27.27,215.49,2856,248.7,100.15,0,0,90,150,-1,350,0.4,10.0,1.7,0
3,NaN,NaN,NaN,0,Sunday,NaN,USE,2,0,3,2,422,45.44,390,370.4069,31.870249,20.627274,1511,523754,53.85,190.96,2958,250.69,138.12,0,2,100,150,-1,290,0.4,10.0,1.7,0
3,NaN,NaN,NaN,1,Tuesday,NaN,NaN,2,2,4,0,450,55.94,374,378.16727,27.94164,29.362722,1383,430308,39.39,178.84,2812,204.66,116.18,1,0,100,150,-1,290,0.4,10.0,1.7,0
3,NaN,NaN,NaN,0,Thursday,NaN,USE,0,0,1,1,84,41.42,369,341.44247,49.200546,15.40301,1397,286369,22.72,129.11,2893,143.48,80.74,1,0,100,150,-1,290,0.4,10.0,1.7,0
3,NaN,NaN,NaN,1,Thursday,NaN,USE,1,1,2,1,385,49.05,325,333.4121,28.990824,20.864008,1303,431785,24.8,221.5,3097,239.68,116.27,1,0,100,150,-1,290,0.4,10.0,1.7,0
3,NaN,NaN,NaN,0,Thursday,NaN,USE,0,1,0,0,88,58.87,452,517.2752,31.29508,32.24244,1639,144278,26.98,45.05,3471,77.01,26.4,0,0,100,150,-1,290,0.4,10.0,1.7,0
3,NaN,NaN,NaN,1,Saturday,NaN,NaN,0,0,0,3,271,51.94,349,335.65973,30.378883,24.187077,1387,361527,20.79,171.04,2939,160.47,127.6,0,1,100,150,-1,290,0.4,10.0,1.7,0
3,NaN,NaN,NaN,0,Friday,NaN,USE,1,1,1,0,220,51.03,243,271.3212,21.203154,36.555656,1194,373471,14.91,242.23,3005,282.33,48.08,0,1,110,150,-1,290,0.4,10.0,1.7,0
3,NaN,NaN,NaN,0,Tuesday,NaN,NaN,0,1,1,0,168,48.89,348,355.5651,43.430786,21.659746,1412,453607,42.82,185.22,2524,167.58,169.49,0,0,110,150,-1,290,0.4,10.0,1.7,0
3,NaN,NaN,NaN,0,Tuesday,NaN,NaN,0,1,3,0,251,43.53,296,281.5992,35.46688,23.593544,1285,413071,26.56,214.72,2749,212.85,120.86,0,0,110,150,-1,290,0.4,10.0,1.7,0
3,NaN,NaN,NaN,0,Tuesday,NaN,USE,0,1,1,1,244,52.43,314,293.6763,32.448483,27.075329,1346,442747,22.13,217.64,2824,254.48,98.75,0,0,110,150,-1,290,0.4,10.0,1.7,0
3,NaN,NaN,NaN,1,Monday,NaN,NaN,3,0,4,0,535,55.0,350,378.20056,35.1735,28.58163,1460,477658,51.72,182.24,3427,215.87,130.19,1,2,110,150,-1,290,0.4,10.0,1.7,0
3,NaN,NaN,NaN,0,Saturday,NaN,USE,1,2,2,0,288,52.98,351,349.44366,31.675867,25.726427,1414,385322,37.41,163.6,3231,219.7,74.01,0,2,110,150,-1,290,0.4,10.0,1.7,0
3,NaN,NaN,NaN,0,Saturday,NaN,NaN,0,0,2,0,178,46.79,334,352.9412,36.01181,19.412495,1355,327798,23.01,155.11,2643,182.73,76.11,0,0,110,150,-1,290,0.4,10.0,1.7,0
3,NaN,NaN,NaN,0,Saturday,NaN,USE,0,0,1,0,72,51.77,360,365.60776,27.524883,27.655956,1391,385031,31.6,168.74,2708,159.66,134.62,0,2,110,150,-1,290,0.4,10.0,1.7,0
3,NaN,NaN,NaN,0,Thursday,NaN,USE,1,2,3,0,354,42.6,387,374.31467,48.52456,15.808284,1505,473522,57.45,165.15,2689,186.34,145.0,0,1,110,150,-1,290,0.4,10.0,1.7,0
3,NaN,NaN,NaN,1,Thursday,NaN,USE,0,2,2,0,263,42.89,378,376.1885,41.36298,18.748337,1401,448550,47.98,202.11,3109,271.24,75.16,0,1,110,150,-1,290,0.4,10.0,1.7,0
3,NaN,NaN,NaN,1,Thursday,NaN,USE,3,0,4,0,417,58.35,401,435.27914,24.006227,32.788403,1534,289057,29.1,103.6,3264,140.89,73.67,0,0,110,150,-1,290,0.4,10.0,1.7,0
3,NaN,NaN,NaN,0,Wednesday,NaN,USE,0,0,0,0,94,49.17,386,383.60593,27.934206,23.370058,1472,456282,54.81,164.14,2603,171.4,155.74,0,0,110,150,-1,290,0.4,10.0,1.7,0
3,NaN,NaN,NaN,0,Sunday,NaN,NaN,1,3,1,0,367,51.25,457,523.3544,40.35329,28.497253,1575,283275,32.45,85.79,2780,139.2,59.58,1,0,110,150,-1,290,0.4,10.0,1.7,0
3,NaN,NaN,NaN,0,Sunday,NaN,NaN,1,3,1,0,367,51.05,460,524.0374,41.042107,27.249184,1574,282483,32.29,85.61,2767,138.92,59.39,1,0,110,150,-1,290,0.4,10.0,1.7,0
3,NaN,NaN,NaN,1,Friday,NaN,NaN,0,2,3,1,332,54.23,284,301.95502,20.04852,24.900293,1320,641925,36.3,322.67,2993,336.45,178.23,1,3,110,150,-1,290,0.4,10.0,1.7,0
3,NaN,NaN,NaN,1,Friday,NaN,USE,1,0,3,1,278,51.66,338,350.8972,23.777437,33.372856,1362,441480,30.31,210.18,3100,186.96,160.85,0,0,110,150,-1,290,0.4,10.0,1.7,0
3,NaN,NaN,NaN,0,Tuesday,NaN,NaN,1,2,2,0,346,47.12,382,372.0022,36.57175,16.85917,1479,477392,49.64,173.89,2752,260.07,82.03,1,0,110,150,-1,290,0.4,10.0,1.7,0
3,NaN,NaN,NaN,0,Tuesday,NaN,USE,0,1,1,2,254,52.44,348,374.22522,29.261719,30.716833,1386,453254,37.99,205.75,2974,221.49,130.01,0,0,110,150,-1,290,0.4,10.0,1.7,0
3,NaN,NaN,NaN,1,Thursday,NaN,USE,0,0,2,1,198,44.71,385,374.44357,38.733784,16.863626,1417,469018,36.44,189.69,2950,216.27,129.43,1,1,110,150,-1,290,0.4,10.0,1.7,0
3,NaN,NaN,NaN,0,Tuesday,NaN,USE,0,1,1,0,220,52.47,363,365.29416,35.568596,22.47803,1422,432658,41.1,161.98,2774,196.83,115.48,0,2,110,150,-1,290,0.4,10.0,1.7,0
3,NaN,NaN,NaN,1,Tuesday,NaN,NaN,1,2,2,0,386,58.62,415,425.4172,22.038969,28.949863,1573,206662,33.88,63.81,3144,90.54,49.38,0,1,110,150,-1,290,0.4,10.0,1.7,0
3,NaN,NaN,NaN,0,Tuesday,NaN,NaN,0,1,0,0,66,50.1,305,358.79605,34.797115,22.424927,1401,241172,19.21,110.14,3196,133.01,54.08,1,0,110,150,-1,290,0.4,10.0,1.7,0
3,NaN,NaN,NaN,1,Tuesday,NaN,USE,2,2,4,0,492,43.71,389,368.42883,38.500015,25.95484,1450,482259,65.45,188.22,3185,225.51,130.31,0,0,110,150,-1,290,0.4,10.0,1.7,0
3,NaN,NaN,NaN,1,Saturday,NaN,USE,1,2,1,0,266,51.02,387,424.26578,31.790922,24.400282,1384,450539,45.69,201.26,3333,256.01,95.47,1,1,110,150,-1,290,0.4,10.0,1.7,0
3,NaN,NaN,NaN,0,Saturday,NaN,NaN,2,1,5,0,408,48.59,458,481.26044,35.387714,24.551865,1547,511066,81.22,162.26,3016,224.83,127.59,1,0,110,150,-1,290,0.4,10.0,1.7,0
3,NaN,NaN,NaN,1,Saturday,NaN,NaN,0,0,1,0,104,48.68,433,371.67816,31.045397,16.727821,1358,391097,46.85,198.62,3428,246.79,92.32,0,1,110,150,-1,290,0.4,10.0,1.7,0
3,NaN,NaN,NaN,1,Friday,NaN,NaN,1,0,4,0,242,47.93,379,398.8944,33.857082,24.482912,1424,462371,52.71,197.33,3267,218.58,129.21,0,2,110,150,-1,290,0.4,10.0,1.7,0
3,NaN,NaN,NaN,1,Thursday,NaN,USW,2,1,2,1,392,49.09,392,391.68576,37.517216,27.758226,1439,354712,28.35,148.24,3052,139.68,127.87,1,0,110,150,-1,290,0.4,10.0,1.7,0
3,NaN,NaN,NaN,0,Thursday,NaN,USE,0,0,2,0,148,52.59,353,368.5668,26.608866,32.346313,1468,459138,34.98,166.08,2923,178.59,141.38,0,0,110,150,-1,290,0.4,10.0,1.7,0
3,NaN,NaN,NaN,0,Wednesday,NaN,USW,0,1,1,0,110,56.21,470,509.65253,29.421017,40.062916,1660,267364,44.92,67.05,3062,118.01,50.98,0,0,110,150,-1,290,0.4,10.0,1.7,0
3,NaN,NaN,NaN,1,Wednesday,NaN,NaN,1,0,3,0,286,46.62,392,407.4242,34.599785,26.838356,1420,586653,67.21,239.28,2941,236.61,191.62,0,1,110,150,-1,290,0.4,10.0,1.7,0
3,NaN,NaN,NaN,1,Thursday,NaN,USE,2,2,2,0,444,47.75,298,300.28754,36.60085,23.285067,1409,460180,36.78,199.45,3131,231.75,119.5,0,0,110,120,-7,400,0.5,6.5,1.6,0
3,NaN,NaN,NaN,1,Tuesday,NaN,USE,0,1,2,2,289,49.78,434,458.46387,36.05442,30.403389,1522,489470,50.67,165.8,3046,186.32,150.99,0,1,110,150,-1,290,0.4,10.0,1.7,0
3,NaN,NaN,NaN,0,Thursday,NaN,USE,0,1,0,0,179,44.77,496,500.0664,43.49401,16.869171,1739,379481,71.78,75.05,3058,158.88,70.85,0,1,110,150,-1,290,0.4,10.0,1.7,0
3,NaN,NaN,NaN,0,Thursday,NaN,USE,0,1,1,0,155,55.55,442,475.22653,38.485153,23.97216,1643,364764,63.49,103.68,2900,162.7,78.1,0,0,110,150,-1,290,0.4,10.0,1.7,0
3,NaN,NaN,NaN,0,Sunday,NaN,NaN,1,2,2,2,452,43.19,408,411.99176,44.46398,18.495522,1550,524383,55.96,183.43,2916,258.57,116.47,0,1,110,150,-1,290,0.4,10.0,1.7,0
3,NaN,NaN,NaN,1,Saturday,NaN,USE,1,1,2,1,384,47.83,387,392.44983,37.543617,23.280752,1452,388046,48.06,155.61,2783,197.44,88.55,1,1,110,150,-1,290,0.4,10.0,1.7,0
3,NaN,NaN,NaN,0,Wednesday,NaN,NaN,1,1,3,0,391,59.25,377,397.0948,24.445036,34.26513,1380,545113,62.39,248.91,3123,251.1,168.32,0,1,110,150,-1,290,0.4,10.0,1.7,0
3,NaN,NaN,NaN,0,Wednesday,NaN,NaN,0,1,1,0,260,49.29,342,357.32663,38.021404,19.001858,1467,485520,54.25,189.31,2662,250.51,103.16,0,2,110,150,-1,290,0.4,10.0,1.7,0
3,NaN,NaN,NaN,0,Sunday,NaN,USE,0,0,2,0,130,56.41,250,265.90283,21.59727,26.017748,1292,458901,23.3,247.37,3034,248.14,124.26,0,3,110,150,-1,290,0.4,10.0,1.7,0
3,NaN,NaN,NaN,0,Saturday,NaN,USE,1,2,2,0,298,43.29,403,393.85233,42.372837,25.659122,1469,497938,68.7,199.69,3170,259.21,106.18,0,0,110,150,-1,290,0.4,10.0,1.7,0
3,NaN,NaN,NaN,1,Saturday,NaN,USE,1,2,1,0,294,61.07,346,366.3586,16.996605,33.161533,1368,448814,46.08,216.13,3005,240.2,107.57,0,0,110,150,-1,290,0.4,10.0,1.7,0
3,NaN,NaN,NaN,0,Saturday,NaN,USE,0,1,2,0,234,51.22,347,366.88065,31.72967,28.943378,1509,472633,50.85,162.01,2721,177.37,147.6,1,0,110,150,-1,290,0.4,10.0,1.7,0
3,NaN,NaN,NaN,1,Saturday,NaN,NaN,1,0,2,1,226,49.66,283,277.30902,29.902498,23.301165,1370,522233,25.67,243.45,2925,247.06,162.02,0,1,110,150,-1,290,0.4,10.0,1.7,0
3,NaN,NaN,NaN,0,Saturday,NaN,NaN,1,1,3,1,324,47.13,379,399.2945,40.552315,23.11128,1461,513126,41.56,198.58,2888,263.17,117.24,0,0,110,150,-1,290,0.4,10.0,1.7,0
3,NaN,NaN,NaN,0,Thursday,NaN,NaN,1,1,3,0,282,52.93,377,368.8066,36.63277,25.985147,1463,427479,56.4,168.56,3218,206.12,108.76,0,1,110,150,-1,290,0.4,10.0,1.7,0
3,NaN,NaN,NaN,0,Wednesday,NaN,USW,0,0,0,0,44,46.01,383,478.96866,40.477463,27.56464,1509,176110,24.58,74.43,3207,100.59,35.1,0,0,110,150,-1,290,0.4,10.0,1.7,0
3,NaN,NaN,NaN,0,Wednesday,NaN,NaN,0,1,1,0,146,54.16,374,377.23438,30.115501,29.303951,1523,481132,67.21,161.47,3127,206.35,127.42,0,0,110,150,-1,290,0.4,10.0,1.7,0
3,NaN,NaN,NaN,0,Sunday,NaN,USW,1,1,1,0,228,47.22,257,249.84958,39.47844,23.917387,1284,400404,22.51,218.62,2858,193.31,131.33,0,1,110,150,-1,290,0.4,10.0,1.7,0
3,NaN,NaN,NaN,0,Sunday,NaN,NaN,1,1,2,0,310,44.93,369,383.64978,35.901806,21.880503,1430,487219,54.82,206.73,2665,249.18,119.45,2,1,110,150,-1,290,0.4,10.0,1.7,0
3,NaN,NaN,NaN,0,Sunday,NaN,NaN,0,3,4,1,384,50.1,327,331.8753,32.224754,26.770658,1359,470453,34.58,222.59,3007,248.45,122.59,1,3,110,150,-1,290,0.4,10.0,1.7,0
3,NaN,NaN,NaN,1,Friday,NaN,NaN,0,2,3,1,296,51.21,391,405.47495,29.155485,31.552446,1431,444774,45.07,195.35,2971,223.74,117.05,0,2,110,150,-1,290,0.4,10.0,1.7,0
3,NaN,NaN,NaN,1,Friday,NaN,NaN,1,2,2,0,411,53.1,444,463.06427,27.499924,24.16976,1630,515599,96.41,144.41,3260,222.61,115.64,1,2,110,150,-1,290,0.4,10.0,1.7,0
3,NaN,NaN,NaN,1,Thursday,NaN,USE,0,2,3,1,290,45.96,369,367.81747,40.267216,12.603387,1439,460126,58.45,180.51,3231,225.06,113.51,2,2,110,150,-1,290,0.4,10.0,1.7,0
3,NaN,NaN,NaN,1,Wednesday,NaN,NaN,1,2,3,1,429,40.33,352,371.85193,47.920994,19.94515,1431,490034,51.45,208.17,3319,256.63,118.28,0,2,90,120,-6,400,0.5,6.5,1.6,0
3,NaN,NaN,NaN,0,Wednesday,NaN,USE,1,0,1,0,158,56.84,381,423.17264,30.241415,28.653543,1478,379342,56.55,151.69,3415,173.49,108.95,1,1,110,150,-1,290,0.4,10.0,1.7,0
3,NaN,NaN,NaN,0,Sunday,NaN,NaN,0,0,0,0,48,48.74,288,239.5469,36.643047,33.10992,1303,141233,9.69,89.29,2934,104.1,30.84,0,2,110,150,-1,290,0.4,10.0,1.7,0
3,NaN,NaN,NaN,1,Sunday,NaN,USW,3,0,3,0,463,54.36,313,381.54825,19.32259,31.843702,1435,286001,18.62,130.07,3444,136.62,91.86,0,1,110,150,-1,290,0.4,10.0,1.7,0
3,NaN,NaN,NaN,1,Friday,NaN,NaN,1,1,1,0,336,53.39,353,371.41214,34.699585,23.693502,1450,517358,50.13,197.78,3326,224.49,148.88,1,1,110,150,-1,290,0.4,10.0,1.7,0
3,NaN,NaN,NaN,1,Saturday,NaN,NaN,3,2,4,1,619,54.5,410,439.4076,29.890345,38.99052,1567,536699,65.95,171.53,3269,224.17,149.25,0,1,110,150,-1,290,0.4,10.0,1.7,0
3,NaN,NaN,NaN,0,Tuesday,NaN,NaN,0,2,0,0,136,67.78,312,354.91904,8.036405,52.48944,1298,199903,16.62,119.1,3296,141.39,28.01,0,0,110,150,-1,290,0.4,10.0,1.7,0
3,NaN,NaN,NaN,0,Tuesday,NaN,USE,0,3,1,0,415,51.05,406,414.80002,31.781696,28.807325,1462,680261,80.11,249.83,2945,278.37,203.8,3,0,110,150,-1,290,0.4,10.0,1.7,0
3,NaN,NaN,NaN,1,Monday,NaN,NaN,1,0,1,1,260,57.67,291,318.2182,22.576513,31.301346,1324,445207,31.32,233.92,3436,236.4,133.62,0,1,110,150,-1,290,0.4,10.0,1.7,0
3,NaN,NaN,NaN,1,Sunday,NaN,NaN,2,0,3,0,280,48.13,341,367.69543,40.211422,26.018137,1345,450369,31.11,222.25,2698,258.96,95.95,0,0,110,150,-1,290,0.4,10.0,1.7,0
3,NaN,NaN,NaN,1,Sunday,NaN,NaN,2,0,3,0,280,48.57,341,366.66275,40.22458,26.048553,1354,449255,31.42,221.87,2618,258.41,96.66,0,0,110,150,-1,290,0.4,10.0,1.7,0
3,NaN,NaN,NaN,1,Sunday,NaN,NaN,2,0,3,0,280,48.13,341,367.78268,40.21319,26.01248,1342,450433,30.96,221.73,2729,258.69,96.12,0,0,110,150,-1,290,0.4,10.0,1.7,0
3,NaN,NaN,NaN,0,Saturday,NaN,USE,0,1,1,1,255,48.59,397,396.9905,33.977776,27.685852,1459,398622,31.07,160.93,3038,178.65,116.77,0,0,110,150,-1,290,0.4,10.0,1.7,0
3,NaN,NaN,NaN,1,Thursday,NaN,USE,1,0,6,2,441,52.87,372,399.8745,35.663776,24.443401,1480,508974,39.99,187.79,3080,232.83,135.17,1,0,110,150,-1,290,0.4,10.0,1.7,0
3,NaN,NaN,NaN,1,Thursday,NaN,USE,2,2,4,0,511,46.35,435,442.13974,43.63941,18.48747,1484,476336,43.79,175.57,2722,213.12,129.38,0,0,110,150,-1,290,0.4,10.0,1.7,0
3,NaN,NaN,NaN,1,Wednesday,NaN,USW,0,0,3,0,114,53.28,344,406.64508,42.87199,27.539244,1497,520628,60.41,194.47,2981,246.55,134.72,0,0,110,150,-1,290,0.4,10.0,1.7,0
3,NaN,NaN,NaN,1,Monday,NaN,NaN,1,1,3,0,371,44.71,326,331.22556,40.196022,17.19986,1372,456318,30.91,205.67,2835,235.18,116.43,0,0,110,150,-1,290,0.4,10.0,1.7,0
3,NaN,NaN,NaN,1,Sunday,NaN,NaN,1,1,4,0,306,44.76,428,423.32318,36.72086,29.21779,1625,512280,72.03,140.44,3262,190.95,139.29,0,1,110,150,-1,290,0.4,10.0,1.6,0
3,NaN,NaN,NaN,1,Saturday,NaN,USE,3,1,7,0,593,49.39,397,393.30875,31.419523,28.537079,1453,471443,44.18,181.4,3123,209.87,138.16,0,0,110,150,-1,290,0.4,10.0,1.6,0
3,NaN,18.0,19.0,0,Thursday,NaN,USE,0,4,3,0,531,48.09,324,337.04602,31.304947,20.674603,1413,461599,43.19,189.78,2702,204.79,137.24,0,0,110,120,-7,400,0.5,6.5,1.6,0
3,19.0,15.0,19.0,0,Thursday,NaN,NaN,0,0,2,0,168,60.14,360,379.73962,21.180674,38.07053,1426,444683,45.02,170.89,2929,211.23,113.96,1,0,110,120,-7,400,0.5,6.5,1.6,0
3,19.0,16.0,19.0,0,Thursday,NaN,NaN,0,1,1,1,206,52.24,423,440.82245,37.6472,26.974756,1579,498161,70.51,149.02,3006,187.17,143.02,1,1,110,120,-7,400,0.5,6.5,1.6,0
3,NaN,16.0,19.0,1,Wednesday,NaN,USE,3,2,4,0,589,53.39,395,424.7537,26.615448,35.59645,1498,467702,46.83,163.39,2818,238.31,99.94,1,0,110,120,-7,400,0.5,6.5,1.6,0
3,NaN,16.0,19.0,0,Wednesday,NaN,USE,0,0,1,0,100,57.68,334,349.07117,21.301344,36.24884,1545,453471,63.49,147.09,3328,192.84,112.51,0,0,110,120,-7,400,0.5,6.5,1.6,0
3,NaN,18.0,19.0,0,Wednesday,NaN,USE,0,2,1,0,278,46.98,466,483.25858,33.70297,23.539488,1587,508862,68.07,151.21,2728,211.24,125.99,0,0,110,120,-7,400,0.5,6.5,1.6,0
3,NaN,17.0,19.0,0,Wednesday,NaN,USE,1,2,7,0,538,54.49,475,480.87003,32.284203,29.610956,1682,915576,162.23,214.11,3296,384.36,193.03,3,1,110,120,-7,400,0.5,6.5,1.6,0
3,19.0,18.0,19.0,0,Friday,NaN,NaN,1,1,1,0,244,50.39,478,493.04028,37.431053,25.737204,1648,532949,86.95,129.36,3030,198.22,147.04,0,0,110,120,-7,400,0.5,6.5,1.6,0
3,NaN,18.0,19.0,0,Friday,NaN,NaN,0,1,1,0,133,61.04,432,487.42358,20.770897,43.959263,1597,515080,88.42,150.87,3611,202.19,141.3,1,0,110,120,-7,400,0.5,6.5,1.6,0
3,19.0,18.0,19.0,0,Friday,NaN,NaN,1,1,1,0,244,50.57,478,492.99515,37.498886,25.669678,1649,532880,87.29,129.19,3023,198.18,147.15,0,0,110,120,-7,400,0.5,6.5,1.6,0
3,19.0,17.0,19.0,1,Friday,NaN,NaN,2,1,4,2,552,58.25,371,396.97614,29.630669,31.617691,1489,444965,46.22,171.71,3294,232.42,92.62,0,0,110,120,-7,400,0.5,6.5,1.6,0
3,NaN,18.0,19.0,1,Thursday,NaN,USE,1,1,3,0,298,54.94,428,479.41837,29.941645,31.675377,1543,434012,67.81,133.07,3146,190.13,106.21,1,0,110,120,-7,400,0.5,6.5,1.6,0
3,NaN,13.0,19.0,1,Wednesday,NaN,USE,1,1,3,4,554,48.02,377,413.38916,43.360107,25.95445,1425,488861,57.77,214.53,3040,233.81,145.92,1,0,110,120,-7,400,0.5,6.5,1.6,0
3,NaN,10.0,19.0,1,Saturday,NaN,USE,2,0,4,0,398,47.0,419,370.5204,43.14055,18.57587,1468,462218,72.66,194.12,3228,229.75,131.19,2,1,110,120,-7,400,0.5,6.5,1.6,0
3,19.0,18.0,19.0,0,Friday,NaN,NaN,0,0,1,0,94,43.45,336,349.60776,40.8447,20.457952,1423,368643,36.34,158.98,3292,162.82,105.62,0,0,110,120,-7,400,0.5,6.5,1.6,0
3,19.0,19.0,19.0,1,Wednesday,NaN,NaN,1,0,4,0,236,51.27,378,384.68417,33.80755,27.727678,1528,517254,45.66,172.69,3120,198.32,171.68,1,0,110,120,-7,400,0.5,6.5,1.6,0
3,NaN,19.0,19.0,1,Wednesday,NaN,NaN,1,0,4,0,236,51.17,377,384.06927,33.805737,28.050077,1528,517401,45.95,172.86,3134,198.08,171.91,1,0,110,120,-7,400,0.5,6.5,1.6,0
3,19.0,19.0,19.0,1,Wednesday,NaN,NaN,1,0,4,0,236,51.27,378,384.61758,33.796387,27.758018,1529,517578,46.06,173.04,3142,198.31,171.75,1,0,110,120,-7,400,0.5,6.5,1.6,0
3,19.0,18.0,19.0,0,Tuesday,NaN,NaN,0,1,5,0,299,52.21,384,391.3789,34.783546,23.454157,1459,605130,73.37,215.22,3411,253.19,169.43,2,1,110,120,-7,400,0.5,6.5,1.6,0
3,18.0,16.0,18.0,0,Saturday,NaN,NaN,1,1,4,0,369,54.56,353,363.7452,29.0427,31.450663,1464,529298,41.77,201.92,3237,259.71,125.41,1,0,90,120,-6,400,0.5,6.5,1.6,0
3,NaN,18.0,19.0,1,Friday,NaN,USE,3,2,3,0,564,48.24,342,351.596,34.33869,24.369024,1380,463198,44.83,198.98,2868,251.38,102.09,0,0,110,120,-7,400,0.5,6.5,1.6,0
3,NaN,17.0,19.0,0,Thursday,NaN,USW,0,1,1,0,215,57.5,276,288.87045,16.398304,46.55167,1394,425254,28.24,177.62,2983,175.25,140.79,0,1,110,120,-7,400,0.5,6.5,1.6,0
3,NaN,17.0,19.0,1,Thursday,NaN,USW,0,4,2,0,393,52.47,310,335.47546,33.961315,26.472883,1406,478013,37.72,204.3,3097,258.56,108.28,1,2,110,120,-7,400,0.5,6.5,1.6,0
3,NaN,17.0,19.0,1,Wednesday,NaN,USE,3,0,4,1,625,49.91,384,410.67242,41.26344,30.13566,1502,451215,46.48,159.37,2599,195.64,125.98,0,0,110,120,-7,400,0.5,6.5,1.6,0
3,NaN,18.0,19.0,1,Wednesday,NaN,USE,1,1,3,0,298,51.05,359,363.8244,31.036999,25.347794,1512,471946,51.21,158.15,3391,219.61,111.25,0,0,110,120,-7,400,0.5,6.5,1.6,0
3,19.0,15.0,19.0,1,Wednesday,NaN,NaN,1,2,1,1,383,57.02,447,445.4022,30.458448,28.730152,1502,510424,59.54,184.49,3092,253.42,117.86,1,1,110,120,-7,400,0.5,6.5,1.6,0
3,19.0,18.0,19.0,0,Wednesday,NaN,NaN,1,3,1,1,528,52.3,390,398.01086,33.394283,32.823406,1484,638558,68.33,241.3,2950,296.64,164.83,0,0,110,120,-7,400,0.5,6.5,1.6,0
3,19.0,18.0,19.0,1,Wednesday,NaN,NaN,1,0,1,0,116,54.97,475,622.22925,19.176355,40.523884,1758,105398,14.42,26.9,3348,46.19,25.3,1,0,110,120,-7,400,0.5,6.5,1.6,0
3,NaN,18.0,19.0,0,Wednesday,NaN,NaN,0,3,1,1,396,52.46,406,429.5511,29.182705,25.724682,1525,487925,77.7,172.77,3094,222.07,116.65,1,0,110,120,-7,400,0.5,6.5,1.6,0
3,19.0,16.0,19.0,1,Wednesday,NaN,NaN,1,0,3,1,313,48.34,439,451.98978,37.055534,18.96697,1561,500755,72.97,159.29,3143,193.78,147.76,0,0,110,120,-7,400,0.5,6.5,1.6,0
3,19.0,17.0,19.0,0,Tuesday,NaN,NaN,1,0,1,0,204,45.72,358,388.94135,43.868427,18.482845,1415,434275,47.32,183.78,3251,240.3,87.58,1,5,110,120,-7,400,0.5,6.5,1.6,0
3,NaN,16.0,19.0,1,Thursday,NaN,USE,1,0,1,1,308,46.84,343,341.98624,31.789516,23.650053,1432,454878,42.17,169.21,2505,216.59,112.12,0,1,110,120,-7,400,0.5,6.5,1.6,0
3,NaN,17.0,19.0,1,Tuesday,NaN,USW,1,1,3,0,365,53.05,362,385.0543,35.38074,25.091698,1360,479242,37.03,202.86,3045,237.66,132.06,1,1,110,120,-7,400,0.5,6.5,1.6,0
3,NaN,15.0,18.0,1,Saturday,NaN,USE,1,1,4,0,480,47.06,420,425.834,41.016415,23.021723,1451,726733,85.08,270.51,2871,341.45,170.18,0,0,110,120,-7,400,0.5,6.5,1.6,0
3,NaN,17.0,18.0,1,Friday,NaN,USE,1,4,2,1,540,54.0,352,348.77176,30.08069,32.632164,1434,509072,39.96,193.24,3045,231.03,140.11,0,1,110,120,-7,400,0.5,6.5,1.6,0
3,NaN,17.0,18.0,1,Sunday,NaN,USW,2,3,2,0,602,55.51,387,410.81924,26.99681,39.18481,1521,533403,67.07,204.88,2892,254.49,133.48,1,0,90,120,-6,400,0.5,6.5,1.6,0
3,NaN,16.0,18.0,1,Sunday,NaN,USW,0,2,0,2,312,52.57,389,438.03085,32.23148,24.184378,1515,507698,55.45,177.14,3477,226.78,131.12,1,0,95,120,-6,400,0.5,2.5,1.5,0
3,NaN,16.0,19.0,0,Friday,NaN,USE,1,2,1,1,487,56.04,383,386.83615,28.724245,28.717476,1449,619907,58.19,245.06,2935,296.02,162.38,0,1,110,120,-7,400,0.5,6.5,1.6,0
3,NaN,18.0,18.0,1,Friday,NaN,USE,0,1,2,0,181,57.67,324,354.77206,23.238958,42.934643,1424,316199,27.35,137.11,2964,133.52,105.74,0,0,110,120,-7,400,0.5,6.5,1.6,0
3,NaN,18.0,19.0,0,Friday,NaN,USE,0,2,0,0,237,55.45,277,271.61044,42.196888,28.415655,1344,355687,28.33,176.55,2588,220.57,56.9,0,0,110,120,-7,400,0.5,6.5,1.6,0
3,NaN,18.0,19.0,0,Friday,NaN,USE,0,2,0,0,237,55.45,277,271.5397,42.193237,28.45012,1343,355666,28.67,177.17,2582,220.64,56.84,0,0,110,120,-7,400,0.5,6.5,1.6,0
3,NaN,18.0,18.0,1,Friday,NaN,USE,2,2,3,0,471,50.73,285,324.35574,28.455395,23.945484,1401,492752,25.64,228.98,3052,269.5,120.68,0,0,110,120,-7,400,0.5,6.5,1.6,0
3,18.0,15.0,18.0,0,Thursday,NaN,NaN,1,3,1,0,458,52.41,286,306.47604,30.21788,31.901743,1335,502178,20.4,242.04,2882,253.59,141.6,1,2,110,120,-7,400,0.5,6.5,1.6,0
3,NaN,17.0,18.0,0,Thursday,NaN,USE,0,0,0,0,74,45.3,346,278.6337,39.824978,24.40423,1352,274923,18.91,150.92,2833,150.98,81.92,0,1,110,120,-7,400,0.5,6.5,1.6,0
3,NaN,17.0,19.0,0,Thursday,NaN,USE,1,0,3,1,392,46.52,327,337.3775,36.06016,27.67301,1396,467007,38.0,217.78,2929,250.65,112.72,0,0,110,120,-7,400,0.5,6.5,1.6,0
3,NaN,18.0,19.0,1,Thursday,NaN,USE,4,0,6,0,573,48.77,344,327.8191,31.514181,22.238014,1370,447214,31.46,200.93,2720,206.32,134.71,0,0,110,120,-7,400,0.5,6.5,1.6,0
3,NaN,18.0,19.0,1,Wednesday,NaN,USE,0,2,0,0,320,49.3,328,340.90573,39.49924,28.367638,1444,864257,80.73,335.66,3027,477.93,146.24,1,1,110,120,-7,400,0.5,6.5,1.6,0
3,18.0,17.0,19.0,1,Wednesday,NaN,NaN,1,1,4,1,320,50.56,317,345.01645,36.32697,25.09934,1347,435295,28.74,216.06,3005,209.61,133.66,0,0,110,120,-7,400,0.5,6.5,1.6,0
3,NaN,17.0,19.0,1,Tuesday,NaN,USW,0,0,5,1,236,49.22,369,356.39185,32.908024,31.785978,1504,462545,54.56,147.79,3136,178.79,138.93,0,0,110,120,-7,400,0.5,6.5,1.6,0
3,NaN,18.0,19.0,0,Tuesday,NaN,USE,0,1,2,0,221,52.08,339,356.24194,27.611738,22.579239,1370,407331,23.13,185.1,2581,166.71,145.61,0,1,110,120,-7,400,0.5,6.5,1.6,0
3,19.0,16.0,19.0,0,Saturday,NaN,NaN,0,2,0,0,249,54.25,376,416.81247,30.235561,29.582123,1484,357875,42.04,134.72,2906,198.53,61.49,0,2,110,120,-6,400,0.5,6.5,1.6,0
3,19.0,17.0,19.0,0,Friday,NaN,NaN,0,2,1,0,146,62.87,175,215.50195,10.264758,62.897385,1332,414990,27.84,231.35,3507,256.55,94.4,1,1,110,120,-6,400,0.5,6.5,1.6,0
3,19.0,17.0,19.0,1,Thursday,NaN,NaN,0,2,2,0,195,43.65,477,472.38214,46.01914,19.482143,1628,508002,70.84,126.87,2878,178.93,149.38,0,2,110,120,-6,400,0.5,6.5,1.6,0
3,NaN,16.0,19.0,0,Thursday,NaN,USE,1,3,2,0,343,50.22,457,460.311,43.90506,25.293991,1452,385527,43.91,152.28,2853,225.21,60.11,0,0,110,120,-6,400,0.5,6.5,1.6,0
3,NaN,17.0,19.0,1,Monday,NaN,NaN,1,1,2,1,405,57.25,359,383.56918,21.500221,31.541365,1409,396207,38.24,170.71,2769,173.3,125.03,1,1,90,120,-6,400,0.5,6.5,1.6,0
3,NaN,17.0,19.0,1,Thursday,NaN,USW,1,1,1,0,174,55.04,429,589.5404,31.852772,27.939121,1603,86775,10.77,33.72,3453,36.36,29.05,1,0,90,120,-6,400,0.5,6.5,1.6,0
3,NaN,17.0,19.0,0,Sunday,NaN,USE,1,0,3,0,226,49.84,331,338.24664,32.22605,29.808287,1500,488440,49.31,170.36,3164,177.19,176.74,0,0,110,120,-6,400,0.5,6.5,1.6,0
3,NaN,17.0,19.0,0,Sunday,NaN,NaN,1,0,3,0,226,49.84,331,338.106,32.223694,29.804268,1497,488422,49.26,170.29,3155,177.03,177.04,0,0,110,120,-6,400,0.5,6.5,1.6,0
3,NaN,18.0,19.0,1,Wednesday,NaN,USE,0,2,1,1,252,55.15,360,356.23624,24.022419,36.998173,1409,433335,27.89,158.85,2955,206.98,108.6,0,1,110,120,-6,400,0.5,6.5,1.6,0
3,19.0,17.0,19.0,1,Monday,NaN,NaN,2,1,3,0,374,49.83,322,373.2178,23.103079,35.06621,1452,305237,27.81,121.68,3488,149.81,79.29,1,0,110,120,-6,400,0.5,6.5,1.6,0
3,NaN,17.0,18.0,1,Friday,NaN,USE,1,0,2,0,258,48.82,326,308.76035,38.126484,30.346207,1413,444648,34.15,180.69,3016,211.22,121.78,0,0,110,120,-6,400,0.5,6.5,1.6,0
3,NaN,17.0,19.0,1,Thursday,NaN,USE,1,1,2,1,324,55.49,279,301.2026,25.029394,32.253006,1341,422986,20.34,202.99,3264,250.42,85.51,1,0,110,120,-6,400,0.5,6.5,1.6,0
3,NaN,17.0,19.0,0,Monday,NaN,USE,1,1,3,1,306,58.32,338,374.4736,20.614277,38.09943,1382,465787,39.8,210.2,3406,228.55,143.38,0,1,110,120,-6,400,0.5,6.5,1.6,0
3,19.0,17.0,19.0,1,Monday,NaN,NaN,1,1,1,1,333,46.14,391,403.417,39.479973,25.165724,1445,446077,50.63,179.67,3450,228.26,112.28,0,0,110,120,-6,400,0.5,6.5,1.6,0
3,NaN,17.0,19.0,0,Monday,NaN,USE,1,0,2,0,252,51.52,450,434.98114,29.3868,23.615705,1517,452472,59.24,152.82,3119,184.12,129.83,1,0,110,120,-6,400,0.5,6.5,1.6,0
3,19.0,16.0,19.0,1,Tuesday,NaN,NaN,2,0,5,1,466,51.18,361,390.2714,30.370478,27.778585,1505,497077,44.15,167.88,3073,213.72,140.73,0,0,110,120,-6,400,0.5,6.5,1.6,0
3,19.0,17.0,19.0,0,Friday,NaN,NaN,0,2,1,0,198,54.38,338,367.70178,31.69282,34.01688,1329,428888,32.4,205.55,2949,271.15,71.35,0,0,110,120,-6,400,0.5,6.5,1.6,0
3,NaN,17.0,19.0,0,Friday,NaN,USW,0,2,1,0,198,54.37,338,367.57846,31.656515,34.048435,1328,428873,32.5,205.81,2954,271.51,71.11,0,0,110,120,-6,400,0.5,6.5,1.6,0
3,19.0,17.0,19.0,0,Thursday,NaN,NaN,0,0,0,0,48,50.5,301,317.88724,27.47373,25.799036,1354,241923,17.81,122.73,3283,133.07,60.59,0,1,90,120,-6,400,0.5,6.5,1.6,0
3,NaN,18.0,19.0,0,Thursday,NaN,USE,0,2,2,0,296,52.03,392,410.94904,28.166393,34.373547,1486,472937,67.62,171.61,3177,223.93,117.9,0,2,90,120,-6,400,0.5,6.5,1.6,0
3,19.0,18.0,19.0,0,Thursday,NaN,NaN,0,2,2,0,296,52.03,392,410.56705,28.19718,34.32336,1481,472934,67.44,171.68,3178,223.83,118.29,0,2,90,120,-6,400,0.5,6.5,1.6,0
3,NaN,17.0,19.0,0,Tuesday,NaN,USW,1,1,3,1,446,47.44,339,381.39456,34.079956,27.801205,1451,498083,37.04,198.04,3304,274.46,97.7,0,0,90,120,-6,400,0.5,6.5,1.6,0
3,NaN,16.0,18.0,0,Monday,NaN,USW,0,1,1,0,214,60.73,447,430.16278,17.19612,40.095745,1534,481635,64.7,149.51,3439,228.75,99.96,1,2,90,120,-6,400,0.5,6.5,1.6,0
3,19.0,17.0,19.0,1,Tuesday,NaN,NaN,2,0,7,1,562,47.41,380,377.8664,35.588314,22.046614,1529,499479,48.55,170.31,3128,203.02,148.06,2,0,90,120,-6,400,0.5,6.5,1.6,0
3,NaN,19.0,19.0,0,Thursday,NaN,USE,4,2,6,0,762,52.71,355,378.56976,32.35475,24.692513,1478,661817,59.48,265.12,3364,357.7,137.36,1,3,90,120,-6,400,0.5,6.5,1.6,0
3,19.0,18.0,19.0,1,Friday,NaN,NaN,0,2,1,1,314,58.31,288,331.69507,20.460314,41.605534,1388,386229,12.43,159.66,3364,166.78,122.9,0,2,90,120,-6,400,0.5,6.5,1.6,0
3,NaN,18.0,19.0,1,Friday,NaN,USE,1,0,3,0,302,48.72,384,398.84634,36.191433,23.185522,1483,517138,53.27,193.65,3307,216.78,164.09,0,1,90,120,-6,400,0.5,6.5,1.6,0
3,NaN,18.0,19.0,1,Wednesday,NaN,USW,0,1,2,0,211,54.86,332,351.92184,31.524792,29.994871,1379,450876,27.97,190.92,2993,178.24,158.98,0,0,90,120,-6,400,0.5,6.5,1.6,0
3,19.0,17.0,19.0,0,Wednesday,NaN,NaN,0,1,4,0,226,51.93,353,347.83728,29.70607,36.71885,1467,451038,33.92,159.92,3332,211.07,106.02,0,0,90,120,-6,400,0.5,6.5,1.6,0
3,NaN,18.0,19.0,0,Friday,NaN,USE,1,2,3,1,428,46.54,385,366.3619,36.758965,21.457304,1473,487468,42.7,178.79,3161,219.29,135.2,0,0,90,120,-6,400,0.5,6.5,1.6,0
3,19.0,18.0,19.0,0,Friday,NaN,NaN,1,2,3,1,428,46.54,385,366.32928,36.696503,21.514156,1474,487681,42.44,178.78,3159,219.5,135.02,0,0,90,120,-6,400,0.5,6.5,1.6,0
3,19.0,16.0,19.0,0,Thursday,NaN,NaN,0,0,0,0,20,52.05,567,498.2503,32.34444,28.974594,1817,223925,49.01,61.66,2851,102.3,56.69,0,0,90,120,-6,400,0.5,6.5,1.6,0
3,NaN,18.0,19.0,0,Thursday,NaN,USE,0,0,0,0,46,50.18,346,378.19666,31.93935,10.833944,1374,108977,17.47,52.11,3220,71.33,20.68,0,0,90,120,-6,400,0.5,6.5,1.6,0
3,NaN,18.0,19.0,0,Thursday,NaN,USE,0,2,0,0,164,53.47,289,346.17734,23.946907,44.99764,1444,485397,34.41,193.09,3448,252.25,111.9,0,0,90,120,-6,400,0.5,6.5,1.6,0
3,19.0,18.0,19.0,1,Wednesday,NaN,NaN,0,1,0,1,264,45.13,356,366.15863,35.693653,16.341143,1533,479049,62.48,160.89,3074,207.48,119.68,0,2,90,120,-6,400,0.5,6.5,1.6,0
3,NaN,17.0,19.0,1,Wednesday,NaN,USE,2,3,4,0,564,57.54,417,463.36267,29.097858,38.49477,1618,463875,70.32,131.26,3139,197.21,108.25,1,0,90,120,-6,400,0.5,6.5,1.6,0
3,NaN,16.0,19.0,1,Wednesday,NaN,USE,2,0,3,0,380,48.83,457,446.20447,33.13899,24.461975,1607,531916,72.42,155.59,3165,202.71,154.96,1,2,90,120,-6,400,0.5,6.5,1.6,0
3,NaN,16.0,19.0,0,Sunday,NaN,USE,1,0,2,0,164,53.99,349,384.35425,25.043678,36.74925,1449,481375,40.15,183.44,3179,239.19,117.01,0,0,90,120,-6,400,0.5,6.5,1.6,0
3,NaN,18.0,19.0,0,Wednesday,NaN,USE,0,1,0,0,166,52.22,337,336.58066,38.125595,26.05138,1363,418310,25.56,179.44,3068,240.82,75.09,0,0,90,120,-6,400,0.5,6.5,1.6,0
3,NaN,18.0,19.0,0,Sunday,NaN,USE,0,2,1,0,182,46.38,375,366.70056,37.731525,19.346815,1444,217129,22.35,86.64,2502,131.03,27.25,0,1,90,120,-6,400,0.5,6.5,1.6,0
3,NaN,17.0,19.0,1,Wednesday,NaN,USE,0,1,1,0,197,55.56,444,458.67078,27.250492,29.732147,1584,506983,74.67,146.05,3136,209.1,126.15,0,0,90,120,-6,400,0.5,6.5,1.6,0
3,NaN,16.0,18.0,1,Sunday,NaN,USE,2,3,4,1,633,51.19,418,420.82547,43.206276,20.586777,1685,549416,80.6,125.04,3395,217.09,131.0,0,1,90,120,-6,400,0.5,6.5,1.6,0
3,NaN,16.0,18.0,1,Sunday,NaN,USE,2,3,4,1,633,51.3,420,422.3048,43.20866,20.559168,1685,549352,80.69,124.93,3378,217.02,131.08,0,1,90,120,-6,400,0.5,6.5,1.6,0
3,NaN,NaN,17.0,0,Thursday,NaN,USE,0,1,0,0,150,65.91,174,198.63889,6.076567,56.965603,1337,371755,24.05,180.43,3434,211.92,78.5,1,1,90,120,-6,400,0.5,6.5,1.6,0
3,NaN,15.0,17.0,1,Thursday,NaN,USE,2,1,4,0,376,50.71,382,378.0241,31.64964,30.815876,1490,477703,52.01,181.61,3151,202.82,136.78,0,2,90,120,-6,400,0.5,6.5,1.6,0
3,NaN,16.0,17.0,0,Wednesday,NaN,USE,0,1,1,0,202,51.96,438,458.0899,38.258484,23.011112,1553,489234,80.46,157.34,3102,204.51,126.55,4,2,90,120,-6,400,0.5,6.5,1.6,0
3,NaN,15.0,17.0,1,Tuesday,NaN,USW,0,1,4,0,196,62.15,448,471.23636,28.118446,40.39547,1598,482034,75.86,128.7,3283,186.79,125.31,1,2,90,120,-6,400,0.5,6.5,1.6,0
3,NaN,16.0,17.0,1,Saturday,NaN,USE,3,3,5,0,713,57.09,429,430.85504,33.491386,30.121353,1605,570722,99.1,165.08,3142,240.45,139.14,1,0,90,120,-6,400,0.5,6.5,1.6,0
3,NaN,17.0,18.0,0,Friday,NaN,USW,1,0,3,0,270,48.67,425,425.61124,39.0989,20.938255,1516,487933,62.02,166.27,3087,225.71,116.02,0,0,90,120,-6,400,0.5,6.5,1.6,0
3,18.0,16.0,19.0,1,Friday,NaN,NaN,1,3,3,1,555,59.8,411,468.0397,22.398558,35.468525,1550,557616,74.2,187.0,3233,202.4,183.8,1,2,90,120,-6,400,0.5,6.5,1.6,0
3,NaN,17.0,19.0,0,Thursday,NaN,USE,1,1,3,0,320,50.84,434,427.23682,37.21427,24.155436,1548,507570,60.97,155.33,3068,229.57,122.16,0,0,90,120,-6,400,0.5,6.5,1.6,0
3,NaN,17.0,19.0,1,Wednesday,NaN,USE,2,2,5,2,625,49.66,430,423.63733,36.089367,26.974525,1608,661972,111.55,192.17,3181,271.18,170.73,3,0,90,120,-6,400,0.5,6.5,1.6,0
3,NaN,15.0,19.0,1,Monday,NaN,USW,0,0,3,0,68,51.59,306,326.5055,27.090845,32.431736,1446,324724,30.02,134.4,3372,131.2,105.04,0,0,90,120,-6,400,0.5,6.5,1.6,0
3,18.0,15.0,19.0,1,Monday,NaN,NaN,0,0,3,0,68,51.89,306,326.47678,27.077965,32.431736,1444,324614,29.86,134.28,3376,131.08,105.12,0,0,90,120,-6,400,0.5,6.5,1.6,0
3,NaN,17.0,19.0,0,Wednesday,NaN,USE,0,0,3,1,168,53.36,473,468.61554,33.504795,26.50652,1634,616308,103.99,159.05,3234,235.34,165.7,3,0,90,120,-6,400,0.5,6.5,1.6,0
3,NaN,17.0,18.0,0,Monday,NaN,USE,0,1,0,0,62,58.43,390,436.44196,15.637066,32.30958,1527,245695,32.63,90.43,3516,125.58,52.2,0,1,90,120,-6,400,0.5,6.5,1.6,0
3,NaN,17.0,18.0,0,Thursday,NaN,NaN,0,0,1,1,224,50.61,405,402.03934,34.267414,25.570404,1491,617267,83.26,197.9,2787,280.08,148.23,0,3,90,120,-6,400,0.5,6.5,1.6,0
3,NaN,17.0,19.0,0,Tuesday,NaN,USE,0,1,1,1,217,50.97,366,408.6159,26.100136,24.293114,1436,346232,38.89,147.54,2727,155.48,109.01,1,0,90,120,-6,400,0.5,6.5,1.6,0
3,NaN,17.0,18.0,0,Sunday,NaN,USW,0,2,1,0,178,57.33,262,286.41263,20.620033,31.968212,1326,354557,17.09,192.22,3366,181.56,103.54,0,1,90,120,-6,400,0.5,6.5,1.6,0
3,NaN,17.0,18.0,0,Sunday,NaN,USW,0,2,1,0,178,57.94,263,287.37613,20.607903,33.527626,1325,357066,16.87,192.38,3361,182.05,103.52,0,1,90,120,-6,400,0.5,6.5,1.6,0
3,NaN,16.0,19.0,0,Saturday,NaN,USE,1,2,2,0,418,49.36,410,415.14932,36.054977,28.9611,1550,500731,64.61,152.14,3040,218.89,119.39,0,1,90,120,-6,400,0.5,6.5,1.6,0
3,NaN,16.0,19.0,0,Saturday,NaN,USE,1,2,2,0,418,49.36,410,414.973,36.033245,28.904259,1550,500727,64.6,152.21,3039,218.99,119.3,0,1,90,120,-6,400,0.5,6.5,1.6,0
3,NaN,16.0,17.0,0,Saturday,NaN,USE,0,2,1,0,297,63.91,215,276.13412,18.426859,53.797485,1436,465770,30.15,208.41,3042,257.65,91.4,0,1,90,120,-6,400,0.5,6.5,1.6,0
3,NaN,16.0,17.0,0,Saturday,NaN,USE,0,2,1,0,297,63.91,215,276.12585,18.41424,53.851135,1436,465734,29.93,208.31,3031,257.71,91.42,0,1,90,120,-6,400,0.5,6.5,1.6,0
3,NaN,17.0,18.0,1,Saturday,NaN,NaN,0,2,1,0,218,55.4,388,397.67462,22.955105,34.91594,1446,447694,46.4,171.47,3166,211.49,107.35,1,0,90,120,-6,400,0.5,6.5,1.6,0
3,NaN,17.0,19.0,0,Saturday,NaN,USW,0,1,2,1,294,54.64,406,429.84058,23.786676,32.885536,1556,711061,97.11,220.55,3166,282.48,203.37,1,5,90,120,-6,400,0.5,6.5,1.6,0
3,NaN,13.0,18.0,1,Saturday,NaN,USW,1,0,2,1,236,61.07,468,548.221,19.082905,43.286865,1644,207538,41.51,57.12,3527,83.15,54.6,1,1,90,120,-6,400,0.5,6.5,1.6,0
3,NaN,16.0,18.0,0,Saturday,NaN,NaN,0,0,1,0,14,50.04,146,120.4117,26.347265,29.90602,650,168474,6.23,298.41,4603,321.71,19.36,0,1,90,120,-6,400,0.5,6.5,1.6,0
3,17.0,16.0,18.0,0,Saturday,NaN,NaN,0,0,1,0,14,52.65,320,389.80554,39.447735,38.320656,1411,93585,5.58,41.21,3268,54.45,19.34,0,0,90,120,-6,400,0.5,6.5,1.6,0
3,NaN,17.0,18.0,1,Thursday,NaN,NaN,0,3,0,3,476,52.84,428,485.60062,30.494576,32.440277,1508,550947,75.95,191.63,2993,227.99,169.11,2,1,90,120,-6,400,0.5,6.5,1.6,0
3,17.0,16.0,18.0,0,Sunday,NaN,NaN,0,0,0,0,108,49.45,488,531.70496,37.8568,28.544092,1651,397129,64.52,95.0,2755,114.34,137.62,3,0,90,120,-6,400,0.5,6.5,1.6,0
3,NaN,16.0,18.0,1,Saturday,NaN,USE,2,1,4,0,342,51.27,477,483.27856,43.751167,25.804043,1733,263210,57.47,60.36,3400,89.96,76.87,2,0,90,120,-6,400,0.5,6.5,1.6,0
3,NaN,16.0,17.0,1,Wednesday,NaN,USW,2,1,3,2,469,59.11,378,433.6231,20.444378,30.737127,1465,453896,29.52,174.12,3009,211.82,125.18,1,2,90,120,-6,400,0.5,6.5,1.6,0
3,NaN,16.0,17.0,0,Saturday,NaN,NaN,0,1,0,1,256,50.17,438,473.59644,33.707348,25.6348,1592,499829,66.14,144.74,2629,192.26,137.13,0,2,90,120,-6,400,0.5,6.5,1.6,0
3,NaN,16.0,17.0,1,Wednesday,NaN,USW,0,3,3,0,483,49.98,345,346.4426,40.401737,24.395145,1426,454143,25.21,186.74,2982,184.51,150.78,0,0,90,120,-6,400,0.5,6.5,1.6,0
3,NaN,16.0,18.0,0,Wednesday,NaN,NaN,0,0,4,0,148,59.0,311,346.0384,23.609093,38.13195,1425,460544,22.61,184.34,2788,199.36,141.34,0,0,90,120,-6,400,0.5,6.5,1.6,0
3,17.0,13.0,17.0,1,Saturday,NaN,NaN,0,1,4,1,270,56.99,378,419.709,21.831612,38.371326,1433,471551,40.3,178.27,2856,204.99,148.92,0,0,90,120,-6,400,0.5,6.5,1.6,0
3,NaN,15.0,17.0,1,Saturday,NaN,USE,1,1,1,1,349,54.93,363,420.22208,32.807865,31.386644,1450,489706,42.72,208.94,3182,242.07,129.8,0,0,90,120,-6,400,0.5,6.5,1.6,0
3,NaN,16.0,17.0,0,Friday,NaN,USE,1,0,2,0,234,57.22,284,300.2349,28.200994,23.87196,1200,152347,14.5,95.93,3152,127.41,21.77,0,0,95,120,-6,400,0.5,2.5,1.5,0
3,NaN,17.0,19.0,1,Wednesday,NaN,USE,0,3,2,3,498,51.2,414,402.83813,31.614578,21.254091,1544,525464,63.59,176.43,3120,269.39,105.41,0,1,90,120,-6,400,0.5,6.5,1.6,0
3,NaN,15.0,19.0,0,Tuesday,NaN,USW,0,1,0,0,141,49.6,391,411.1544,29.723812,26.742914,1569,372773,47.41,116.08,3189,169.0,92.26,1,0,90,120,-6,400,0.5,6.5,1.6,0
3,NaN,10.0,17.0,0,Saturday,NaN,USE,1,0,2,0,198,52.94,307,337.17996,31.597635,29.245495,1548,533481,56.15,177.0,3620,240.9,138.03,0,0,90,120,-6,400,0.5,6.5,1.6,0
3,NaN,10.0,17.0,0,Saturday,NaN,USE,0,2,2,0,191,62.89,235,249.34663,14.810585,38.289234,1299,393038,8.82,215.86,2857,164.51,151.35,0,0,90,120,-6,400,0.5,6.5,1.6,0
3,NaN,17.0,18.0,0,Thursday,NaN,USE,1,3,3,0,429,49.73,414,434.34924,28.562382,26.162832,1574,431000,49.37,121.45,2587,190.33,100.36,1,0,90,120,-6,400,0.5,6.5,1.6,0
3,NaN,16.0,18.0,0,Monday,NaN,USE,1,0,1,1,278,59.9,323,362.9404,17.472227,31.84043,1419,472991,31.98,205.34,3215,222.49,139.69,0,1,90,120,-6,400,0.5,6.5,1.6,0
3,NaN,15.0,17.0,1,Monday,NaN,USE,0,1,4,1,306,53.9,388,401.58197,28.613289,28.3321,1577,511362,69.93,146.34,3069,195.06,148.18,2,0,90,120,-6,400,0.5,6.5,1.6,0
3,NaN,15.0,18.0,0,Monday,NaN,USE,0,3,0,0,280,65.51,164,206.22656,6.5990753,53.386013,1295,446080,16.95,242.97,3315,273.82,98.84,0,0,90,120,-6,400,0.5,6.5,1.6,0
3,NaN,15.0,17.0,1,Thursday,NaN,USW,1,1,7,0,512,51.71,504,501.60043,29.512333,24.1546,1560,651228,81.14,181.96,2761,235.67,197.76,2,1,90,120,-6,400,0.5,6.5,1.6,0
3,NaN,16.0,17.0,0,Sunday,NaN,USE,0,2,0,1,269,49.23,342,402.7359,32.34869,28.526926,1432,240343,25.18,102.47,2523,131.81,55.29,0,0,90,120,-6,400,0.5,6.5,1.6,0
3,NaN,16.0,17.0,1,Sunday,NaN,USE,2,1,4,0,450,53.83,399,406.96573,28.186996,26.077316,1501,479642,57.61,171.37,2989,223.59,115.81,0,1,90,120,-6,400,0.5,6.5,1.6,0
3,16.0,15.0,17.0,0,Sunday,NaN,NaN,1,0,0,0,208,58.41,365,393.09647,24.484604,38.308247,1544,496157,61.04,150.57,3360,207.26,137.37,0,0,90,120,-6,400,0.5,6.5,1.6,0
3,NaN,NaN,17.0,0,Sunday,NaN,NaN,0,1,3,0,118,53.0,400,395.92105,35.014076,28.760395,1520,456634,57.17,149.98,3040,198.7,111.23,0,0,90,120,-6,400,0.5,6.5,1.6,0
3,NaN,16.0,18.0,1,Wednesday,NaN,NaN,0,0,0,0,112,52.71,397,413.37723,34.514996,26.112492,1417,470998,53.44,191.45,3381,255.08,108.61,1,0,90,120,-6,400,0.5,6.5,1.6,0
3,NaN,17.0,19.0,1,Tuesday,NaN,USE,1,0,3,1,304,58.31,440,444.47845,30.81523,29.951794,1547,493654,60.42,145.19,3109,203.15,132.33,0,1,90,120,-6,400,0.5,6.5,1.6,0
3,NaN,17.0,18.0,0,Tuesday,NaN,NaN,0,1,0,0,106,54.79,212,209.3915,9.990508,63.668724,1364,241815,20.01,112.65,2695,134.98,50.78,0,0,90,120,-6,400,0.5,6.5,1.6,0
3,NaN,16.0,18.0,0,Monday,NaN,USW,0,1,1,0,214,60.73,447,430.25598,17.189234,40.072285,1541,481560,64.84,149.71,3454,228.62,100.04,1,2,90,120,-6,400,0.5,6.5,1.6,0
3,NaN,NaN,18.0,1,Thursday,NaN,USE,1,0,2,1,402,47.85,391,397.6174,31.813644,29.515858,1475,555732,47.09,222.51,2938,283.82,134.85,0,0,90,120,-6,400,0.5,6.5,1.6,0
3,NaN,18.0,18.0,1,Wednesday,NaN,USE,0,0,2,0,156,60.1,307,299.57367,12.937894,32.028744,1449,443184,38.23,166.99,2662,198.76,116.53,0,0,90,120,-6,400,0.5,6.5,1.6,0
3,17.0,15.0,17.0,0,Monday,NaN,NaN,0,2,0,0,229,49.26,304,317.78354,28.415413,27.740618,1467,480637,35.73,183.24,3189,236.7,108.98,1,0,90,120,-6,400,0.5,6.5,1.6,0
3,NaN,17.0,18.0,0,Tuesday,NaN,USE,1,1,2,0,262,51.64,342,341.36508,28.86397,31.640333,1438,463914,38.59,193.39,2876,171.19,167.9,0,0,90,120,-6,400,0.5,6.5,1.6,0
3,NaN,16.0,17.0,0,Tuesday,NaN,USE,1,1,4,0,302,41.84,290,298.84708,37.425877,12.009752,1360,437090,29.27,209.5,2704,241.93,97.51,0,1,90,120,-6,400,0.5,6.5,1.6,0
3,NaN,17.0,18.0,1,Tuesday,NaN,USE,1,1,2,0,296,50.73,332,369.0854,26.814886,26.707884,1406,571050,42.64,232.8,2973,262.49,167.81,0,0,90,120,-6,400,0.5,6.5,1.6,0
3,NaN,15.0,17.0,1,Sunday,NaN,USE,2,2,3,0,494,53.58,314,324.80756,27.32456,26.102385,1444,459121,41.05,183.21,3165,204.46,129.51,0,0,90,120,-6,400,0.5,6.5,1.6,0
3,NaN,15.0,17.0,0,Friday,NaN,USE,0,1,3,0,246,48.34,307,309.9617,35.657825,23.482365,1278,389822,19.07,197.07,2805,190.69,131.06,2,0,90,120,-6,400,0.5,6.5,1.6,0
3,NaN,NaN,18.0,1,Tuesday,NaN,USE,0,0,3,0,150,47.93,320,350.26462,35.87269,23.649055,1522,452662,40.11,145.19,2538,212.27,97.31,1,2,95,120,-6,400,0.5,2.5,1.5,0
3,16.0,14.0,17.0,0,Monday,NaN,NaN,0,2,0,0,173,72.55,33,109.63943,0.0,81.09559,1110,338995,1.79,284.35,3372,311.33,46.4,0,3,90,120,-6,400,0.5,6.5,1.6,0
3,18.0,15.0,18.0,1,Monday,NaN,NaN,1,1,4,1,354,48.22,287,279.8501,32.91853,23.813278,1334,435236,28.34,224.74,3281,239.51,114.06,0,0,90,120,-6,400,0.5,6.5,1.6,0
3,NaN,15.0,18.0,0,Saturday,NaN,USE,0,1,2,0,160,55.62,259,317.40552,21.663387,42.715862,1363,447561,29.66,231.07,2953,259.23,91.45,1,1,95,120,-6,400,0.5,6.5,1.6,0
3,NaN,15.0,18.0,0,Saturday,NaN,USE,0,0,1,0,106,57.5,290,321.56937,20.324644,29.498985,1444,462613,34.23,183.33,2789,206.39,129.27,0,1,95,120,-6,400,0.5,6.5,1.6,0
3,NaN,14.0,18.0,1,Saturday,NaN,USE,1,0,2,0,242,48.56,356,387.44656,34.154007,30.765627,1517,513206,45.07,182.48,3086,189.75,179.3,0,0,95,120,-6,400,0.5,6.5,1.6,0
3,18.0,14.0,18.0,0,Monday,NaN,NaN,1,1,2,0,256,54.13,398,413.5238,25.018044,29.289415,1491,439546,46.65,156.34,2765,194.05,116.98,1,2,90,120,-6,400,0.5,6.5,1.6,0
3,NaN,NaN,18.0,0,Sunday,NaN,USE,1,0,2,0,294,50.52,320,326.0376,24.443167,29.285736,1350,437430,30.21,207.73,2877,199.34,139.43,1,1,95,120,-6,400,0.5,6.5,1.6,0
3,NaN,16.0,18.0,0,Monday,NaN,USW,2,4,2,0,598,51.27,337,347.82867,38.100975,28.306265,1479,483541,60.97,179.78,2931,255.81,94.03,0,1,95,120,-6,400,0.5,6.5,1.6,0
3,NaN,15.0,17.0,0,Friday,NaN,NaN,1,4,2,1,473,47.49,349,388.00162,37.26018,30.059637,1438,407779,31.55,175.91,2803,213.85,93.47,0,1,95,120,-6,400,0.5,6.5,1.6,0
3,16.0,15.0,17.0,0,Friday,NaN,NaN,1,4,2,1,473,47.49,349,387.9222,37.282944,30.01362,1434,407703,31.52,176.06,2807,214.18,93.38,0,1,95,120,-6,400,0.5,6.5,1.6,0
3,NaN,15.0,17.0,0,Tuesday,NaN,USE,1,2,2,0,365,51.54,429,443.98093,33.762463,30.377829,1580,461415,56.64,141.46,2870,187.94,130.05,0,1,95,120,-6,400,0.5,6.5,1.6,0
3,NaN,16.0,18.0,0,Tuesday,NaN,USW,0,1,0,0,155,52.11,205,256.61276,18.42045,35.677113,1383,453416,29.93,227.5,3334,268.88,95.94,0,0,95,120,-6,400,0.5,6.5,1.6,0
3,NaN,16.0,18.0,1,Sunday,NaN,USE,1,1,3,1,372,51.94,298,343.81604,22.295832,31.95317,1446,477277,41.83,203.91,3435,206.36,147.41,0,0,95,120,-6,400,0.5,6.5,1.6,0
3,NaN,16.0,19.0,0,Tuesday,NaN,USW,1,1,4,1,405,53.5,282,322.15964,33.31615,23.564684,1468,519145,32.33,196.37,2923,272.47,112.27,0,2,95,120,-6,400,0.5,6.5,1.6,0
3,NaN,16.0,17.0,1,Friday,NaN,USE,0,1,1,0,132,43.01,288,294.95624,34.245552,18.677332,1429,440482,22.33,166.44,3076,213.66,101.9,0,1,95,120,-6,400,0.5,6.5,1.6,0
3,NaN,16.0,19.0,0,Monday,NaN,USE,0,2,0,1,276,44.15,293,309.40778,33.897957,26.570574,1472,481898,42.91,187.6,3053,225.36,123.65,0,1,95,120,-6,400,0.5,6.5,1.6,0
3,NaN,11.0,13.0,1,Monday,NaN,USE,1,1,4,0,230,52.6,344,378.04733,27.732185,33.310116,1490,488261,49.52,175.33,3183,221.64,127.71,0,1,95,120,-6,400,0.5,6.5,1.6,0
3,16.0,15.0,17.0,1,Tuesday,NaN,NaN,0,0,2,0,132,48.5,326,327.38968,34.124264,25.11269,1487,407876,31.62,145.99,2912,182.73,111.68,0,0,95,120,-6,400,0.5,2.5,1.5,0
3,NaN,15.0,17.0,0,Wednesday,NaN,NaN,0,0,1,0,92,52.2,341,357.28204,29.862642,30.403654,1430,434962,41.93,168.51,3072,222.37,90.3,1,2,95,120,-6,400,0.5,2.5,1.5,0
3,NaN,NaN,17.0,1,Sunday,NaN,USE,0,1,2,1,240,48.24,363,371.956,33.02699,16.13129,1282,421248,22.69,213.47,3013,231.13,113.18,0,0,95,120,-6,400,0.5,2.5,1.5,0
3,NaN,NaN,18.0,0,Saturday,NaN,USE,0,0,1,0,80,50.56,394,411.95926,42.33123,28.335966,1523,457288,48.56,136.8,3241,184.04,127.04,1,0,95,120,-6,400,0.5,2.5,1.5,0
3,NaN,NaN,17.0,1,Tuesday,NaN,NaN,2,1,4,1,462,56.24,400,402.05887,22.851297,39.287342,1481,451483,42.7,159.57,2776,207.1,115.04,0,1,95,120,-6,400,0.5,2.5,1.5,0
3,16.0,16.0,17.0,0,Sunday,NaN,NaN,1,0,2,0,176,51.76,279,304.87137,34.146973,28.145418,1348,449839,16.92,224.18,2648,241.28,114.88,1,1,95,120,-6,400,0.5,2.5,1.5,0
3,NaN,15.0,17.0,1,Monday,NaN,USE,1,3,2,0,371,52.31,408,417.884,28.710892,28.316917,1468,495459,42.69,178.05,2805,260.7,95.71,2,0,95,120,-6,400,0.5,2.5,1.5,0
3,NaN,15.0,17.0,1,Monday,NaN,USE,1,1,5,0,346,48.12,355,333.3013,37.19056,23.80157,1423,429671,22.91,164.68,2565,188.22,126.76,0,1,95,120,-6,400,0.5,2.5,1.5,0
3,NaN,15.0,17.0,1,Monday,NaN,USE,0,0,5,0,154,53.05,377,397.72818,33.516716,34.270527,1447,530882,50.82,197.52,2999,257.61,129.64,1,0,95,120,-6,400,0.5,2.5,1.5,0
3,NaN,14.0,17.0,1,Friday,NaN,USE,1,1,2,0,248,45.16,316,317.58746,38.282097,26.058447,1434,429621,34.53,170.91,2583,213.79,94.12,1,0,95,120,-6,400,0.5,2.5,1.5,0
3,NaN,14.0,17.0,0,Friday,NaN,NaN,0,2,2,0,200,51.65,320,322.17548,34.629337,38.29215,1409,441499,33.57,184.35,2713,214.52,111.05,0,1,95,120,-6,400,0.5,2.5,1.5,0
3,NaN,NaN,14.0,1,Wednesday,NaN,NaN,1,0,0,1,266,54.03,373,422.85953,31.76323,25.269209,1527,213161,23.27,73.68,3050,93.31,61.85,0,0,95,120,-6,400,0.5,2.5,1.5,0
3,NaN,16.0,18.0,1,Thursday,NaN,USE,2,2,2,0,360,47.5,288,319.88318,33.426178,36.601387,1337,437712,33.72,212.52,3111,245.34,104.55,0,1,95,120,-6,400,0.5,2.5,1.5,0
3,NaN,16.0,18.0,1,Thursday,NaN,USE,2,2,2,0,360,47.82,288,319.76883,33.409565,36.59073,1334,437697,33.7,212.85,3099,245.18,104.78,0,1,95,120,-6,400,0.5,2.5,1.5,0
